Hours_Studied,Attendance,Parental_Involvement,Access_to_Resources,Extracurricular_Activities,Sleep_Hours,Previous_Scores,Motivation_Level,Internet_Access,Tutoring_Sessions,Family_Income,Teacher_Quality,School_Type,Peer_Influence,Physical_Activity,Learning_Disabilities,Parental_Education_Level,Distance_from_Home,Gender
23,84,Low,High,No,7,73,Low,Yes,0,Low,Medium,Public,Positive,3,No,High School,Near,Male
19,64,Low,Medium,No,8,59,Low,Yes,2,Medium,Medium,Public,Negative,4,No,College,Moderate,Female
24,98,Medium,Medium,Yes,7,91,Medium,Yes,2,Medium,Medium,Public,Neutral,4,No,Postgraduate,Near,Male
29,89,Low,Medium,Yes,8,98,Medium,Yes,1,Medium,Medium,Public,Negative,4,No,High School,Moderate,Male
19,92,Medium,Medium,Yes,6,65,Medium,Yes,3,Medium,High,Public,Neutral,4,No,College,Near,Female
19,88,Medium,Medium,Yes,8,89,Medium,Yes,3,Medium,Medium,Public,Positive,3,No,Postgraduate,Near,Male
29,84,Medium,Low,Yes,7,68,Low,Yes,1,Low,Medium,Private,Neutral,2,No,High School,Moderate,Male
25,78,Low,High,Yes,6,50,Medium,Yes,1,High,High,Public,Negative,2,No,High School,Far,Male
17,94,Medium,High,No,6,80,High,Yes,0,Medium,Low,Private,Neutral,1,No,College,Near,Male
23,98,Medium,Medium,Yes,8,71,Medium,Yes,0,High,High,Public,Positive,5,No,High School,Moderate,Male
17,80,Low,High,No,8,88,Medium,No,4,Medium,High,Private,Neutral,4,No,College,Moderate,Male
17,97,Medium,High,Yes,6,87,Low,Yes,2,Low,High,Private,Neutral,2,No,High School,Near,Male
21,83,Medium,Medium,Yes,8,97,Low,Yes,2,Medium,Medium,Public,Positive,4,No,High School,Near,Male
9,82,Medium,Medium,Yes,8,72,Medium,Yes,2,Medium,Medium,Private,Positive,3,No,Postgraduate,Near,Male
10,78,Medium,High,Yes,8,74,Medium,Yes,1,Low,Medium,Private,Neutral,4,No,Postgraduate,Near,Male
17,68,Medium,Medium,No,8,70,Medium,Yes,2,Medium,Medium,Private,Positive,4,No,High School,Near,Female
14,60,Medium,Low,Yes,10,65,Low,Yes,0,High,Medium,Private,Positive,3,No,College,Near,Male
22,70,Low,Medium,Yes,6,82,Medium,Yes,1,Low,High,Public,Neutral,3,No,High School,Near,Female
15,80,Medium,Medium,Yes,9,91,Low,Yes,3,Low,Medium,Public,Positive,2,No,College,Moderate,Female
12,75,Medium,High,Yes,7,58,Medium,Yes,3,Medium,Medium,Private,Positive,4,No,College,Near,Male
29,78,Medium,Medium,No,5,99,High,Yes,0,High,Medium,Public,Negative,1,No,High School,Moderate,Female
19,99,Medium,High,No,6,84,Medium,Yes,1,Medium,High,Public,Neutral,3,No,High School,Near,Male
20,74,Medium,High,No,8,89,Low,Yes,1,Medium,Medium,Public,Negative,2,No,College,Moderate,Female
11,78,High,Medium,Yes,8,100,High,Yes,1,Low,Medium,Public,Neutral,3,No,High School,Moderate,Male
17,65,Low,High,Yes,5,75,Medium,Yes,2,Low,Medium,Public,Positive,3,No,High School,Near,Female
21,62,High,Low,Yes,6,54,High,Yes,0,High,High,Public,Positive,3,No,Postgraduate,Far,Male
13,91,Low,Medium,No,6,90,Medium,Yes,1,High,Medium,Public,Negative,2,Yes,High School,Moderate,Female
22,83,High,High,Yes,6,94,Medium,Yes,0,High,Medium,Public,Neutral,2,No,College,Moderate,Male
16,90,Medium,Medium,No,4,58,Medium,Yes,1,Low,Medium,Public,Neutral,3,No,High School,Moderate,Female
18,66,High,High,No,4,51,Low,Yes,2,Low,Medium,Private,Neutral,2,No,College,Near,Male
16,83,Low,Medium,No,6,57,Medium,Yes,0,High,Low,Public,Positive,4,Yes,High School,Near,Female
31,70,Medium,High,Yes,7,66,Medium,Yes,1,High,Medium,Public,Negative,3,No,College,Near,Male
20,69,Medium,Medium,Yes,8,96,Medium,Yes,2,Medium,High,Public,Positive,3,No,High School,Near,Male
14,60,High,Medium,No,5,50,Medium,Yes,2,Medium,Medium,Public,Neutral,3,No,College,,Female
25,65,High,Medium,No,5,90,Medium,Yes,2,Medium,Medium,Public,Positive,3,No,College,Moderate,Female
13,72,Low,Medium,No,6,93,Low,Yes,1,Low,Medium,Public,Negative,3,No,High School,Near,Male
21,65,Medium,Low,Yes,7,91,Low,Yes,2,Medium,High,Public,Positive,3,No,High School,Far,Female
8,99,Medium,Medium,No,9,54,Low,Yes,2,Low,Medium,Public,Neutral,5,No,Postgraduate,Near,Female
12,72,Low,Medium,Yes,8,84,Medium,Yes,1,Low,Medium,Public,Positive,5,No,High School,Near,Female
21,65,Low,Medium,Yes,6,98,Low,Yes,1,Medium,High,Public,Negative,4,No,High School,Near,Male
24,68,High,Medium,No,8,56,Low,Yes,3,High,High,Public,Neutral,1,No,College,Near,Male
21,84,Medium,Medium,Yes,6,52,Low,Yes,1,Medium,High,Public,Neutral,2,Yes,College,Far,Female
19,63,Low,High,No,7,94,Medium,Yes,1,Medium,Medium,Private,Positive,3,No,High School,Moderate,Male
18,94,Medium,High,Yes,7,82,Medium,Yes,3,Medium,Medium,Private,Negative,2,Yes,College,Near,Male
11,98,Medium,Medium,Yes,9,82,Low,Yes,1,Medium,Medium,Private,Positive,3,No,Postgraduate,Far,Male
16,70,Medium,Medium,Yes,8,98,Medium,Yes,2,Medium,Medium,Public,Positive,3,No,High School,Moderate,Male
17,78,Medium,Medium,Yes,6,88,Medium,Yes,1,Medium,High,Private,Positive,3,No,College,Near,Female
26,61,Medium,Low,Yes,6,70,Medium,Yes,2,Low,Medium,Public,Positive,3,No,High School,Moderate,Female
22,86,Low,Medium,Yes,7,72,Low,Yes,3,Low,High,Public,Positive,2,No,High School,Moderate,Male
9,77,Medium,Medium,No,5,57,Medium,Yes,2,Medium,High,Public,Neutral,3,No,High School,Near,Male
22,71,Low,Medium,Yes,7,65,Low,Yes,1,Medium,Low,Public,Positive,4,No,College,Moderate,Male
18,68,High,Medium,No,7,72,Medium,Yes,0,Medium,Medium,Public,Neutral,3,No,College,Near,Male
16,86,Low,Medium,Yes,8,63,Medium,Yes,2,Medium,Medium,Public,Positive,4,No,High School,Near,Male
24,77,High,Low,No,8,96,Medium,Yes,0,Medium,Medium,Public,Neutral,3,No,High School,Near,Female
26,67,Medium,High,Yes,7,51,Low,Yes,2,High,High,Private,Neutral,4,Yes,Postgraduate,Far,Female
26,88,Medium,High,Yes,5,79,Medium,Yes,1,Low,High,Private,Positive,4,No,College,Moderate,Male
15,83,Medium,High,No,5,89,Low,No,1,Medium,High,Public,Neutral,2,Yes,High School,Near,Female
18,94,Medium,Medium,Yes,6,87,High,Yes,1,Medium,Medium,Public,Positive,4,No,High School,Near,Male
22,65,High,Low,No,8,82,Medium,Yes,2,Medium,High,Public,Positive,1,No,Postgraduate,Near,Female
26,91,Medium,Low,Yes,8,71,Medium,Yes,0,Low,Medium,Private,Neutral,3,No,High School,Moderate,Male
17,87,Medium,Medium,No,7,96,Medium,Yes,1,High,Medium,Public,Negative,5,No,Postgraduate,Near,Female
19,65,Medium,Medium,Yes,10,66,Low,Yes,0,Low,Medium,Public,Positive,3,No,High School,Moderate,Male
13,88,Low,High,Yes,9,88,High,Yes,2,Low,High,Private,Negative,4,No,Postgraduate,Far,Male
13,78,Medium,High,Yes,9,96,High,Yes,2,Low,Medium,Public,Neutral,3,No,College,Moderate,Male
25,98,Low,High,Yes,8,56,Medium,No,0,Medium,High,Private,Neutral,3,No,Postgraduate,Near,Male
28,66,Medium,High,Yes,8,97,Medium,Yes,0,Medium,Medium,Public,Neutral,2,No,High School,Near,Male
20,86,Medium,Medium,Yes,8,89,Medium,Yes,1,Low,Medium,Public,Negative,3,No,Postgraduate,Near,Male
26,75,Low,High,Yes,4,81,High,Yes,3,Medium,High,Private,Positive,2,No,High School,Moderate,Male
22,98,Medium,High,No,5,69,Low,No,1,Low,High,Public,Negative,4,No,High School,Moderate,Female
16,73,Medium,Medium,No,7,95,Medium,Yes,1,Low,Medium,Public,Negative,4,No,College,Near,Male
22,98,Medium,Low,Yes,7,52,Medium,No,3,Medium,Medium,Public,Positive,3,No,College,Near,Female
29,96,Medium,Low,Yes,7,72,Medium,Yes,1,Low,Medium,Public,Positive,3,No,High School,Moderate,Male
20,71,Medium,Medium,Yes,7,88,Medium,Yes,1,Low,Low,Public,Neutral,4,No,College,Near,Female
29,92,Low,Medium,No,4,91,Medium,Yes,2,Medium,Medium,Public,Negative,1,No,Postgraduate,Near,Female
4,100,High,High,Yes,8,60,High,Yes,0,Medium,High,Private,Positive,4,No,College,Moderate,Male
25,70,Medium,Medium,No,7,52,Medium,Yes,1,Medium,Medium,Public,Positive,3,No,Postgraduate,Near,Female
21,77,Low,Medium,Yes,7,90,Medium,Yes,4,Medium,Medium,Private,Neutral,3,No,Postgraduate,Moderate,Male
18,81,High,Low,Yes,8,71,Medium,Yes,0,Medium,Medium,Public,Neutral,3,No,High School,Moderate,Female
21,72,Medium,Medium,Yes,5,57,Medium,Yes,1,High,Medium,Public,Neutral,5,Yes,College,Moderate,Male
8,61,Medium,Medium,Yes,7,54,Medium,Yes,1,High,Medium,Public,Positive,3,No,College,Near,Male
19,69,Medium,High,Yes,7,82,High,Yes,1,Low,Medium,Public,Negative,2,No,High School,Near,Male
22,71,High,Medium,No,6,79,High,Yes,1,Low,Low,Public,Positive,3,No,High School,Near,Male
29,78,High,High,Yes,4,93,Low,Yes,5,Medium,High,Public,Neutral,3,No,College,Near,Male
17,67,Medium,Medium,Yes,5,52,High,Yes,2,Medium,Medium,Private,Negative,3,No,High School,Far,Female
15,95,Medium,Medium,No,7,93,Medium,Yes,2,Low,Medium,Public,Positive,4,No,College,Moderate,Male
17,88,Medium,High,Yes,7,94,Low,Yes,0,Medium,Medium,Public,Neutral,3,No,High School,Near,Male
25,63,Medium,High,Yes,7,72,Medium,Yes,3,Medium,High,Private,Negative,4,No,College,Far,Male
22,86,Low,Low,No,6,54,Medium,Yes,2,Medium,Medium,Public,Neutral,0,No,High School,Moderate,Male
17,86,Medium,High,No,5,97,High,Yes,3,High,Medium,Public,Neutral,3,No,College,Near,Male
23,98,Medium,Low,Yes,7,54,Low,Yes,0,Medium,Medium,Public,Negative,3,No,College,Near,Female
21,60,High,Medium,No,7,80,Medium,Yes,0,Medium,High,Public,Neutral,4,Yes,College,Near,Male
26,70,Medium,Low,Yes,8,75,Medium,Yes,1,Medium,Low,Private,Neutral,4,Yes,High School,Far,Female
16,97,Medium,Medium,Yes,6,92,Low,Yes,0,High,Medium,Private,Positive,4,No,College,Near,Male
18,97,High,Medium,Yes,4,75,Low,Yes,0,Low,Medium,Public,Positive,3,No,High School,Moderate,Male
18,89,High,Medium,Yes,4,73,Medium,Yes,3,High,Medium,Private,Positive,2,No,College,Near,Female
11,91,Medium,Medium,No,6,94,Medium,Yes,3,Medium,Medium,Public,Neutral,3,No,College,Moderate,Male
22,64,Low,Medium,No,7,98,Low,No,1,Medium,Medium,Public,Negative,3,No,High School,Near,Male
22,81,Medium,Medium,Yes,7,77,Low,Yes,2,Medium,Medium,Public,Positive,3,No,Postgraduate,Far,Female
20,69,High,High,Yes,6,73,Medium,Yes,2,Low,Medium,Private,Positive,3,No,High School,Far,Male
19,67,Low,Medium,No,5,92,High,Yes,0,Medium,Medium,Public,Positive,3,No,College,Near,Male
12,92,Medium,Medium,No,4,92,High,Yes,2,Medium,High,Public,Neutral,3,Yes,High School,Moderate,Male
17,65,Medium,High,Yes,8,66,Medium,Yes,1,High,High,Public,Neutral,4,Yes,Postgraduate,Moderate,Female
18,79,Medium,Medium,Yes,7,79,Medium,Yes,0,Low,High,Private,Neutral,3,No,College,Far,Male
15,98,High,Medium,No,6,58,High,Yes,0,Low,High,Public,Positive,3,No,College,Near,Male
19,67,Medium,Medium,No,5,82,High,Yes,1,Low,Low,Private,Negative,3,No,High School,Near,Male
22,99,Medium,Low,Yes,6,92,Low,Yes,3,Medium,Medium,Public,Negative,4,No,Postgraduate,Moderate,Male
31,100,Medium,Medium,No,7,59,Medium,Yes,2,High,High,Public,Positive,5,No,Postgraduate,Moderate,Male
21,82,Medium,High,Yes,7,66,High,Yes,3,Low,Medium,Public,Positive,3,Yes,College,Near,Female
22,67,Medium,Medium,Yes,7,72,High,Yes,3,Low,High,Public,Positive,2,No,Postgraduate,Moderate,Female
20,73,High,Medium,Yes,9,92,Medium,Yes,2,Medium,High,Public,Positive,3,No,College,Near,Male
8,77,High,Medium,Yes,6,87,Medium,Yes,0,Low,Medium,Public,Neutral,2,No,High School,Moderate,Male
20,72,Medium,Medium,No,9,66,Medium,Yes,3,Low,High,Private,Positive,3,No,Postgraduate,Near,Male
20,71,Low,High,Yes,7,62,High,Yes,2,Medium,Medium,Public,Negative,5,No,College,Near,Male
35,99,High,High,Yes,7,85,Low,Yes,2,Medium,High,Private,Neutral,2,No,Postgraduate,Near,Female
19,66,Medium,Medium,No,8,74,Medium,Yes,1,High,Medium,Public,Neutral,3,No,High School,Near,Female
22,89,High,High,Yes,6,80,Medium,Yes,1,High,High,Public,Positive,3,No,High School,Near,Female
20,60,Low,High,No,7,82,High,Yes,2,Low,High,Public,Positive,4,Yes,High School,Near,Male
13,84,Medium,Medium,No,5,78,Medium,Yes,1,Low,High,Public,Positive,2,No,High School,Near,Male
27,97,Low,High,Yes,8,81,Medium,Yes,0,High,Medium,Public,Positive,5,No,High School,Near,Female
25,72,High,High,Yes,8,94,Low,Yes,2,Low,Medium,Private,Positive,4,No,College,Moderate,Female
25,67,High,Medium,No,9,93,High,Yes,2,Low,High,Public,Positive,3,Yes,High School,Near,Female
15,86,Medium,Medium,Yes,7,57,Medium,Yes,1,Medium,Medium,Public,Negative,3,No,College,Near,Male
28,89,Low,High,Yes,9,79,High,Yes,0,Low,Medium,Private,Positive,1,No,College,Moderate,Female
12,88,Low,Medium,No,6,72,Low,Yes,2,Medium,Medium,Public,Positive,2,No,College,Far,Male
24,73,Medium,High,Yes,8,64,Medium,Yes,4,High,Medium,Private,Neutral,3,Yes,College,Moderate,Male
33,70,Medium,Medium,Yes,6,82,Low,Yes,1,Low,High,Public,Neutral,4,No,College,Near,Male
14,98,Medium,Medium,No,7,76,Medium,Yes,0,Medium,High,Private,Positive,4,No,College,Moderate,Female
17,97,Medium,Medium,No,8,89,Medium,Yes,1,Low,,Public,Neutral,4,No,High School,Far,Male
21,78,Medium,Medium,Yes,10,55,Medium,Yes,1,High,Low,Private,Positive,2,No,College,Near,Male
17,94,Low,Medium,Yes,8,65,Low,Yes,4,Medium,Medium,Public,Neutral,6,No,High School,Far,Female
11,78,Medium,High,Yes,8,51,Medium,Yes,2,Low,Medium,Public,Neutral,3,No,Postgraduate,Near,Male
20,77,Medium,Medium,No,6,87,Low,Yes,0,Low,High,Public,Positive,4,No,High School,Near,Female
14,66,High,Low,No,7,96,Medium,Yes,3,Low,High,Public,Negative,3,No,High School,Near,Male
23,77,Medium,Medium,Yes,7,79,Medium,Yes,0,Low,High,Public,Neutral,2,No,High School,Moderate,Male
14,81,Medium,Medium,No,9,81,Medium,Yes,1,Low,High,Private,Negative,3,No,Postgraduate,Near,Female
29,61,Medium,High,Yes,7,52,Low,Yes,3,Low,Medium,Private,Positive,3,No,College,Near,Female
15,78,High,High,No,9,75,Low,Yes,1,Low,Medium,Public,Negative,1,No,High School,Near,Male
18,91,Low,Medium,Yes,5,76,Medium,Yes,1,Medium,Medium,Public,Neutral,3,No,High School,Near,Female
25,87,Medium,Low,No,9,52,High,Yes,1,Low,High,Private,Positive,2,No,High School,Near,Male
13,85,High,Medium,No,6,89,Medium,Yes,0,High,Medium,Private,Neutral,1,Yes,High School,Near,Male
21,96,Medium,Medium,No,8,64,High,Yes,2,Medium,High,Public,Neutral,0,No,College,Near,Male
28,61,Medium,High,No,6,86,High,Yes,1,Low,Medium,Private,Negative,3,Yes,Postgraduate,Far,Male
10,82,Medium,Low,No,8,70,Medium,Yes,3,Low,High,Public,Positive,1,Yes,Postgraduate,Near,Female
21,91,High,Medium,No,6,100,Medium,Yes,0,High,Medium,Private,Neutral,2,No,Postgraduate,Near,Female
22,82,Medium,Medium,No,9,61,Medium,Yes,2,Low,Medium,Public,Negative,2,Yes,High School,Near,Female
25,73,Medium,High,No,8,53,High,No,0,Low,High,Private,Negative,5,No,Postgraduate,Near,Female
13,65,Low,High,No,6,99,Medium,Yes,0,Low,Medium,Private,Negative,4,No,High School,Near,Male
12,96,Low,High,Yes,8,62,Medium,Yes,2,Medium,High,Public,Negative,3,No,College,Near,Female
23,79,High,High,Yes,8,82,Low,Yes,3,Medium,Medium,Public,Negative,3,Yes,Postgraduate,Moderate,Female
22,95,Medium,High,Yes,6,69,Medium,Yes,1,Low,Medium,Public,Positive,3,No,College,Near,Female
22,83,Medium,High,Yes,5,82,Medium,Yes,2,Low,High,Public,Positive,3,No,Postgraduate,Near,Female
22,87,High,High,No,5,80,Low,Yes,2,Low,High,Public,Negative,3,No,High School,Near,Female
16,92,Medium,High,Yes,5,85,Low,Yes,1,Low,Medium,Public,Neutral,2,No,High School,Moderate,Male
21,86,Low,Medium,Yes,5,51,Medium,Yes,2,Low,High,Public,Positive,2,No,High School,Moderate,Female
22,76,Medium,Medium,Yes,8,92,Medium,Yes,1,Low,High,Public,Neutral,4,No,High School,Near,Female
16,81,Medium,Medium,Yes,8,74,Medium,Yes,3,Medium,Medium,Public,Positive,2,No,Postgraduate,Near,Female
31,92,Medium,Medium,Yes,4,76,Medium,Yes,2,Medium,High,Public,Positive,4,Yes,High School,Far,Male
23,75,Low,High,No,6,71,Low,Yes,0,Medium,Medium,Public,Neutral,2,No,College,Near,Male
13,76,Medium,High,No,5,99,Low,Yes,2,Medium,Medium,Private,Positive,4,No,High School,Near,Female
24,64,Medium,Medium,Yes,8,90,High,Yes,0,Low,High,Public,Negative,3,No,High School,Near,Male
14,97,Medium,Medium,Yes,6,66,Medium,Yes,2,Medium,Medium,Public,Negative,3,Yes,College,Near,Female
25,64,Medium,High,No,5,89,Low,Yes,2,Medium,Medium,Public,Neutral,4,No,College,Far,Male
27,86,Medium,Medium,No,7,72,Low,Yes,1,Medium,High,Public,Positive,4,No,High School,Far,Male
15,77,Medium,Medium,Yes,8,94,Low,Yes,0,High,High,Public,Positive,3,No,College,Moderate,Male
26,76,Medium,High,Yes,6,52,Medium,Yes,4,High,Low,Public,Neutral,3,No,High School,Near,Male
22,87,High,Low,Yes,7,68,Medium,No,0,Low,Medium,Public,Neutral,2,No,High School,Near,Male
25,63,High,Medium,Yes,6,71,Medium,Yes,1,Medium,Low,Private,Positive,3,No,High School,Near,Male
31,84,Medium,Medium,Yes,9,87,Medium,Yes,2,Low,Medium,Private,Neutral,3,No,College,Far,Male
19,91,High,Low,No,6,59,Medium,Yes,5,Medium,High,Public,Neutral,4,No,College,Moderate,Male
15,93,High,Medium,No,6,64,Medium,Yes,2,Medium,High,Public,Positive,4,No,Postgraduate,Near,Male
15,67,Medium,Medium,Yes,7,86,High,Yes,1,High,Medium,Private,Positive,3,No,Postgraduate,Near,Male
15,96,Medium,Medium,No,7,54,High,No,3,Medium,High,Public,Negative,2,No,High School,Near,Male
20,86,High,Low,No,8,60,Medium,Yes,1,Medium,Medium,Public,Neutral,4,Yes,College,Far,Female
22,95,Medium,High,No,9,88,Low,Yes,0,Low,High,Public,Positive,2,No,Postgraduate,Near,Male
22,79,Medium,Medium,No,9,94,Medium,Yes,1,Medium,Medium,Public,Positive,3,No,High School,Near,Male
25,82,Medium,Medium,No,6,86,Medium,No,3,Low,High,Public,Positive,3,No,High School,Near,Female
20,97,Medium,Medium,Yes,7,76,Low,Yes,2,Low,Low,Private,Positive,3,No,Postgraduate,Near,Male
29,96,Medium,Medium,Yes,9,55,Low,No,0,Medium,Medium,Public,Neutral,2,No,Postgraduate,Far,Female
18,78,Medium,Medium,No,9,91,High,Yes,2,High,Low,Public,Neutral,4,No,College,Far,Female
36,71,Medium,Medium,Yes,6,56,Medium,Yes,2,High,Medium,Public,Positive,2,No,High School,Far,Male
24,76,Low,High,No,8,69,Low,Yes,2,Medium,Medium,Public,Neutral,1,No,High School,Moderate,Male
15,76,High,High,No,8,53,Medium,Yes,1,Low,Medium,Public,Neutral,4,No,College,Near,Male
14,71,Medium,Medium,Yes,8,85,Low,Yes,2,Medium,High,Public,Neutral,4,No,High School,Near,Male
23,71,Low,Low,Yes,9,75,Low,Yes,1,Low,Medium,Public,Negative,2,No,College,Near,Male
19,94,Low,Medium,Yes,5,95,Medium,Yes,3,Low,Low,Public,Positive,2,No,High School,Moderate,Male
24,63,Medium,Low,Yes,6,57,Medium,Yes,1,Low,High,Private,Neutral,5,No,College,Near,Female
23,87,High,High,Yes,8,91,High,Yes,0,High,Medium,Private,Positive,3,No,High School,Moderate,Male
20,67,Low,Medium,Yes,7,76,Medium,Yes,0,Medium,Medium,Public,Neutral,4,No,High School,Near,Male
15,74,Low,High,Yes,4,68,Low,Yes,3,Low,Medium,Public,Positive,3,No,High School,Near,Female
11,62,Medium,High,Yes,5,82,Medium,Yes,3,High,Medium,Private,Neutral,4,No,College,Moderate,Male
17,71,Medium,Medium,Yes,8,90,Medium,Yes,5,Medium,Medium,Public,Positive,1,No,Postgraduate,Far,Male
25,91,Medium,Medium,No,8,72,Low,Yes,2,Medium,High,Public,Positive,0,No,Postgraduate,Near,Male
21,95,Medium,Medium,No,5,62,High,Yes,1,Medium,Low,Public,Positive,4,No,High School,Near,Male
13,69,Medium,Low,Yes,9,96,Low,Yes,0,High,Medium,Private,Neutral,4,No,High School,Far,Female
21,79,Medium,High,Yes,7,66,Low,Yes,2,Low,Medium,Public,Negative,4,No,College,Moderate,Male
22,79,High,Medium,No,5,100,Medium,Yes,4,High,High,Public,Negative,3,No,College,Near,Male
15,95,Low,Low,Yes,6,88,Low,Yes,1,Low,Medium,Public,Negative,5,No,High School,Near,Male
21,91,Medium,High,Yes,5,84,Medium,Yes,1,High,Low,Public,Neutral,2,No,High School,Near,Male
20,81,High,Medium,Yes,6,51,High,No,3,Medium,Medium,Public,Neutral,4,Yes,High School,Near,Male
13,87,High,Low,Yes,4,72,Medium,Yes,2,Medium,High,Public,Neutral,3,No,High School,Moderate,Female
22,94,Low,Medium,Yes,7,75,High,Yes,2,High,Medium,Public,Neutral,2,No,College,Near,Female
23,60,High,Medium,Yes,8,69,Medium,Yes,1,Low,Medium,Private,Positive,4,No,College,Near,Male
26,76,Medium,Medium,Yes,5,57,Medium,Yes,1,Medium,Medium,Public,Positive,4,No,High School,Near,Male
26,96,Medium,Medium,Yes,7,68,Medium,Yes,3,High,Medium,Private,Positive,3,No,College,Near,Female
12,90,Medium,Low,Yes,6,54,Medium,No,1,High,Medium,Public,Neutral,3,No,High School,Near,Male
14,82,Medium,Medium,No,8,65,Medium,Yes,1,Low,Medium,Private,Positive,3,No,College,Near,Male
23,81,Low,Medium,Yes,4,54,Medium,Yes,1,Low,Medium,Public,Neutral,3,No,College,Near,Male
23,74,Medium,High,Yes,8,88,Low,Yes,0,Medium,High,Public,Negative,3,Yes,High School,Near,Male
23,81,Medium,Low,No,4,84,Medium,Yes,2,Medium,Medium,Public,Positive,5,No,High School,Near,Male
43,86,High,Medium,Yes,7,97,Medium,Yes,2,Medium,High,Public,Positive,1,No,High School,Near,Female
23,77,Medium,High,Yes,6,69,Low,Yes,1,Medium,Medium,Private,Positive,2,No,High School,Moderate,Female
27,89,Medium,High,Yes,6,89,Medium,Yes,3,Medium,Medium,Private,Positive,3,No,High School,Near,Male
26,94,Medium,High,No,5,79,High,Yes,1,Low,High,Public,Positive,2,No,Postgraduate,Near,Male
24,66,Medium,Low,No,9,82,Low,Yes,1,Medium,Medium,Public,Neutral,2,Yes,High School,Near,Female
18,78,High,Medium,Yes,5,77,Medium,No,2,Medium,Medium,Public,Neutral,4,No,High School,Far,Male
25,76,Medium,Medium,Yes,5,89,High,Yes,3,Medium,High,Public,Neutral,3,No,High School,Far,Female
15,87,Medium,High,Yes,10,52,Medium,Yes,2,Low,High,Private,Positive,3,No,College,Near,Male
19,70,Medium,Low,No,7,54,High,Yes,0,Medium,Medium,Public,Positive,2,Yes,High School,Moderate,Male
17,86,High,Low,No,5,55,Low,No,2,High,Medium,Private,Neutral,4,No,College,Near,Male
20,95,Low,Medium,Yes,7,64,Low,No,2,Medium,High,Public,Neutral,3,No,High School,Near,Female
34,77,Medium,Low,Yes,7,80,Low,Yes,0,Medium,Medium,Public,Positive,3,No,High School,Near,Male
9,96,Medium,Medium,Yes,4,82,High,No,0,Low,Medium,Public,Positive,4,No,College,Near,Male
24,100,High,High,Yes,6,86,Low,Yes,2,Medium,Medium,Private,Positive,5,No,High School,Near,Male
10,64,Medium,High,No,7,64,High,Yes,0,Medium,Medium,Public,Positive,4,Yes,High School,Moderate,Female
17,69,High,Medium,Yes,9,83,Medium,Yes,2,Medium,High,Private,Positive,4,Yes,College,Moderate,Female
27,98,Low,High,Yes,7,56,Low,Yes,1,High,Medium,Private,Positive,3,No,College,Near,Female
20,98,Medium,Low,No,7,50,Low,Yes,1,Medium,High,Private,Neutral,2,No,High School,Near,Female
14,64,Medium,Medium,Yes,6,85,Medium,Yes,0,Medium,Medium,Public,Neutral,3,No,High School,Near,Male
16,61,Medium,Medium,No,9,86,Low,Yes,2,Low,High,Public,Positive,2,No,High School,Near,Male
24,66,High,Low,Yes,8,81,High,Yes,1,Medium,Medium,Public,Neutral,4,No,High School,Far,Male
16,100,High,Low,Yes,8,63,High,Yes,2,Low,Medium,Public,Negative,3,No,High School,Moderate,Male
21,67,Medium,Medium,No,7,96,Low,Yes,3,Low,Medium,Public,Neutral,2,No,High School,Far,Female
20,80,Medium,High,No,5,94,Medium,Yes,0,Low,Low,Private,Positive,4,Yes,Postgraduate,Moderate,Female
16,94,High,High,Yes,9,76,Medium,Yes,0,Low,High,Public,Neutral,2,No,High School,Near,Male
33,61,Medium,Medium,No,7,99,High,Yes,2,Medium,High,Public,Neutral,3,No,College,Near,Female
24,84,High,Low,No,7,65,Low,Yes,3,Medium,High,Public,Positive,3,No,High School,Near,Female
8,71,High,Low,No,8,75,Medium,Yes,0,Medium,High,Public,Positive,3,No,High School,Near,Male
21,94,Medium,Medium,No,7,96,Low,Yes,0,Medium,Medium,Private,Neutral,2,Yes,Postgraduate,Moderate,Male
16,71,High,Medium,Yes,5,73,Medium,Yes,1,Medium,Medium,Public,Neutral,0,Yes,High School,Near,Male
25,87,Medium,Low,Yes,7,74,Low,Yes,0,Medium,High,Public,Neutral,4,Yes,High School,Near,Male
15,87,Low,Medium,No,4,54,Medium,Yes,1,Medium,Medium,Public,Neutral,6,No,,Moderate,Male
19,69,Medium,Medium,Yes,7,61,High,Yes,3,High,High,Public,Neutral,4,No,High School,Moderate,Male
23,61,Low,Medium,No,9,58,Medium,Yes,4,Medium,Medium,Public,Neutral,2,No,High School,Near,Male
25,76,Medium,High,Yes,4,78,Medium,Yes,2,Medium,Medium,Private,Negative,3,No,High School,Moderate,Female
13,72,High,High,No,7,66,Medium,Yes,0,Low,High,Public,Neutral,4,No,Postgraduate,Near,Male
18,92,Low,Medium,Yes,8,54,Medium,Yes,1,Medium,Medium,Public,Positive,3,No,High School,Near,Male
17,92,Low,Low,Yes,8,75,Medium,Yes,2,Medium,High,Public,Neutral,3,No,Postgraduate,Near,Female
16,78,Medium,High,No,6,83,Medium,Yes,0,Low,Low,Public,Neutral,3,Yes,College,Near,Male
31,84,Medium,Medium,No,5,87,High,Yes,0,Medium,Medium,Private,Positive,3,No,College,Moderate,Male
22,84,Medium,Medium,Yes,6,92,Low,Yes,0,Medium,Medium,Public,Neutral,5,No,High School,Near,Female
12,93,Medium,Medium,Yes,9,74,Low,Yes,1,Medium,Medium,Public,Neutral,3,No,Postgraduate,Moderate,Male
26,77,Low,Medium,No,4,70,Low,Yes,2,High,Low,Public,Neutral,3,Yes,College,Moderate,Female
33,71,Low,Medium,No,5,84,Medium,Yes,1,Medium,Medium,Public,Positive,2,No,High School,Near,Male
26,71,High,Medium,Yes,6,51,Low,No,1,High,Medium,Private,Positive,3,No,Postgraduate,Moderate,Male
11,81,Medium,Medium,Yes,6,82,High,Yes,3,Medium,High,Public,Neutral,4,No,High School,Near,Male
17,78,Medium,High,Yes,7,70,Medium,No,2,Low,High,Public,Positive,3,No,High School,Near,Male
28,78,High,Medium,No,9,73,High,Yes,2,Medium,Medium,Public,Neutral,4,No,College,Moderate,Female
16,64,High,Low,Yes,5,65,Medium,Yes,3,Medium,High,Private,Positive,4,No,Postgraduate,Moderate,Female
23,89,Low,Low,Yes,7,56,Low,Yes,4,Medium,Low,Private,Positive,4,No,Postgraduate,Near,Female
25,69,Medium,Medium,Yes,7,70,Low,No,1,High,High,Public,Positive,4,No,High School,Far,Female
14,68,High,Medium,No,6,65,Medium,Yes,1,High,Medium,Public,Neutral,3,Yes,College,Near,Male
20,77,Medium,Medium,No,5,98,Low,Yes,2,Low,High,Private,Neutral,2,No,Postgraduate,Far,Female
1,69,High,Medium,Yes,6,97,Medium,Yes,1,Low,Medium,Public,Positive,3,No,High School,Near,Female
14,83,Medium,Low,Yes,6,82,Medium,Yes,0,Medium,Medium,Public,Positive,2,No,High School,Near,Female
18,75,Low,High,Yes,8,95,Medium,Yes,1,Low,Low,Public,Neutral,2,No,College,Near,Female
13,78,Medium,High,Yes,8,88,High,Yes,0,High,Low,Public,Neutral,3,No,College,Near,Male
30,81,Medium,Low,Yes,5,67,Medium,Yes,1,High,High,Public,Negative,1,No,High School,Near,Male
11,68,Medium,Medium,No,6,80,Medium,Yes,2,Medium,Medium,Public,Positive,3,No,College,Moderate,Female
17,66,Low,High,No,6,61,Medium,Yes,1,High,Medium,Public,Positive,6,No,Postgraduate,Near,Male
21,95,Low,Low,No,10,84,Low,Yes,0,High,Medium,Public,Neutral,4,Yes,High School,Near,Male
29,77,High,High,Yes,7,52,Medium,Yes,2,High,Medium,Public,Negative,3,Yes,High School,Near,Female
11,76,Low,Medium,Yes,5,92,Medium,Yes,4,Medium,Low,Public,Negative,2,No,Postgraduate,Near,Male
27,61,Medium,Medium,No,6,79,Medium,Yes,1,Low,Medium,Public,Positive,3,No,High School,Moderate,Male
20,80,High,Low,Yes,6,53,Medium,Yes,0,Low,Medium,Public,Neutral,2,No,College,Moderate,Male
14,82,Medium,High,Yes,8,94,Low,Yes,2,Low,High,Public,Negative,5,No,College,Far,Female
23,82,Low,Medium,Yes,8,94,Medium,Yes,1,Medium,Medium,Public,Negative,2,Yes,High School,,Male
21,88,Medium,High,No,7,93,Medium,Yes,4,Low,Medium,Public,Positive,3,No,High School,Near,Female
16,67,Medium,High,No,7,89,High,Yes,3,Low,Medium,Public,Positive,3,No,College,Near,Male
20,70,Medium,Medium,Yes,7,84,Low,No,2,Medium,High,Private,Neutral,4,No,College,Far,Male
18,92,High,Medium,Yes,7,70,Medium,Yes,1,Low,Medium,Public,Neutral,3,No,High School,Moderate,Male
21,98,Medium,Low,No,4,57,Medium,Yes,2,High,Low,Public,Neutral,2,No,High School,Near,Female
24,65,Medium,Low,No,7,64,Low,Yes,1,High,Medium,Public,Neutral,1,No,Postgraduate,Near,Male
30,80,Low,High,No,6,67,Medium,Yes,3,Medium,Medium,Public,Negative,4,No,College,Moderate,Female
13,69,Medium,Low,Yes,5,68,Low,Yes,0,High,Medium,Public,Positive,1,Yes,High School,Moderate,Female
33,62,High,Medium,Yes,10,78,Medium,Yes,0,Medium,Medium,Private,Positive,3,No,High School,Moderate,Female
8,73,Medium,Medium,No,7,60,Medium,No,0,High,Medium,Private,Neutral,3,No,High School,Near,Female
19,66,Medium,High,No,7,59,Medium,Yes,1,High,Medium,Public,Negative,3,No,High School,Far,Male
24,88,Low,Medium,Yes,6,86,Low,Yes,0,Low,Low,Public,Negative,3,No,College,Near,Male
22,81,Low,High,Yes,8,50,High,Yes,4,Medium,Medium,Private,Positive,5,No,High School,Far,Female
16,66,Medium,High,Yes,5,57,High,Yes,3,Medium,Medium,Public,Positive,3,No,High School,Moderate,Female
19,60,Medium,High,Yes,7,72,High,Yes,3,Low,High,Public,Positive,3,No,High School,Moderate,Female
17,92,Low,Low,Yes,6,57,Medium,Yes,2,Medium,Medium,Private,Positive,2,Yes,High School,Moderate,Female
16,67,High,Medium,No,8,98,Medium,Yes,0,Low,Low,Public,Neutral,3,No,High School,Near,Female
25,84,Medium,Low,Yes,6,84,Low,Yes,2,Medium,High,Public,Positive,3,No,High School,Near,Male
22,73,Low,Medium,Yes,9,72,Low,Yes,3,Medium,Medium,Public,Positive,3,No,High School,Near,Female
16,83,Medium,High,Yes,7,56,Low,Yes,4,High,Medium,Public,Positive,3,No,High School,Near,Female
25,73,Low,Low,No,8,69,Medium,Yes,3,Medium,Medium,Private,Positive,3,No,High School,Near,Female
22,63,Low,Low,No,8,83,Medium,Yes,3,Medium,Medium,Private,Negative,1,No,College,Near,Male
25,69,High,Medium,Yes,9,98,Medium,Yes,1,Low,Medium,Public,Negative,3,Yes,College,Moderate,Female
24,68,Medium,Medium,Yes,6,74,Medium,Yes,1,Medium,Medium,Public,Neutral,3,No,High School,Near,Female
15,77,Medium,Medium,Yes,8,85,High,Yes,1,Low,Medium,Public,Positive,2,No,Postgraduate,Moderate,Male
17,86,High,Low,Yes,4,60,High,Yes,2,High,Low,Private,Positive,3,Yes,College,Moderate,Female
24,71,Medium,Medium,Yes,7,81,Medium,Yes,0,Low,Medium,Private,Positive,3,No,High School,Near,Male
24,60,Low,Medium,No,6,62,High,Yes,4,Low,High,Public,Negative,3,No,High School,Near,Female
20,81,Medium,Medium,Yes,5,60,Low,Yes,3,Medium,Medium,Public,Positive,4,Yes,High School,Near,Male
21,84,Medium,Medium,No,6,75,Low,No,1,High,Medium,Public,Positive,3,No,College,Moderate,Male
28,99,Medium,Medium,Yes,6,61,Medium,No,1,Low,Medium,Public,Positive,3,No,High School,Near,Male
16,84,Medium,High,Yes,7,86,Medium,Yes,1,Low,Medium,Private,Neutral,2,No,High School,Near,Female
23,79,Medium,High,Yes,6,97,Medium,Yes,1,High,Low,Public,Neutral,4,No,High School,Moderate,Male
19,83,Medium,Medium,Yes,7,70,Medium,Yes,2,Low,Medium,Public,Negative,4,Yes,Postgraduate,Near,Female
19,97,High,Medium,Yes,6,66,High,Yes,2,Medium,Medium,Private,Positive,2,No,College,Moderate,Female
27,93,High,Low,No,6,59,High,Yes,2,Low,Medium,Private,Negative,4,No,High School,Near,Female
25,73,Medium,High,Yes,7,70,Low,Yes,0,Low,Medium,Private,Neutral,4,No,Postgraduate,Moderate,Male
25,69,Low,High,Yes,7,78,Medium,Yes,0,Low,High,Public,Negative,3,No,High School,Far,Female
28,71,Medium,Medium,No,8,69,High,Yes,1,Medium,High,Private,Neutral,1,No,College,Moderate,Female
20,80,Low,High,No,8,81,Medium,Yes,3,Medium,Medium,Private,Negative,4,No,Postgraduate,Near,Male
24,90,Low,Low,No,7,83,Medium,Yes,0,Low,Medium,Private,Positive,3,No,College,,Male
18,80,Medium,Medium,No,8,55,Low,Yes,2,Low,Low,Public,Neutral,3,No,High School,Moderate,Male
22,63,Medium,High,Yes,7,85,Medium,Yes,4,High,High,Public,Negative,3,No,College,Near,Female
19,89,High,Medium,Yes,7,95,Medium,Yes,0,Medium,Medium,Public,Positive,3,No,High School,Near,Male
21,92,Medium,Low,Yes,8,51,Low,Yes,0,Medium,Medium,Public,Neutral,2,No,College,Moderate,Male
24,72,High,High,No,6,78,High,Yes,0,Low,High,Public,Negative,6,No,High School,Near,Female
15,87,High,Low,Yes,4,80,High,Yes,0,Low,Medium,Private,Positive,3,No,College,Near,Male
33,77,Low,High,Yes,5,85,Medium,Yes,0,Low,Medium,Private,Neutral,5,No,High School,Far,Female
14,96,Medium,Low,Yes,9,69,High,Yes,0,Medium,Medium,Private,Negative,3,Yes,College,Near,Female
13,94,Medium,Medium,Yes,7,91,Low,Yes,3,Low,Medium,Public,Neutral,3,No,High School,Near,Male
27,81,Medium,Medium,Yes,7,77,Medium,Yes,2,Medium,Low,Public,Neutral,2,Yes,Postgraduate,Moderate,Female
25,88,Medium,Medium,Yes,7,70,Low,Yes,1,Medium,Medium,Private,Positive,3,No,Postgraduate,Moderate,Male
24,95,Medium,High,Yes,8,86,High,Yes,1,Medium,High,Private,Neutral,3,No,College,Near,Male
24,80,Medium,High,Yes,7,96,High,Yes,0,Low,High,Public,Positive,0,No,College,Moderate,Female
20,73,Medium,Medium,Yes,7,91,Low,Yes,1,Medium,High,Public,Neutral,2,No,Postgraduate,Moderate,Male
15,90,High,Medium,Yes,8,97,Medium,Yes,1,Low,High,Private,Negative,3,No,College,Near,Female
20,69,Medium,High,No,6,63,Low,Yes,0,Low,Medium,Public,Negative,3,No,Postgraduate,Near,Male
16,76,Low,High,Yes,8,56,Medium,No,1,Low,Medium,Public,Positive,1,No,High School,Near,Male
26,95,Low,High,No,7,77,Medium,Yes,0,Medium,Medium,Public,Neutral,3,No,High School,Moderate,Female
19,89,High,Medium,Yes,7,52,Medium,Yes,2,Medium,Medium,Public,Negative,4,No,High School,Moderate,Male
15,76,Medium,Medium,Yes,6,84,Low,Yes,0,Medium,High,Public,Neutral,3,No,College,Near,Female
18,69,High,High,No,7,62,Low,Yes,3,Medium,Medium,Public,Positive,3,No,High School,Moderate,Male
22,74,High,High,Yes,6,73,Low,Yes,3,High,High,Public,Positive,4,No,Postgraduate,Moderate,Female
17,71,High,Medium,Yes,9,83,Low,Yes,2,Medium,Medium,Public,Neutral,5,No,High School,Near,Male
15,67,Medium,Medium,No,4,74,Medium,Yes,0,Low,Medium,Public,Negative,3,No,College,Moderate,Male
21,90,Low,Medium,Yes,8,62,Low,Yes,2,Medium,High,Public,Negative,5,Yes,High School,Near,Male
21,70,Low,High,Yes,4,94,Medium,Yes,0,Low,High,Private,Neutral,2,No,College,Far,Male
17,78,Medium,High,No,8,88,Medium,Yes,0,Low,Medium,Public,Negative,3,No,High School,Near,Female
17,75,Medium,High,Yes,6,80,Medium,No,1,Low,Medium,Private,Positive,5,No,High School,Moderate,Male
21,99,Medium,Medium,No,8,85,High,Yes,4,Medium,Medium,Public,Positive,4,No,High School,Moderate,Male
11,76,Medium,Medium,Yes,7,71,Medium,No,1,Medium,Low,Public,Neutral,2,No,College,Near,Male
12,63,Medium,High,Yes,5,69,Low,Yes,0,Medium,High,Public,Negative,2,No,College,Moderate,Female
16,64,Low,Medium,Yes,9,58,Low,Yes,1,Medium,Medium,Public,Positive,3,No,College,Moderate,Female
19,84,Low,Medium,Yes,8,90,High,Yes,2,Low,Medium,Private,Neutral,3,No,Postgraduate,Far,Male
22,84,High,Medium,No,8,69,Medium,No,3,Medium,High,Private,Neutral,4,No,College,Near,Male
29,77,Low,High,No,6,85,Medium,Yes,1,Medium,Medium,Public,Positive,1,No,College,Near,Male
25,77,Medium,Low,Yes,8,65,High,No,0,Medium,Medium,Public,Positive,5,No,College,Far,Female
19,62,Medium,Medium,No,5,90,Low,Yes,2,Low,High,Public,Positive,3,No,College,Moderate,Male
20,81,High,Medium,Yes,4,55,Medium,Yes,1,High,Medium,Private,Positive,2,No,Postgraduate,Moderate,Male
14,80,High,Medium,Yes,5,81,Medium,Yes,1,Low,Medium,Public,Positive,4,No,Postgraduate,Far,Female
20,66,Medium,Medium,No,6,90,High,Yes,0,Medium,Medium,Public,Neutral,1,No,College,Near,Female
18,64,Medium,Medium,Yes,6,83,High,Yes,2,Low,Medium,Public,Positive,2,No,College,Near,Male
22,65,Low,High,Yes,6,85,Medium,Yes,2,High,Medium,Public,Positive,3,Yes,Postgraduate,Near,Female
15,64,Medium,Medium,Yes,6,76,High,Yes,2,Medium,Medium,Private,Positive,4,Yes,High School,,Female
23,84,High,Medium,Yes,6,78,Low,Yes,2,Low,Low,Public,Negative,2,No,High School,Moderate,Female
29,68,Medium,High,Yes,4,53,Medium,Yes,1,Medium,Medium,Private,Negative,4,No,High School,Far,Male
19,70,Medium,Medium,No,7,63,Low,No,3,Low,Low,Public,Neutral,5,No,High School,Near,Male
22,67,Low,Medium,No,7,86,Low,Yes,1,Low,Medium,Public,Positive,3,No,High School,Moderate,Female
24,98,High,Medium,Yes,6,97,Medium,Yes,1,Medium,Medium,Public,Positive,4,No,College,Far,Male
18,94,Medium,High,Yes,9,77,Low,Yes,1,Medium,High,Public,Positive,2,No,College,Moderate,Male
21,69,High,High,Yes,7,86,Medium,Yes,2,Low,Medium,Private,Neutral,3,No,High School,Near,Male
20,73,Medium,Medium,Yes,7,84,Medium,Yes,0,Medium,Medium,Public,Neutral,4,No,Postgraduate,Moderate,Female
21,68,Medium,Low,No,8,100,Low,Yes,0,Medium,Medium,Public,Positive,4,No,High School,Far,Male
15,80,Low,High,No,5,90,Medium,Yes,4,Low,Medium,Public,Positive,3,No,College,Far,Female
20,61,Medium,Medium,No,7,81,Medium,Yes,1,Medium,Low,Public,Neutral,3,No,High School,Moderate,Male
23,87,High,High,No,8,56,Medium,Yes,1,Medium,High,Public,Positive,3,No,Postgraduate,Moderate,Male
29,81,High,Medium,No,7,68,Medium,Yes,2,Medium,Medium,Public,Neutral,4,No,Postgraduate,Near,Male
26,96,Medium,Medium,Yes,5,63,Medium,No,1,High,Medium,Private,Positive,2,No,Postgraduate,Near,Male
33,67,Medium,Medium,Yes,6,93,High,Yes,0,Low,High,Public,Neutral,3,No,High School,Far,Female
15,92,Medium,Low,Yes,7,72,Low,Yes,1,Medium,Medium,Public,Negative,5,No,High School,Near,Female
25,92,Medium,Medium,No,4,77,Medium,Yes,0,Low,Medium,Public,Positive,3,No,High School,Near,Male
21,65,Medium,Low,Yes,5,98,High,No,2,Low,Medium,Private,Positive,4,No,Postgraduate,Near,Male
33,76,Medium,Medium,Yes,10,92,Low,Yes,1,High,Medium,Private,Positive,3,No,Postgraduate,Near,Female
15,67,High,Medium,Yes,8,89,Low,Yes,0,High,High,Public,Neutral,4,No,High School,Moderate,Female
15,70,High,Medium,No,9,57,Medium,Yes,1,Medium,Medium,Private,Negative,3,No,High School,,Female
16,71,Medium,Medium,No,8,51,Medium,Yes,0,Low,Medium,Public,Negative,2,No,Postgraduate,Far,Female
7,82,High,High,Yes,8,56,Medium,Yes,0,Low,Medium,Private,Negative,2,No,High School,Far,Male
17,76,Medium,High,No,7,87,High,Yes,1,Medium,High,Public,Positive,4,No,High School,Near,Female
15,98,Low,Medium,Yes,8,71,Low,Yes,1,Medium,Medium,Public,Positive,3,No,High School,Near,Male
21,65,Low,Medium,No,9,56,High,Yes,1,Medium,Medium,Public,Positive,5,No,High School,Moderate,Male
22,99,Medium,Low,Yes,8,87,Low,Yes,1,Medium,Medium,Private,Neutral,4,No,High School,Moderate,Female
31,69,High,Low,Yes,7,60,Medium,Yes,1,Low,Medium,Public,Neutral,3,No,Postgraduate,Near,Female
26,91,High,Medium,Yes,7,79,Medium,Yes,1,Low,Medium,Private,Neutral,5,No,High School,Near,Female
17,74,Medium,Medium,Yes,8,87,Medium,Yes,4,Low,Low,Public,Positive,3,No,College,Near,Male
15,66,Low,High,No,6,80,Medium,No,1,Low,Medium,Private,Neutral,1,No,College,Near,Male
23,94,Low,Medium,No,8,100,Medium,No,0,Low,Medium,Public,Neutral,3,No,Postgraduate,Near,Male
12,72,Medium,Low,Yes,6,72,High,Yes,2,Low,High,Private,Negative,2,No,High School,Moderate,Female
31,86,High,High,Yes,6,66,Medium,Yes,3,Medium,Medium,Public,Positive,3,No,College,Moderate,Male
27,83,High,Low,No,5,60,Medium,Yes,0,High,Low,Public,Neutral,2,No,College,Moderate,Female
17,79,Medium,Low,Yes,6,75,Low,Yes,1,Medium,High,Public,Neutral,4,No,High School,Near,Male
10,80,High,Medium,Yes,6,93,High,Yes,4,Medium,,Public,Negative,3,No,College,Moderate,Female
28,89,Medium,High,Yes,10,97,High,Yes,3,Medium,Low,Public,Negative,6,No,High School,Near,Female
19,64,Low,Medium,No,6,99,Medium,Yes,1,Medium,Medium,Public,Positive,3,No,College,Near,Male
27,87,Medium,Medium,No,8,77,Medium,Yes,1,Low,High,Public,Neutral,4,No,High School,Moderate,Male
10,96,High,High,No,6,80,Medium,No,0,Medium,Medium,Public,Neutral,4,No,High School,Moderate,Female
16,62,Medium,Medium,Yes,7,79,Low,Yes,2,Medium,Medium,Public,Neutral,3,No,High School,Near,Male
20,66,High,High,No,7,73,Medium,Yes,1,Medium,Medium,Public,Negative,4,No,College,,Female
20,89,Medium,Medium,Yes,4,58,Medium,Yes,1,Medium,Medium,Public,Positive,3,No,High School,Far,Female
17,77,Low,High,Yes,5,53,Medium,Yes,2,High,Medium,Public,Neutral,3,No,College,Near,Male
24,76,Low,High,No,6,72,High,Yes,3,Medium,High,Public,Neutral,3,Yes,High School,Moderate,Female
14,65,High,Medium,No,5,59,Low,Yes,1,High,Medium,Public,Positive,4,No,Postgraduate,Far,Male
19,80,Medium,Medium,No,7,94,Medium,Yes,0,Medium,Low,Public,Neutral,3,No,College,Moderate,Female
21,65,High,High,No,7,88,Low,Yes,2,Low,Medium,Private,Neutral,1,No,,Near,Male
23,79,Medium,Medium,No,5,81,Medium,Yes,1,Medium,Medium,Private,Neutral,3,No,High School,Near,Female
24,91,Medium,Medium,No,7,52,Low,Yes,0,High,High,Public,Neutral,4,No,College,Near,Male
13,70,High,High,No,6,81,Medium,Yes,2,Medium,Low,Public,Positive,2,No,Postgraduate,Near,Male
11,79,Medium,Medium,Yes,7,81,Medium,Yes,1,High,Medium,Public,Neutral,2,No,High School,Moderate,Male
28,100,High,Low,Yes,6,72,Medium,Yes,1,Low,Medium,Public,Negative,2,No,Postgraduate,Near,Female
22,87,Low,Medium,No,8,83,Low,Yes,1,Low,Medium,Public,Neutral,1,No,College,Far,Male
16,94,Medium,Medium,No,9,93,Low,Yes,1,Low,Medium,Public,Negative,4,No,Postgraduate,Near,Female
29,77,High,Low,Yes,8,88,Low,Yes,0,Medium,High,Public,Positive,4,No,College,Moderate,Male
21,91,High,Medium,No,9,74,Medium,Yes,2,Low,Low,Private,Negative,2,No,,Near,Female
27,62,Medium,High,Yes,5,63,Low,Yes,4,High,Medium,Public,Negative,4,No,High School,Near,Female
20,65,Medium,Low,No,6,74,Low,Yes,0,Medium,Medium,Private,Positive,3,No,College,Moderate,Male
32,68,Medium,Low,No,8,97,High,Yes,1,Low,Medium,Public,Positive,2,No,High School,Near,Male
31,76,Medium,High,Yes,9,91,Medium,Yes,1,Low,Medium,Private,Neutral,4,No,Postgraduate,Near,Male
19,94,Low,Medium,No,8,51,Medium,Yes,3,Medium,Low,Private,Positive,5,No,Postgraduate,Near,Male
26,74,Low,Low,No,5,89,Low,Yes,3,High,High,Private,Negative,2,No,High School,Near,Male
24,86,High,High,No,6,59,Medium,Yes,1,Low,Medium,Public,Positive,3,No,High School,Moderate,Female
28,88,High,Medium,No,8,79,Medium,Yes,0,Medium,Medium,Public,Positive,3,No,High School,Far,Male
14,83,Medium,Medium,Yes,7,90,Medium,Yes,0,Low,Low,Public,Negative,3,No,College,Near,Female
24,74,High,Medium,Yes,6,78,Medium,Yes,3,Low,High,Public,Positive,3,No,College,Near,Female
26,83,Low,Low,No,7,70,High,No,2,Medium,High,Public,Negative,4,Yes,High School,Moderate,Male
9,74,Medium,High,No,7,66,Low,Yes,1,High,High,Private,Neutral,3,No,High School,Far,Female
13,63,High,Medium,Yes,5,65,Medium,Yes,2,High,Medium,Private,Neutral,2,No,High School,Far,Male
8,100,High,Medium,Yes,8,92,Medium,Yes,1,Medium,High,Public,Neutral,3,No,Postgraduate,Moderate,Female
18,65,Medium,High,Yes,6,91,Medium,No,5,Low,Medium,Private,Neutral,3,No,College,Near,Male
24,63,High,Low,Yes,7,91,Low,Yes,4,Low,Medium,Private,Positive,4,No,High School,Near,Female
29,95,Medium,Low,No,9,64,Medium,Yes,1,Medium,High,Public,Positive,3,No,High School,Near,Female
20,72,High,Low,Yes,7,90,Low,Yes,0,Low,High,Private,Negative,3,No,Postgraduate,Near,Female
30,86,Medium,Low,Yes,8,52,Medium,Yes,2,Medium,Medium,Public,Negative,2,Yes,College,Moderate,Female
12,73,High,Medium,No,5,60,Medium,Yes,1,Low,Medium,Public,Negative,4,No,High School,Moderate,Male
10,76,Low,Medium,Yes,8,76,Medium,Yes,2,High,High,Private,Positive,3,Yes,Postgraduate,Moderate,Male
20,70,Medium,Medium,No,8,70,Medium,Yes,0,Low,Medium,Public,Neutral,5,No,Postgraduate,Near,Female
22,74,Medium,Low,Yes,6,56,Low,Yes,4,Medium,High,Public,Negative,3,No,Postgraduate,Moderate,Male
20,76,Medium,Low,No,7,52,Medium,Yes,2,Low,High,Private,Neutral,3,No,High School,Near,Female
8,89,Medium,High,Yes,7,81,Low,Yes,4,Low,Medium,Public,Neutral,3,No,College,Near,Male
19,80,High,Medium,Yes,7,66,Low,Yes,4,Medium,Medium,Public,Negative,4,No,College,Near,Female
12,98,High,Medium,Yes,8,51,Medium,Yes,0,Medium,Low,Public,Positive,5,No,Postgraduate,Moderate,Male
24,62,Medium,Medium,No,6,72,High,Yes,2,Low,Low,Public,Neutral,4,No,High School,Near,Male
22,80,High,Medium,Yes,7,65,Medium,Yes,2,High,Medium,Private,Neutral,2,No,High School,Moderate,Female
14,83,Low,Low,Yes,9,79,Medium,Yes,1,Medium,Low,Public,Positive,3,No,High School,Near,Male
17,97,Medium,High,No,9,96,High,Yes,0,High,Medium,Public,Negative,1,No,Postgraduate,Near,Male
14,62,High,High,Yes,8,65,Low,Yes,3,Low,Medium,Public,Negative,2,No,High School,Far,Male
20,83,Low,Medium,No,7,100,Medium,Yes,4,Low,Medium,Public,Negative,3,No,College,Near,Male
26,94,High,Medium,Yes,10,54,Low,Yes,2,High,Medium,Public,Neutral,5,No,,Near,Male
14,70,High,Medium,Yes,9,54,Medium,No,3,Medium,Medium,Public,Positive,1,No,College,Near,Male
23,95,Medium,Medium,Yes,7,86,Medium,Yes,3,Low,Medium,Public,Positive,4,Yes,Postgraduate,Far,Male
17,61,Medium,Medium,Yes,7,87,High,Yes,5,Medium,Medium,Public,Neutral,3,No,High School,Near,Male
15,89,Medium,Medium,Yes,6,71,Medium,Yes,1,Medium,High,Public,Positive,4,No,High School,Near,Female
19,97,High,Low,Yes,8,64,Medium,Yes,2,Low,High,Public,Positive,3,No,High School,Near,Male
14,86,Medium,Low,Yes,8,90,Medium,No,3,Medium,,Public,Negative,3,Yes,Postgraduate,Near,Male
17,78,Medium,Medium,No,8,98,Low,Yes,2,Medium,Medium,Private,Positive,2,No,High School,Near,Male
13,62,Low,High,No,7,99,Medium,Yes,4,Medium,Low,Public,Positive,1,No,Postgraduate,Moderate,Female
32,97,Medium,High,No,5,82,Medium,Yes,1,Medium,Medium,Public,Neutral,3,No,High School,Moderate,Male
20,79,High,Low,Yes,7,87,Low,No,2,Medium,High,Private,Neutral,4,Yes,High School,Near,Female
16,61,Medium,Low,No,8,91,High,Yes,2,Medium,High,Public,Neutral,3,No,College,Moderate,Male
21,88,High,Medium,Yes,6,90,High,Yes,2,High,Medium,Private,Neutral,4,No,High School,Moderate,Male
19,79,Medium,High,No,7,100,Low,Yes,1,High,High,Public,Positive,2,No,College,Far,Female
19,65,Medium,High,Yes,9,91,Medium,Yes,1,Medium,High,Public,Positive,4,No,College,Near,Male
24,69,Low,High,No,5,83,Low,Yes,3,Low,Medium,Private,Neutral,3,No,High School,Near,Male
25,63,High,Medium,No,7,69,Medium,Yes,0,Low,High,Private,Negative,5,No,High School,Moderate,Female
17,83,Low,Medium,No,9,80,Medium,Yes,4,Medium,High,Public,Negative,2,No,College,Near,Female
17,85,Medium,Low,No,7,94,High,Yes,4,Low,Medium,Public,Positive,3,No,College,Near,Female
18,80,Medium,Low,Yes,6,65,Medium,Yes,2,Low,High,Public,Negative,2,No,College,,Female
6,93,Medium,Medium,No,7,52,High,Yes,0,Medium,Medium,Public,Neutral,2,No,College,Near,Female
11,94,Medium,Low,Yes,8,66,High,No,1,High,Low,Public,Neutral,4,No,High School,Near,Female
28,85,Medium,High,Yes,7,98,Medium,Yes,2,Low,High,Private,Positive,1,Yes,High School,Near,Male
30,61,Low,High,Yes,8,90,Medium,Yes,2,Low,High,Public,Negative,2,No,High School,Moderate,Female
19,88,Medium,Low,No,7,59,Medium,Yes,2,Low,Medium,Public,Neutral,3,No,College,Near,Female
23,77,High,High,Yes,7,51,Medium,Yes,1,Low,Low,Private,Positive,3,No,College,Moderate,Male
22,83,Medium,Medium,Yes,8,83,High,Yes,1,High,Medium,Private,Negative,3,Yes,Postgraduate,Moderate,Male
38,86,Low,High,Yes,7,79,Low,Yes,3,Low,Medium,Public,Negative,3,No,High School,Near,Male
27,74,Medium,High,No,6,54,Medium,Yes,3,Medium,Medium,Public,Neutral,3,No,College,Near,Female
19,97,Medium,Low,No,8,98,Medium,Yes,1,Low,Medium,Private,Neutral,4,Yes,High School,Near,Male
14,65,Low,Medium,Yes,7,81,Medium,Yes,1,Low,Medium,Public,Positive,3,No,High School,Moderate,Female
10,87,Medium,Low,Yes,6,83,Medium,No,0,Low,Medium,Public,Positive,4,No,High School,Near,Male
21,60,Medium,High,Yes,8,93,Low,Yes,0,Low,Medium,Public,Positive,2,No,High School,Far,Female
15,97,Low,Medium,Yes,9,67,Medium,Yes,1,Low,High,Public,Neutral,2,No,College,Near,Male
11,65,Medium,High,No,7,78,Medium,Yes,2,Low,Medium,Public,Neutral,3,No,Postgraduate,Near,Female
16,64,High,Medium,Yes,7,79,Medium,Yes,3,Medium,Medium,Private,Positive,4,Yes,Postgraduate,Near,Female
14,73,High,Medium,Yes,5,98,Medium,Yes,2,Low,Medium,Public,Negative,4,No,High School,Moderate,Female
30,75,High,High,No,7,57,High,Yes,0,Low,Medium,Public,Neutral,1,Yes,College,Near,Female
25,69,Medium,Medium,Yes,7,88,High,Yes,0,Low,Medium,Public,Negative,4,No,College,Near,Female
20,83,Low,Low,No,7,79,Low,No,2,Medium,Medium,Public,Positive,5,No,Postgraduate,Moderate,Male
29,78,High,Medium,No,6,92,Medium,Yes,2,Low,Medium,Private,Negative,4,No,High School,Near,Male
20,61,Low,Low,Yes,8,92,Medium,Yes,0,Medium,Medium,Public,Negative,2,No,High School,Near,Female
15,73,Medium,Low,Yes,7,51,Medium,Yes,2,Low,High,Private,Negative,3,No,High School,Moderate,Male
29,92,Medium,Medium,Yes,10,63,High,Yes,1,Low,High,Private,Negative,4,No,High School,Moderate,Male
23,88,Low,Medium,Yes,7,59,Medium,Yes,1,Medium,Medium,Public,Negative,2,No,High School,Near,Male
14,89,High,High,Yes,4,73,Medium,Yes,2,Medium,High,Public,Negative,3,No,College,Near,Male
19,88,High,Medium,No,5,95,Medium,Yes,2,Low,Medium,Private,Negative,4,No,College,Moderate,Male
15,72,High,High,No,8,50,Medium,Yes,2,Medium,Medium,Public,Neutral,4,No,High School,Near,Female
12,64,High,Low,Yes,6,74,High,Yes,0,Medium,Medium,Public,Positive,2,No,High School,Moderate,Male
26,71,Medium,Low,No,6,94,Low,Yes,3,Low,Medium,Public,Positive,4,No,Postgraduate,Near,Male
31,93,High,Low,Yes,5,96,Medium,Yes,2,Low,Medium,Public,Positive,2,No,High School,Near,Male
12,99,Medium,Medium,No,6,83,Low,Yes,1,Medium,Medium,Public,Negative,3,No,High School,Near,Female
23,80,Medium,Medium,Yes,7,91,Low,Yes,5,High,Medium,Public,Negative,1,No,High School,Near,Female
16,60,Low,Medium,Yes,8,66,Low,Yes,1,High,High,Private,Neutral,2,Yes,High School,Moderate,Female
17,66,High,High,No,5,64,Low,Yes,0,Medium,High,Private,Neutral,2,No,College,Near,Male
16,73,High,Medium,Yes,8,52,Medium,Yes,2,Medium,High,Public,Positive,4,No,College,Near,Female
15,83,Low,Low,Yes,5,75,Medium,Yes,1,Medium,Medium,Public,Neutral,3,No,High School,Far,Female
20,63,Low,Low,Yes,8,73,Low,Yes,0,High,Medium,Public,Neutral,3,No,College,Near,Female
15,98,Low,High,Yes,8,69,Low,Yes,2,Low,Medium,Public,Neutral,4,No,High School,Moderate,Female
22,75,Medium,Medium,No,6,56,Low,Yes,3,Medium,Medium,Private,Positive,3,No,High School,Far,Male
20,97,Medium,High,No,5,62,Medium,Yes,1,Medium,Medium,Private,Neutral,4,No,High School,Far,Male
19,91,High,Low,Yes,8,60,Medium,Yes,2,Low,Medium,Private,Neutral,4,No,High School,Moderate,Male
15,90,Medium,Low,Yes,6,97,Low,Yes,2,High,High,Public,Positive,2,No,High School,Near,Male
17,84,Medium,Low,Yes,7,98,High,Yes,1,Low,High,Public,Neutral,2,No,College,Far,Female
25,85,High,High,No,8,50,High,Yes,1,High,Medium,Public,Neutral,1,No,College,Moderate,Female
23,86,Medium,Medium,Yes,8,59,Low,Yes,1,Low,Medium,Public,Neutral,3,No,Postgraduate,Moderate,Female
14,85,Medium,Medium,No,6,94,Low,Yes,0,High,Medium,Public,Positive,4,No,College,Near,Male
21,82,High,Medium,No,7,52,Medium,Yes,4,Low,Medium,Public,Neutral,3,No,High School,Far,Male
25,99,High,Medium,Yes,6,97,High,Yes,0,Medium,Medium,Public,Positive,3,No,College,Moderate,Male
10,89,Low,Low,Yes,8,69,Low,Yes,3,Low,Medium,Public,Negative,4,No,College,Moderate,Male
23,91,Low,Medium,No,9,77,High,Yes,1,Low,Medium,Public,Positive,5,No,High School,Near,Male
16,95,Medium,Low,Yes,6,88,Low,Yes,2,High,High,Public,Positive,4,No,High School,Near,Female
23,69,Medium,High,Yes,7,62,Medium,Yes,1,Medium,Medium,Public,Neutral,4,Yes,High School,Far,Male
15,63,Medium,Low,No,8,55,Low,Yes,0,Medium,Low,Public,Neutral,3,No,College,Near,Female
9,79,Medium,Low,No,7,90,High,Yes,1,High,Low,Public,Neutral,3,No,High School,Near,Male
10,81,High,Medium,Yes,8,99,Medium,No,2,Medium,Medium,Public,Positive,4,No,Postgraduate,Moderate,Female
20,93,Low,High,Yes,7,83,Medium,Yes,0,Medium,Medium,Private,Negative,2,Yes,High School,Near,Male
22,78,Medium,Medium,Yes,5,91,Low,Yes,0,Medium,High,Private,Negative,3,No,Postgraduate,Near,Male
15,83,Medium,Medium,No,7,97,Medium,Yes,2,Low,High,Private,Neutral,2,No,High School,Near,Female
24,81,Medium,Low,No,9,61,Medium,Yes,1,Low,Low,Public,Positive,4,No,College,Near,Female
10,62,Medium,Low,No,7,68,High,Yes,3,Medium,Medium,Public,Neutral,3,No,Postgraduate,Near,Male
20,85,High,Medium,No,9,61,High,Yes,2,High,Medium,Public,Positive,3,No,College,Near,Male
13,93,Low,Low,Yes,4,53,High,Yes,1,Medium,Low,Public,Positive,1,No,Postgraduate,Near,Male
16,66,Low,Medium,Yes,8,87,High,Yes,3,Medium,Medium,Public,Positive,2,No,High School,Moderate,Female
20,84,Medium,High,Yes,6,57,High,Yes,2,Medium,Medium,Public,Positive,4,No,High School,Far,Female
15,84,Medium,High,No,6,55,Low,Yes,1,Medium,Medium,Private,Negative,2,No,High School,Near,Male
18,67,Low,Low,Yes,9,68,Low,Yes,2,Low,High,Private,Negative,2,No,Postgraduate,Near,Male
26,65,Low,Medium,No,7,53,Low,Yes,3,High,Medium,Public,Positive,2,No,High School,Near,Female
17,99,Medium,High,No,6,59,Medium,Yes,0,Medium,Medium,Public,Neutral,3,No,High School,Moderate,Male
25,76,Medium,High,No,8,53,High,Yes,1,High,High,Public,Positive,3,Yes,High School,Far,Female
13,69,High,Low,No,4,94,Medium,Yes,3,Low,Low,Public,Positive,3,Yes,High School,Near,Male
23,67,Medium,Medium,Yes,9,89,Medium,Yes,2,Low,High,Public,Neutral,2,No,High School,Near,Female
29,87,Medium,High,Yes,10,93,High,Yes,1,Low,Medium,Public,Neutral,4,No,High School,Moderate,Male
5,84,Medium,Medium,Yes,8,93,High,Yes,4,High,High,Public,Positive,3,No,College,Moderate,Male
15,86,Medium,High,Yes,8,97,Medium,Yes,4,High,Medium,Public,Positive,3,No,High School,Near,Male
23,64,Medium,Medium,Yes,7,59,High,Yes,3,Medium,Medium,Public,Positive,2,No,High School,Moderate,Female
19,96,Medium,Low,Yes,5,95,Low,No,2,Medium,Low,Private,Neutral,3,No,High School,Moderate,Female
22,76,Medium,Low,No,9,76,Medium,Yes,2,Low,High,Public,Neutral,5,No,High School,Far,Female
16,73,High,Low,Yes,8,58,Medium,Yes,1,Medium,Medium,Public,Neutral,4,No,High School,Near,Female
21,78,Medium,Low,No,8,83,Medium,Yes,2,Medium,Medium,Public,Positive,4,Yes,High School,Far,Male
19,76,High,High,Yes,8,66,Low,Yes,0,Low,High,Private,Negative,4,Yes,High School,Near,Male
27,95,High,Medium,No,7,52,High,Yes,3,Medium,High,Private,Negative,3,No,College,Moderate,Female
22,97,Medium,High,Yes,6,54,Medium,Yes,1,Low,High,Public,Positive,3,No,Postgraduate,Near,Male
22,72,Low,Medium,Yes,10,71,Medium,Yes,1,Medium,Medium,Private,Negative,1,No,College,Near,Male
18,95,Medium,Medium,Yes,7,91,Low,Yes,0,Low,Medium,Public,Positive,4,Yes,Postgraduate,Moderate,Male
17,91,Medium,Medium,No,6,66,High,Yes,1,High,Medium,Private,Positive,3,No,High School,Near,Male
17,97,Medium,High,Yes,9,88,Medium,No,0,Medium,Medium,Public,Positive,2,No,High School,Near,Male
22,70,Low,Medium,No,7,53,Low,Yes,1,Low,Medium,Public,Positive,3,No,High School,Near,Female
17,83,High,Medium,No,7,70,Low,Yes,3,Low,Medium,Private,Neutral,5,No,Postgraduate,Near,Female
22,71,Low,High,Yes,9,56,High,Yes,1,Low,High,Public,Neutral,3,Yes,College,Near,Female
32,93,Medium,Medium,Yes,8,93,High,Yes,1,Medium,High,Public,Negative,3,No,Postgraduate,Far,Female
25,60,Low,High,No,8,98,Medium,Yes,1,Medium,Medium,Public,Neutral,5,No,Postgraduate,Near,Female
18,83,Medium,High,Yes,5,66,Medium,Yes,0,High,Medium,Private,Positive,4,No,Postgraduate,Near,Male
27,74,High,Medium,No,8,99,High,No,3,Medium,Medium,Public,Positive,4,No,High School,Near,Male
18,73,Medium,Low,Yes,5,88,Medium,Yes,1,Medium,Medium,Public,Positive,5,No,College,Near,Female
8,86,Medium,High,No,6,50,High,Yes,1,Medium,Medium,Public,Positive,2,No,College,Near,Male
14,94,High,Medium,No,7,74,Medium,Yes,1,High,Medium,Private,Positive,5,No,College,Near,Male
9,84,High,Low,No,7,92,High,Yes,1,Low,High,Public,Negative,4,No,Postgraduate,Near,Male
18,94,High,Medium,Yes,8,77,Medium,Yes,3,Medium,High,Public,Positive,4,No,Postgraduate,Near,Male
20,71,High,Medium,No,8,77,Medium,Yes,0,High,,Private,Neutral,4,No,High School,Moderate,Male
30,81,Medium,High,No,8,72,Low,Yes,0,Low,Medium,Public,Neutral,2,No,High School,Moderate,Male
22,78,Medium,High,Yes,5,70,Medium,Yes,2,Low,Medium,Public,Positive,1,No,College,Near,Male
19,60,Medium,High,No,10,51,Medium,Yes,0,Medium,Medium,Public,Positive,3,Yes,College,Near,Female
25,82,Medium,High,Yes,7,81,Medium,Yes,2,Medium,Medium,Private,Neutral,2,No,Postgraduate,Moderate,Male
7,86,Medium,Low,No,9,88,Medium,Yes,2,Low,Medium,Public,Negative,2,No,College,Near,Female
21,84,High,High,No,4,90,Medium,Yes,2,Medium,Low,Public,Neutral,3,No,High School,Far,Male
25,89,Medium,Medium,Yes,7,81,High,Yes,3,Medium,Medium,Public,Negative,0,No,College,Near,Male
11,83,High,Low,Yes,5,67,Medium,Yes,1,Medium,Medium,Public,Positive,2,No,Postgraduate,Near,Male
27,63,Medium,High,No,6,51,Low,Yes,0,Low,Medium,Public,Positive,2,No,Postgraduate,Moderate,Male
22,65,Medium,Medium,Yes,7,95,Low,Yes,3,Low,Medium,Public,Positive,2,No,High School,Moderate,Female
18,84,Medium,High,No,6,71,Medium,Yes,4,Medium,Low,Public,Positive,2,No,High School,Near,Female
24,71,Medium,Low,No,9,80,Medium,Yes,2,Medium,High,Private,Positive,3,No,High School,Near,Female
34,63,Medium,High,Yes,10,60,Low,Yes,1,Medium,Medium,Public,Negative,4,No,High School,Near,Female
21,77,Medium,Low,Yes,6,57,Medium,Yes,4,Low,Medium,Public,Negative,5,No,High School,Far,Male
21,82,Low,Low,Yes,6,54,High,Yes,3,Low,Medium,Public,Negative,2,No,College,Moderate,Male
17,73,High,Medium,No,5,90,High,Yes,1,Low,Medium,Private,Positive,4,No,High School,Near,Male
15,89,Low,Medium,Yes,9,82,Low,Yes,1,Medium,Medium,Public,Neutral,3,No,College,Near,Male
25,86,Medium,Medium,Yes,7,81,Low,Yes,1,High,Low,Public,Positive,1,No,High School,Near,Male
15,73,Medium,High,No,7,96,Low,Yes,1,Low,Medium,Public,Negative,2,No,College,,Male
20,90,Medium,Medium,Yes,7,58,High,Yes,1,High,High,Private,Neutral,4,No,High School,Near,Male
17,86,High,Medium,Yes,7,59,Low,Yes,3,Low,Medium,Public,Positive,3,No,Postgraduate,Moderate,Male
23,85,High,Low,Yes,6,59,Low,Yes,1,Medium,Medium,Public,Negative,1,No,,Near,Male
22,82,High,Medium,Yes,7,71,Low,Yes,1,High,,Private,Positive,3,No,High School,Near,Female
26,60,Medium,Medium,Yes,7,94,High,Yes,3,High,Medium,Public,Positive,2,No,High School,Moderate,Female
17,88,Medium,Medium,Yes,8,94,Medium,Yes,5,Medium,Medium,Public,Neutral,2,Yes,College,Near,Female
18,75,High,Medium,Yes,5,80,Medium,Yes,2,Low,High,Public,Neutral,3,No,High School,Near,Female
14,98,High,High,Yes,7,83,Medium,No,3,Low,Medium,Public,Positive,3,No,College,Near,Male
17,93,High,Low,No,6,95,Medium,Yes,1,Low,Medium,Public,Neutral,4,No,High School,Near,Male
22,84,High,Medium,No,7,81,Medium,Yes,1,Medium,Low,Private,Positive,3,No,High School,Moderate,Male
25,70,Low,Medium,Yes,8,61,Low,No,3,Low,Medium,Public,Positive,4,No,College,Moderate,Female
14,68,Low,Medium,Yes,6,85,Medium,Yes,2,Medium,Medium,Public,Neutral,3,No,High School,Near,Female
25,74,High,High,Yes,9,88,Medium,Yes,3,Medium,High,Public,Neutral,3,Yes,High School,Near,Male
28,79,High,Medium,Yes,4,82,Medium,Yes,0,Medium,Medium,Private,Positive,3,No,High School,Near,Male
22,72,High,Medium,Yes,9,64,Low,Yes,1,Medium,Medium,Public,Negative,2,No,College,Near,Female
31,81,Medium,Medium,No,9,70,Low,Yes,1,Low,Medium,Public,Neutral,4,No,Postgraduate,Near,Female
15,67,Medium,High,Yes,6,74,High,Yes,0,High,Medium,Public,Positive,2,No,Postgraduate,Near,Female
13,99,Medium,Medium,Yes,6,57,Medium,Yes,1,Low,Medium,Public,Negative,5,No,College,Near,Male
9,64,Medium,Medium,No,5,73,Medium,Yes,1,Medium,Medium,Public,Positive,4,No,College,Near,Male
29,97,Medium,Medium,No,8,58,Medium,Yes,1,High,Medium,Private,Negative,4,No,College,Moderate,Female
24,97,High,Low,No,7,75,Low,Yes,1,Medium,Medium,Public,Negative,2,No,High School,Moderate,Female
20,81,Medium,Low,Yes,6,53,Low,Yes,0,Medium,Low,Public,Neutral,4,No,,Far,Female
22,89,Medium,High,Yes,5,97,Medium,Yes,2,Medium,Medium,Private,Neutral,5,No,High School,Near,Male
13,77,Medium,Medium,Yes,10,62,Medium,Yes,1,High,Medium,Private,Neutral,4,No,College,Moderate,Male
35,85,Medium,High,Yes,6,73,High,Yes,1,High,Medium,Public,Negative,5,No,High School,Moderate,Female
21,74,Medium,Low,Yes,7,52,Low,Yes,1,High,Medium,Public,Negative,4,No,High School,Far,Male
21,72,High,Medium,No,7,60,Low,Yes,0,Low,Medium,Private,Neutral,4,No,Postgraduate,Near,Male
24,83,Low,High,No,6,85,Low,Yes,1,Low,High,Public,Neutral,4,No,High School,Moderate,Female
23,80,Medium,Low,Yes,6,56,Medium,Yes,3,Medium,Medium,Public,Positive,2,Yes,,Near,Male
21,83,High,Medium,Yes,6,81,Low,Yes,3,High,Medium,Public,Negative,4,No,Postgraduate,Moderate,Male
15,71,Medium,High,No,8,50,Low,Yes,1,Medium,Medium,Public,Neutral,2,Yes,Postgraduate,Near,Female
23,75,Low,High,Yes,6,73,Low,Yes,1,Low,Medium,Public,Positive,2,No,High School,Moderate,Female
31,63,Medium,High,No,9,86,Low,Yes,0,High,Medium,Public,Neutral,3,No,Postgraduate,Moderate,Male
28,62,Medium,High,No,6,96,Medium,Yes,4,Medium,High,Public,Positive,3,No,High School,Near,Male
30,70,Low,Medium,No,8,75,Medium,Yes,1,Medium,,Private,Positive,2,No,High School,Near,Female
17,63,Medium,Medium,No,4,92,Medium,Yes,2,Low,Medium,Public,Negative,4,No,High School,Near,Female
14,64,High,High,Yes,6,90,Low,Yes,0,Low,High,Private,Negative,2,No,High School,Near,Female
19,93,Medium,High,No,6,65,Medium,Yes,0,Medium,High,Public,Neutral,3,No,High School,Near,Male
20,62,Low,Medium,Yes,5,94,High,Yes,3,Medium,Medium,Public,Neutral,3,No,Postgraduate,Near,Male
27,86,Medium,Medium,Yes,7,82,Low,Yes,2,Low,Medium,Public,Positive,3,No,High School,Moderate,Female
10,71,Medium,Medium,Yes,7,55,High,Yes,2,Low,High,Public,Positive,3,No,College,Near,Female
29,95,Low,Medium,Yes,4,97,Medium,Yes,0,Medium,Medium,Private,Positive,4,Yes,College,Moderate,Female
19,79,High,Medium,Yes,10,59,Low,Yes,1,Medium,Medium,Public,Neutral,3,Yes,College,Moderate,Male
17,72,Medium,High,Yes,7,74,Low,Yes,2,High,Medium,Public,Positive,4,No,Postgraduate,Far,Male
14,81,Medium,Medium,Yes,7,73,Low,No,1,High,Medium,Private,Positive,3,Yes,High School,Moderate,Male
10,75,High,Medium,No,9,81,Medium,Yes,3,Low,High,Public,Negative,5,No,High School,Near,Female
25,83,Medium,Medium,Yes,8,83,Medium,Yes,2,Low,Medium,Public,Neutral,1,Yes,High School,Moderate,Female
20,65,Medium,Low,Yes,7,62,High,Yes,0,Medium,Medium,Public,Neutral,0,Yes,Postgraduate,Near,Male
12,100,Medium,Medium,Yes,4,68,Medium,Yes,2,Low,Medium,Public,Neutral,3,No,College,Far,Male
12,77,Medium,Medium,Yes,8,57,Medium,Yes,2,Low,High,Public,Negative,2,No,College,Moderate,Male
18,74,Medium,Medium,No,6,56,Medium,Yes,1,Medium,Medium,Private,Positive,3,No,College,Moderate,Male
30,88,Medium,Medium,No,9,91,Medium,Yes,3,Medium,Low,Public,Positive,3,No,High School,Near,Female
18,75,Medium,Medium,Yes,6,88,Low,Yes,2,Medium,High,Public,Negative,1,Yes,Postgraduate,Near,Female
11,93,Medium,Medium,Yes,6,72,Low,Yes,2,Low,Medium,Public,Negative,3,No,College,Moderate,Male
19,78,High,High,No,5,55,Medium,Yes,0,Medium,Medium,Public,Neutral,4,No,High School,Moderate,Male
18,89,Medium,High,Yes,5,72,Low,Yes,4,Medium,Low,Public,Neutral,2,No,High School,Near,Female
4,64,Medium,High,Yes,7,65,Medium,Yes,1,Medium,High,Public,Negative,4,No,High School,Far,Male
20,94,Medium,Medium,No,7,89,Medium,Yes,0,Low,Medium,Private,Neutral,1,No,High School,Near,Male
19,89,Medium,Medium,No,6,55,Medium,Yes,1,Low,Medium,Private,Neutral,3,No,Postgraduate,Moderate,Female
24,68,Medium,Medium,Yes,10,73,Low,Yes,1,Medium,Medium,Public,Neutral,4,Yes,High School,Moderate,Female
31,66,Low,High,Yes,8,80,Low,Yes,0,Low,Low,Private,Negative,4,No,High School,Near,Female
27,73,Medium,Medium,No,7,99,Low,Yes,1,Low,Medium,Public,Positive,4,No,College,Near,Male
18,99,Medium,High,Yes,4,54,Low,Yes,0,Medium,Medium,Public,Positive,3,No,Postgraduate,Moderate,Male
13,70,Medium,Medium,No,8,56,Medium,Yes,2,Medium,High,Public,Neutral,0,No,High School,Near,Male
35,78,High,Low,Yes,10,99,Medium,Yes,1,Low,Medium,Private,Positive,2,No,High School,Near,Male
20,61,Medium,Low,Yes,7,70,Low,Yes,1,Medium,Medium,Private,Positive,4,No,High School,Moderate,Female
20,76,High,High,Yes,6,87,Low,Yes,1,Low,Medium,Public,Negative,4,No,Postgraduate,Moderate,Male
20,83,High,Medium,No,7,89,Medium,Yes,3,Low,High,Private,Negative,4,No,High School,Near,Female
21,98,High,Medium,No,5,66,Low,Yes,3,High,High,Public,Positive,5,No,High School,Near,Male
19,81,High,High,No,8,61,Low,Yes,3,Medium,Medium,Private,Negative,5,No,Postgraduate,Near,Male
17,93,Medium,Medium,Yes,9,64,Medium,Yes,1,Medium,Medium,Public,Neutral,3,No,High School,Moderate,Female
17,82,Medium,Low,No,6,88,Low,Yes,2,Low,Low,Private,Neutral,3,No,Postgraduate,Near,Male
20,62,Low,Low,No,6,92,High,Yes,2,Medium,Medium,Public,Positive,3,No,Postgraduate,Moderate,Male
17,73,High,Medium,Yes,7,85,Medium,Yes,2,Low,Medium,Public,Positive,2,No,High School,Moderate,Male
16,83,Medium,Medium,No,6,72,Medium,Yes,1,Low,High,Public,Positive,2,No,College,Near,Male
21,98,Medium,High,No,5,63,Low,Yes,0,Low,High,Public,Neutral,2,No,Postgraduate,Near,Male
18,94,Medium,Medium,No,6,71,Low,Yes,2,High,Medium,Public,Neutral,3,No,Postgraduate,Far,Male
29,69,Medium,High,No,6,96,Low,Yes,1,High,Medium,Public,Positive,4,No,High School,Near,Female
4,69,Medium,Low,No,9,93,Low,No,2,Medium,High,Private,Negative,3,No,High School,Moderate,Female
27,68,Medium,Medium,No,9,66,Medium,Yes,3,High,Medium,Private,Positive,3,No,High School,Far,Male
27,97,High,High,Yes,9,66,Low,Yes,1,Low,,Public,Positive,3,No,High School,Far,Male
8,94,High,Low,No,8,89,High,Yes,0,Medium,Medium,Public,Neutral,2,No,High School,Near,Female
18,91,High,High,Yes,7,71,High,Yes,0,Medium,Medium,Public,Neutral,3,No,High School,Near,Male
18,76,High,High,No,6,79,Medium,Yes,1,Medium,Medium,Private,Positive,2,No,Postgraduate,Far,Female
12,80,Low,Low,No,9,71,High,Yes,1,Low,Low,Private,Positive,3,Yes,High School,Moderate,Female
15,79,High,Medium,No,8,62,Low,Yes,1,Low,Low,Public,Positive,3,No,College,Near,Male
13,70,Medium,Medium,No,5,59,Medium,Yes,0,Medium,High,Private,Positive,2,No,Postgraduate,Near,Female
31,80,High,High,Yes,6,57,Low,Yes,1,Medium,High,Private,Positive,3,No,High School,Near,Female
26,61,Low,Medium,Yes,5,51,High,Yes,0,Low,Medium,Private,Neutral,5,No,High School,Moderate,Female
28,65,Medium,Medium,Yes,4,64,Medium,Yes,6,Medium,High,Public,Neutral,3,No,Postgraduate,Near,Male
24,95,High,Low,Yes,8,59,Medium,Yes,2,Low,High,Public,Negative,1,No,College,Moderate,Male
13,90,Medium,Medium,No,5,63,Medium,Yes,0,Low,Medium,Public,Neutral,4,No,High School,Moderate,Female
17,77,Medium,Medium,Yes,6,54,Low,Yes,3,Low,Medium,Public,Neutral,4,No,High School,Moderate,Male
23,81,Medium,Low,Yes,7,67,Medium,Yes,0,Medium,High,Private,Positive,5,No,,Moderate,Female
13,75,Medium,High,Yes,7,76,High,Yes,1,Medium,High,Public,Negative,1,No,,Moderate,Male
24,90,Medium,Medium,Yes,6,97,Low,Yes,1,High,High,Public,Positive,4,No,High School,Near,Male
19,91,Medium,Low,No,9,67,Medium,Yes,0,Medium,Medium,Private,Negative,3,No,College,Near,Female
18,91,Medium,Medium,No,5,52,Medium,Yes,2,Medium,Medium,Public,Negative,4,No,High School,Moderate,Female
24,89,Medium,High,Yes,5,68,Medium,Yes,0,Low,High,Public,Positive,2,No,Postgraduate,Near,Female
23,68,Low,Low,No,8,91,Medium,Yes,5,Low,Medium,Public,Negative,5,No,Postgraduate,Near,Female
18,74,Medium,Low,Yes,6,67,High,Yes,2,Low,High,Public,Neutral,2,No,High School,Near,Male
27,79,Medium,Low,No,6,65,Low,Yes,0,Medium,Medium,Private,Negative,2,No,College,Near,Male
14,73,Medium,Low,Yes,5,96,Low,Yes,1,Low,Medium,Public,Negative,3,No,High School,Moderate,Female
24,90,Medium,Medium,No,8,65,Medium,Yes,4,Low,Medium,Public,Neutral,4,No,High School,Moderate,Male
24,73,Medium,Medium,Yes,7,99,Medium,Yes,3,Medium,High,Private,Neutral,3,No,High School,Near,Female
18,66,High,Medium,No,7,92,Medium,Yes,2,Low,Medium,Private,Neutral,4,No,High School,Moderate,Male
22,76,High,Medium,Yes,6,84,High,Yes,2,Medium,High,Public,Neutral,3,No,High School,Near,Male
12,99,High,High,Yes,6,80,Medium,No,0,High,Medium,Public,Positive,3,No,High School,Moderate,Male
26,69,Medium,Medium,Yes,7,61,Medium,Yes,1,High,High,Public,Positive,2,No,College,Near,Male
19,84,Medium,High,Yes,8,87,Low,Yes,2,Low,High,Public,Positive,3,No,High School,Moderate,Female
17,77,Low,Medium,No,9,67,Low,Yes,0,Low,High,Public,Neutral,5,Yes,High School,Near,Female
26,63,Medium,High,Yes,9,74,Medium,Yes,1,Low,Medium,Private,Positive,4,No,High School,Near,Female
16,80,High,Medium,No,8,55,High,No,0,Low,Medium,Public,Positive,6,No,College,Moderate,Male
12,88,Medium,Medium,No,8,65,Medium,Yes,0,Low,Medium,Public,Positive,4,No,High School,Near,Male
11,81,Medium,High,Yes,5,76,Medium,Yes,1,Low,,Public,Neutral,3,No,Postgraduate,Far,Male
24,95,Medium,Low,Yes,6,73,Medium,No,3,Low,Medium,Public,Positive,2,No,High School,Moderate,Male
12,72,Medium,Medium,No,8,67,Low,Yes,4,Medium,Medium,Public,Neutral,4,No,High School,Near,Male
31,63,Low,High,Yes,7,74,Low,Yes,3,Medium,Medium,Public,Negative,2,No,College,Moderate,Male
8,97,Medium,High,Yes,8,87,Medium,Yes,0,Medium,Medium,Public,Positive,2,Yes,High School,Near,Male
30,75,Medium,Medium,No,8,73,High,Yes,1,Medium,Medium,Public,Negative,3,No,College,Near,Male
21,83,Medium,Medium,Yes,8,75,High,Yes,1,Low,High,Public,Neutral,2,No,High School,Far,Male
19,92,Medium,Medium,Yes,5,85,Medium,Yes,1,Medium,High,Private,Neutral,4,No,High School,Near,Male
17,73,High,High,Yes,7,92,Medium,Yes,2,High,Medium,Private,Negative,2,No,High School,Moderate,Male
22,89,High,Medium,No,6,76,Medium,Yes,2,Low,Medium,Public,Neutral,4,No,High School,Near,Male
20,65,High,High,Yes,6,97,Medium,Yes,0,Low,Low,Private,Negative,3,No,High School,Moderate,Female
27,72,Medium,Low,No,4,68,Medium,No,0,Medium,High,Public,Negative,3,Yes,College,Near,Male
21,66,Medium,Medium,Yes,7,63,Medium,Yes,0,High,Medium,Public,Neutral,3,No,High School,Near,Female
21,92,High,Medium,Yes,4,85,Low,Yes,1,High,Medium,Public,Negative,3,No,High School,Far,Male
18,69,Low,Medium,No,8,59,Low,No,1,Low,Medium,Public,Positive,4,No,High School,Near,Female
20,89,Low,Medium,Yes,9,95,Medium,Yes,3,Low,Medium,Public,Positive,3,No,High School,Moderate,Male
22,98,Medium,Low,Yes,8,69,Medium,Yes,4,High,Medium,Private,Positive,2,No,High School,Near,Female
10,81,Medium,Low,Yes,7,85,Low,Yes,1,Low,Medium,Public,Neutral,2,No,College,Near,Male
12,82,Low,Medium,No,9,79,High,Yes,0,Low,Medium,Private,Positive,2,No,College,Moderate,Female
24,78,High,Low,Yes,7,53,High,Yes,0,Medium,Medium,Public,Neutral,4,Yes,,Near,Male
21,73,Medium,Medium,No,6,85,Medium,Yes,6,Medium,High,Public,Neutral,5,No,College,Near,Male
19,79,Medium,High,Yes,7,90,Medium,Yes,1,High,Medium,Public,Negative,4,No,College,Far,Female
20,84,Medium,Medium,Yes,10,99,Low,Yes,2,Medium,Medium,Private,Positive,3,No,High School,Moderate,Male
22,99,Medium,Medium,Yes,5,71,High,Yes,0,Medium,High,Public,Neutral,4,No,College,Near,Female
17,98,Low,High,No,5,75,Low,Yes,1,Low,Low,Private,Positive,3,Yes,College,Near,Male
15,94,Low,Medium,No,8,94,Low,Yes,1,High,Medium,Public,Positive,4,No,High School,Moderate,Male
21,96,Medium,High,No,7,63,Medium,Yes,1,Medium,Medium,Private,Negative,2,No,Postgraduate,Far,Female
14,79,High,Medium,Yes,6,59,Medium,Yes,5,Medium,High,Public,Positive,3,No,Postgraduate,Far,Male
22,86,Medium,Medium,Yes,5,57,High,Yes,2,Medium,Medium,Public,Positive,3,No,College,Moderate,Male
10,96,Medium,Medium,No,4,99,Medium,Yes,1,Medium,Medium,Private,Negative,5,No,College,Near,Female
26,76,Medium,Medium,No,5,64,Low,Yes,0,Medium,Medium,Public,Positive,5,No,College,Far,Female
23,98,Medium,Medium,No,9,88,High,Yes,1,Low,Medium,Public,Negative,4,No,Postgraduate,Moderate,Female
22,77,Medium,Medium,Yes,7,72,Medium,Yes,2,Medium,High,Public,Neutral,3,No,High School,Near,Male
26,84,Low,High,No,4,62,Medium,No,3,High,High,Public,Positive,2,No,High School,Near,Male
30,88,High,Medium,Yes,9,96,Medium,Yes,1,Medium,High,Private,Neutral,3,Yes,High School,Near,Male
26,98,Medium,Low,Yes,9,73,High,Yes,1,High,Low,Public,Neutral,6,No,Postgraduate,Moderate,Male
9,70,Medium,Medium,No,9,78,Low,Yes,1,Medium,Low,Public,Neutral,2,No,High School,Near,Female
12,90,Medium,High,No,6,61,Low,Yes,2,Medium,High,Public,Neutral,3,No,College,Near,Male
16,81,High,Medium,Yes,7,66,Medium,Yes,3,High,High,Private,Positive,4,No,High School,Near,Male
20,71,Medium,Low,No,7,87,High,Yes,1,Medium,Medium,Public,Negative,5,No,High School,Near,Male
23,91,Low,High,Yes,9,67,Low,Yes,2,Low,Medium,Public,Neutral,4,No,,Near,Female
16,82,High,High,Yes,6,75,Low,Yes,3,Medium,,Public,Neutral,3,No,College,Moderate,Female
21,86,Medium,Low,No,6,56,Medium,Yes,1,Low,High,Private,Negative,2,No,College,Near,Female
15,73,Low,High,Yes,8,93,Medium,Yes,1,Low,High,Public,Positive,4,No,College,Far,Male
16,79,Low,Medium,Yes,9,87,Medium,Yes,1,Low,Medium,Public,Neutral,2,No,College,Moderate,Female
12,85,High,High,Yes,7,88,High,Yes,1,Low,Medium,Public,Neutral,0,No,College,Far,Female
14,76,High,Medium,Yes,8,59,Low,Yes,3,Medium,Medium,Private,Neutral,5,No,High School,Moderate,Male
12,68,High,High,Yes,7,75,Medium,Yes,1,Medium,Low,Private,Positive,4,No,High School,Near,Male
14,98,High,High,No,7,51,Medium,Yes,0,Medium,Low,Public,Positive,1,Yes,High School,Near,Male
26,80,Medium,Low,Yes,6,66,Medium,Yes,2,High,Medium,Public,Neutral,4,No,Postgraduate,Near,Male
14,89,Medium,Low,Yes,5,67,Low,No,3,Low,Low,Private,Neutral,3,No,High School,Far,Female
36,76,Medium,Medium,No,6,96,Medium,Yes,1,Low,Medium,Private,Neutral,2,No,College,Near,Male
23,74,High,Low,No,6,100,Low,Yes,2,High,Low,Private,Positive,3,No,High School,Near,Male
21,76,Medium,Medium,No,7,81,Medium,Yes,0,Medium,High,Private,Positive,2,No,College,Moderate,Female
15,76,High,High,Yes,9,76,Medium,Yes,1,Medium,High,Public,Neutral,2,No,Postgraduate,Far,Female
24,82,Low,Medium,Yes,7,72,Medium,Yes,0,Medium,High,Public,Positive,2,No,Postgraduate,Moderate,Female
17,82,High,Medium,No,6,51,Medium,Yes,1,Low,Medium,Public,Positive,3,No,Postgraduate,Moderate,Male
21,80,Medium,Medium,Yes,8,90,Medium,Yes,0,Medium,Medium,Public,Negative,4,No,College,Near,Male
35,65,High,Medium,Yes,7,84,High,Yes,0,Medium,Medium,Public,Positive,2,No,High School,Moderate,Male
19,80,Low,Low,No,8,82,Medium,Yes,5,Low,Low,Public,Positive,3,No,College,Near,Male
27,67,Low,Medium,Yes,6,90,Medium,Yes,2,High,High,Private,Neutral,3,No,High School,Moderate,Male
16,65,Low,High,No,9,96,Low,Yes,2,Low,Medium,Public,Negative,2,No,High School,Near,Male
20,97,Medium,High,No,9,69,Low,Yes,0,Low,Low,Public,Negative,3,Yes,High School,Near,Male
31,84,Medium,High,No,7,71,Low,Yes,4,Low,Medium,Public,Negative,4,No,High School,Far,Male
16,86,High,High,No,8,99,Medium,Yes,4,Low,High,Private,Neutral,4,No,College,Near,Male
31,76,Medium,Medium,Yes,9,83,Medium,Yes,2,High,Medium,Private,Negative,3,No,High School,Moderate,Female
24,96,Low,High,No,6,93,Medium,Yes,2,Low,Medium,Public,Neutral,2,No,High School,Moderate,Female
17,86,Medium,Medium,No,7,61,Medium,No,2,High,Medium,Public,Positive,3,No,High School,Moderate,Male
24,91,Low,Low,Yes,7,66,High,Yes,2,Low,High,Public,Neutral,3,No,High School,Near,Male
26,75,High,Medium,No,5,70,Low,Yes,0,High,Low,Private,Neutral,2,No,Postgraduate,Near,Male
24,98,High,Low,No,8,66,High,Yes,2,Low,Medium,Public,Positive,1,No,High School,Moderate,Male
11,93,High,Medium,No,9,94,Medium,Yes,4,Low,High,Public,Neutral,4,No,High School,Moderate,Male
16,94,Medium,Medium,No,7,76,Low,Yes,2,Medium,Medium,Public,Neutral,3,Yes,High School,Near,Female
19,67,Low,Medium,Yes,8,98,Medium,Yes,2,Low,Medium,Private,Negative,2,No,Postgraduate,Near,Female
20,71,Medium,Medium,Yes,9,66,Medium,Yes,1,Medium,Low,Private,Negative,5,Yes,College,Near,Female
24,71,Medium,High,Yes,6,52,Medium,Yes,2,Medium,Medium,Private,Neutral,3,No,College,Far,Female
21,71,High,Medium,Yes,8,57,Low,No,2,High,Medium,Public,Positive,1,No,Postgraduate,Near,Female
12,94,Low,High,Yes,6,61,Medium,Yes,3,High,High,Public,Neutral,4,No,College,Near,Male
22,61,Low,Low,Yes,6,82,Low,Yes,4,Medium,Medium,Public,Positive,4,No,High School,Moderate,Female
24,63,High,Medium,No,8,59,Low,Yes,1,Low,Medium,Public,Neutral,3,Yes,High School,Near,Male
23,71,Medium,Medium,Yes,7,69,High,Yes,3,Low,Medium,Public,Positive,5,Yes,,Far,Female
26,68,Medium,High,Yes,8,90,Medium,Yes,4,Low,High,Private,Neutral,3,No,High School,Near,Male
25,69,High,Medium,Yes,7,56,Medium,Yes,2,Low,Medium,Private,Neutral,4,No,High School,Near,Male
23,92,Low,Medium,No,8,54,Medium,Yes,0,High,Low,Public,Positive,1,No,Postgraduate,Near,Female
20,83,High,Low,No,9,77,High,Yes,0,Low,Medium,Public,Positive,3,Yes,,Near,Male
10,60,Medium,Medium,No,9,85,Medium,Yes,0,Medium,High,Public,Positive,4,No,Postgraduate,Near,Male
23,77,Low,Medium,Yes,8,96,Medium,Yes,1,High,Medium,Private,Neutral,1,Yes,College,Near,Male
21,76,Medium,High,Yes,8,83,Medium,Yes,0,Low,Medium,Public,Positive,5,No,High School,Near,Male
22,65,Low,Medium,No,7,97,Low,Yes,2,Medium,High,Private,Neutral,4,No,High School,Moderate,Female
12,87,Medium,Low,Yes,7,62,Medium,No,2,Medium,Medium,Public,Neutral,4,No,High School,Near,Female
14,88,Medium,Medium,No,8,67,Medium,Yes,2,High,Low,Public,Neutral,3,No,Postgraduate,Far,Male
26,89,Medium,Low,Yes,7,92,Medium,Yes,2,Low,High,Public,Positive,2,No,Postgraduate,Moderate,Male
20,89,Medium,High,Yes,8,91,Medium,Yes,2,Medium,Medium,Public,Positive,3,No,High School,Near,Female
24,60,Medium,High,Yes,9,83,High,Yes,2,Medium,Low,Public,Positive,3,Yes,High School,Near,Male
20,98,Low,Medium,No,7,75,High,Yes,4,Medium,Medium,Private,Positive,1,No,College,Near,Male
20,93,High,Medium,Yes,4,51,Low,Yes,1,Medium,Medium,Public,Positive,3,No,High School,Near,Male
26,96,High,High,Yes,10,64,Low,Yes,2,Medium,Medium,Private,Neutral,3,Yes,High School,Near,Female
17,61,Low,Low,Yes,6,58,Medium,Yes,1,Medium,High,Public,Neutral,4,No,High School,Near,Male
21,97,Medium,Medium,Yes,7,53,Medium,Yes,0,High,Medium,Public,Neutral,2,No,High School,Moderate,Male
17,92,Medium,High,No,8,89,Medium,Yes,0,Low,Low,Public,Positive,3,Yes,High School,Near,Male
17,93,Low,Medium,Yes,9,57,High,Yes,3,Low,High,Private,Neutral,2,No,College,Near,Male
18,64,Medium,Low,Yes,10,68,Low,Yes,1,Low,Medium,Public,Positive,5,No,High School,Near,Male
21,90,Medium,Medium,Yes,6,99,Low,Yes,2,Low,High,Public,Positive,2,No,,Moderate,Male
17,98,Medium,High,Yes,9,70,Low,Yes,1,High,Medium,Private,Negative,2,No,High School,Near,Male
28,87,Low,Low,Yes,7,57,Medium,Yes,2,Medium,High,Private,Negative,4,No,High School,Moderate,Male
15,83,High,Medium,Yes,10,84,Medium,Yes,1,High,High,Public,Negative,2,No,College,Near,Male
19,98,Medium,High,No,9,90,Low,No,1,High,Medium,Private,Positive,2,No,College,Far,Female
17,78,Medium,High,No,7,64,Medium,Yes,0,Low,Medium,Private,Neutral,3,No,High School,Near,Female
29,84,High,Medium,Yes,6,90,Medium,Yes,0,Medium,High,Public,Positive,3,No,Postgraduate,Far,Male
21,79,High,Medium,No,4,64,Low,Yes,0,Low,High,Public,Negative,4,No,College,Moderate,Male
26,97,Medium,Medium,No,8,85,Low,No,2,High,Low,Public,Neutral,3,No,High School,Near,Male
11,63,High,Medium,Yes,9,56,High,Yes,2,Medium,Medium,Public,Neutral,3,No,High School,Near,Female
22,80,Medium,Medium,Yes,8,71,High,Yes,2,Low,Medium,Private,Positive,3,No,High School,Near,Female
25,87,Medium,High,No,4,76,Low,Yes,1,Low,High,Public,Positive,4,No,College,Far,Male
20,92,Medium,Low,No,5,86,Low,Yes,0,Medium,Medium,Public,Neutral,2,No,Postgraduate,Moderate,Female
26,83,High,Low,Yes,8,83,Medium,Yes,2,Low,High,Public,Neutral,2,No,College,Near,Female
17,96,Medium,Medium,Yes,10,93,Medium,Yes,2,Medium,Low,Public,Negative,4,No,High School,Near,Female
28,98,Medium,Medium,Yes,7,59,Medium,Yes,1,Low,Medium,Public,Positive,3,No,High School,Near,Male
34,63,Medium,High,Yes,9,83,Medium,Yes,2,Medium,High,Public,Negative,2,No,College,Moderate,Male
18,76,Medium,High,No,5,56,Medium,Yes,1,Low,Low,Public,Negative,2,No,College,Moderate,Male
17,61,Medium,Medium,No,7,74,High,Yes,0,Medium,Medium,Public,Neutral,2,No,Postgraduate,Near,Female
29,73,Medium,Medium,No,7,76,Medium,Yes,2,Low,High,Private,Neutral,3,No,High School,Near,Female
29,81,Low,Medium,Yes,9,51,Low,Yes,2,Medium,Medium,Public,Positive,5,No,Postgraduate,Near,Male
17,96,Medium,Medium,Yes,6,54,Medium,Yes,1,Medium,Medium,Private,Positive,4,No,High School,Near,Male
17,94,Medium,Medium,No,10,92,Low,Yes,2,Low,Medium,Private,Negative,2,No,High School,Near,Male
18,65,High,Medium,Yes,7,64,Medium,Yes,2,High,Medium,Public,Positive,1,No,High School,Near,Male
12,64,Medium,Low,No,5,67,Medium,Yes,3,Low,Medium,Private,Positive,2,Yes,High School,Near,Male
14,84,Medium,Medium,No,5,82,Medium,Yes,3,Low,Medium,Public,Positive,3,No,College,Far,Male
14,81,High,Medium,No,6,61,Low,Yes,0,Low,Medium,Public,Positive,4,No,High School,Moderate,Male
15,71,Low,Medium,No,8,60,High,No,5,Low,High,Public,Positive,4,No,High School,Far,Female
20,96,Medium,Medium,No,6,71,Medium,Yes,5,Low,High,Public,Neutral,3,No,College,Near,Male
21,97,Medium,High,Yes,6,53,Low,Yes,0,Low,Medium,Public,Negative,3,Yes,High School,Moderate,Male
29,76,Medium,Medium,No,8,96,Low,Yes,2,Low,Medium,Public,Positive,2,No,Postgraduate,Moderate,Male
14,96,Medium,High,Yes,4,97,Low,Yes,2,Medium,Medium,Public,Negative,3,No,High School,Near,Female
26,75,Low,Medium,No,6,72,Medium,Yes,0,Low,High,Public,Neutral,3,No,High School,Near,Male
19,89,Low,Medium,Yes,5,60,Low,Yes,4,Medium,Medium,Public,Positive,2,No,Postgraduate,Moderate,Female
20,79,Medium,Low,Yes,6,74,Low,Yes,2,Low,Medium,Public,Positive,2,No,High School,Far,Male
24,65,Medium,Medium,No,7,55,Low,Yes,1,Low,High,Private,Positive,3,Yes,High School,Near,Female
13,97,High,High,No,7,70,Medium,Yes,1,Low,High,Public,Neutral,4,No,Postgraduate,Near,Female
22,78,High,Medium,No,7,54,Medium,Yes,1,Medium,Medium,Public,Negative,3,Yes,High School,Moderate,Male
21,89,Low,Medium,Yes,9,85,Low,Yes,1,Medium,Medium,Public,Negative,5,No,College,Far,Female
23,75,Medium,Medium,No,7,64,High,Yes,1,Low,Medium,Public,Negative,3,Yes,High School,Moderate,Male
22,61,Low,Low,Yes,10,76,High,Yes,1,High,High,Public,Positive,2,No,College,Near,Male
35,64,Medium,Medium,Yes,8,51,Medium,Yes,2,Medium,Medium,Public,Negative,5,Yes,High School,Near,Male
16,80,High,Medium,No,6,76,Medium,Yes,1,Medium,High,Public,Positive,4,No,College,Near,Male
17,88,Medium,Medium,No,10,50,Medium,Yes,3,Low,High,Public,Neutral,5,No,College,Moderate,Female
16,73,Low,High,Yes,7,96,Medium,Yes,1,Medium,Medium,Private,Positive,3,No,High School,Moderate,Female
17,88,Medium,Medium,Yes,10,75,Medium,Yes,2,Medium,Medium,Public,Neutral,3,No,High School,Near,Male
16,88,Low,Medium,No,7,55,Medium,Yes,3,Low,Low,Public,Neutral,3,No,Postgraduate,Near,Male
27,88,Medium,Medium,No,7,67,Medium,Yes,3,High,Medium,Public,Neutral,4,No,College,Far,Male
29,80,Medium,High,Yes,8,52,Medium,Yes,4,Low,Medium,Public,Positive,4,No,High School,Moderate,Female
17,97,Medium,High,No,7,77,Medium,Yes,0,Low,Medium,Private,Negative,4,No,College,Far,Male
15,80,High,Low,No,9,56,High,Yes,3,Medium,Medium,Public,Neutral,3,Yes,High School,Near,Female
23,78,Medium,Medium,Yes,10,74,Low,Yes,3,Medium,Medium,Public,Negative,4,No,High School,Moderate,Male
17,68,High,Medium,Yes,4,65,High,Yes,0,Medium,Medium,Private,Positive,2,No,High School,Moderate,Male
24,72,High,Low,Yes,8,88,High,Yes,3,Low,Medium,Public,Positive,2,No,High School,Near,Female
21,62,Medium,Low,No,6,74,High,Yes,0,Low,High,Private,Positive,3,Yes,Postgraduate,Far,Male
11,85,Medium,Low,Yes,4,92,Low,Yes,0,Medium,High,Public,Neutral,1,No,College,Near,Male
29,70,Low,High,No,8,97,Low,Yes,3,Low,High,Public,Positive,3,No,Postgraduate,Moderate,Male
31,72,Medium,Medium,No,8,98,High,Yes,0,Low,Medium,Public,Neutral,4,No,College,Far,Male
16,91,Medium,Medium,No,8,63,High,Yes,2,Medium,High,Public,Neutral,3,No,College,Near,Female
18,73,Low,Medium,Yes,8,88,Low,Yes,3,Low,Medium,Public,Positive,4,No,College,Moderate,Male
22,70,Medium,High,Yes,8,72,Medium,Yes,2,High,Medium,Public,Neutral,3,No,High School,Near,Male
22,67,High,Medium,No,6,71,Low,Yes,2,Medium,,Public,Positive,2,No,College,Moderate,Male
24,91,High,Medium,No,7,93,Low,Yes,0,Medium,Medium,Public,Positive,2,No,High School,Moderate,Male
32,65,Medium,Low,Yes,8,57,Low,Yes,2,Low,Medium,Public,Positive,3,No,High School,Moderate,Female
19,78,Medium,Medium,Yes,9,74,Low,Yes,2,Low,Medium,Public,Positive,5,No,High School,Moderate,Female
15,80,High,Medium,No,7,80,Medium,Yes,0,Low,Low,Public,Neutral,5,No,High School,Near,Female
12,87,Medium,Medium,Yes,7,53,Low,Yes,2,Medium,Medium,Private,Neutral,1,No,College,Near,Male
16,85,Low,Medium,No,7,93,High,Yes,1,Medium,High,Public,Positive,3,No,High School,Near,Male
20,92,Medium,Medium,Yes,5,66,Medium,Yes,2,Medium,Medium,Public,Negative,2,Yes,College,Moderate,Male
31,62,High,Medium,No,8,83,Medium,Yes,0,Medium,High,Private,Neutral,2,Yes,College,Near,Female
17,72,Low,Medium,Yes,5,96,High,Yes,3,High,Medium,Public,Negative,3,No,High School,Moderate,Male
21,71,Medium,Low,No,8,86,Medium,Yes,2,Medium,High,Public,Neutral,2,No,College,Near,Male
20,66,Medium,Medium,Yes,7,94,Low,Yes,0,Medium,Low,Public,Neutral,4,No,High School,Moderate,Female
27,72,High,High,Yes,5,53,Medium,Yes,1,High,Medium,Private,Neutral,5,No,Postgraduate,,Male
35,72,High,High,Yes,5,75,Medium,Yes,1,Low,Medium,Public,Positive,5,No,College,Moderate,Male
17,81,Medium,High,No,6,78,Medium,Yes,2,Low,Medium,Private,Positive,2,No,High School,Moderate,Male
17,87,High,Low,Yes,6,84,Medium,Yes,0,Medium,Medium,Public,Positive,3,No,College,Far,Male
26,75,Low,Medium,Yes,9,56,Medium,Yes,1,Low,Medium,Public,Positive,5,No,High School,Moderate,Male
24,89,Low,Medium,No,7,83,Medium,No,1,Low,Low,Public,Neutral,3,No,High School,Moderate,Male
31,73,High,Medium,Yes,8,57,Medium,Yes,2,Low,High,Public,Neutral,4,No,High School,Far,Male
24,72,Medium,Low,Yes,9,53,Medium,Yes,0,Low,High,Private,Neutral,4,Yes,High School,Moderate,Male
18,82,Low,Medium,No,9,73,Low,Yes,2,Low,Medium,Public,Positive,4,No,College,Near,Female
24,61,Medium,Medium,No,7,80,High,Yes,0,Low,Medium,Public,Positive,3,No,Postgraduate,Moderate,Male
27,63,High,Medium,Yes,6,98,Medium,Yes,1,Low,High,Public,Positive,2,No,High School,Moderate,Female
25,77,High,High,No,8,85,Medium,Yes,2,Medium,Medium,Public,Positive,1,No,College,Near,Male
23,98,High,Medium,Yes,6,80,Medium,Yes,1,Medium,Medium,Public,Positive,2,No,,Moderate,Male
26,89,Medium,Low,Yes,10,61,Low,Yes,0,Medium,High,Public,Neutral,3,No,High School,Moderate,Female
27,64,High,Low,Yes,8,58,Medium,Yes,2,High,High,Public,Neutral,1,No,Postgraduate,Far,Male
28,94,Medium,High,Yes,7,80,Medium,Yes,3,Low,High,Public,Positive,4,No,Postgraduate,Far,Male
24,89,Medium,High,Yes,8,61,Medium,Yes,1,Low,High,Public,Positive,3,No,Postgraduate,Near,Female
19,84,High,Low,Yes,7,85,Medium,Yes,1,High,Medium,Private,Neutral,3,No,High School,Near,Male
21,93,Medium,Medium,Yes,6,56,Medium,No,1,Low,Medium,Public,Positive,3,No,High School,Near,Male
27,76,Low,High,Yes,8,67,Medium,Yes,1,Medium,Medium,Public,Positive,4,No,High School,Near,Male
15,69,Medium,Medium,Yes,7,89,Medium,Yes,1,Low,High,Public,Negative,2,No,College,Moderate,Female
22,80,Medium,High,Yes,10,92,Medium,Yes,0,Medium,High,Public,Positive,2,No,High School,Near,Female
18,82,Low,Medium,Yes,6,67,Low,Yes,1,High,Low,Private,Positive,3,No,Postgraduate,Moderate,Male
20,82,Low,Low,Yes,8,60,Medium,Yes,3,Medium,High,Public,Positive,4,No,High School,Moderate,Male
28,83,Medium,High,No,6,98,Medium,Yes,1,Low,High,Private,Neutral,2,No,Postgraduate,Moderate,Male
21,98,Low,Medium,No,6,88,Medium,Yes,1,Medium,Low,Public,Neutral,3,No,Postgraduate,Near,Male
20,96,High,Medium,No,4,90,Medium,Yes,3,Low,Medium,Private,Neutral,2,No,College,Near,Male
12,95,Medium,Medium,No,8,61,High,Yes,4,High,High,Private,Neutral,1,No,College,Near,Male
24,92,Low,High,Yes,6,71,Low,Yes,2,Low,High,Public,Positive,2,No,High School,Near,Male
24,98,Medium,Low,No,9,53,Medium,Yes,3,High,Low,Private,Negative,2,No,Postgraduate,Far,Male
33,64,High,Medium,No,8,55,Medium,Yes,1,Medium,High,Public,Neutral,3,No,College,Moderate,Female
18,71,Low,Low,Yes,7,61,Low,Yes,2,Low,Medium,Public,Negative,4,No,College,Near,Male
21,80,Medium,High,No,5,65,High,Yes,2,Medium,Low,Private,Neutral,1,No,Postgraduate,Moderate,Male
21,94,High,Medium,Yes,8,100,Low,Yes,0,Low,Medium,Public,Neutral,3,No,Postgraduate,Near,Male
29,80,Medium,Medium,Yes,6,71,Medium,Yes,0,Medium,Medium,Public,Positive,3,No,College,Moderate,Female
19,90,High,Medium,Yes,5,85,High,Yes,0,Medium,High,Private,Positive,5,No,Postgraduate,Near,Female
22,66,Medium,High,No,8,95,Low,Yes,3,Medium,Medium,Private,Positive,3,No,High School,Moderate,Female
24,70,Medium,High,No,5,62,Medium,Yes,2,Low,Medium,Private,Negative,4,Yes,College,Near,Male
21,89,Medium,Medium,No,4,57,Medium,Yes,1,High,Medium,Private,Positive,2,No,High School,Near,Female
17,67,Low,High,Yes,9,62,High,Yes,3,Medium,Medium,Public,Positive,3,No,High School,Near,Male
21,74,High,Medium,No,6,94,Medium,Yes,1,Low,High,Public,Positive,1,No,High School,Near,Male
26,71,High,Low,Yes,4,83,Low,Yes,1,Medium,Medium,Public,Negative,3,No,College,Moderate,Male
14,74,High,High,Yes,6,73,High,Yes,2,Medium,Medium,Private,Neutral,3,No,High School,Near,Female
21,88,High,Medium,No,6,91,Medium,Yes,2,High,Medium,Public,Neutral,1,No,High School,Moderate,Female
16,75,High,Medium,Yes,9,62,Medium,Yes,3,Low,Medium,Public,Positive,4,No,High School,Moderate,Female
27,82,Medium,High,Yes,5,62,Low,Yes,1,Low,High,Private,Neutral,4,No,High School,Moderate,Female
11,64,High,Medium,Yes,5,78,Low,Yes,2,Low,High,Private,Neutral,4,No,College,Moderate,Male
17,92,Medium,Low,Yes,8,90,High,Yes,1,High,Low,Public,Negative,3,No,High School,Near,Male
22,75,Medium,High,Yes,6,63,Low,Yes,1,Low,Medium,Public,Positive,2,No,College,Near,Male
29,86,Medium,Medium,Yes,7,61,Medium,Yes,0,Medium,Medium,Public,Negative,4,No,High School,Far,Female
20,89,High,Medium,Yes,6,74,Medium,Yes,1,Low,High,Private,Neutral,2,No,High School,Moderate,Male
17,68,Medium,Medium,Yes,10,57,Medium,Yes,1,High,Medium,Private,Positive,1,Yes,High School,Moderate,Female
31,95,High,Medium,Yes,5,87,Medium,Yes,2,Low,Medium,Public,Neutral,3,No,Postgraduate,Moderate,Male
11,85,Medium,Medium,No,7,79,Low,Yes,2,High,Low,Public,Positive,3,No,High School,Near,Male
7,77,High,Medium,No,9,76,Medium,Yes,2,Medium,High,Public,Negative,3,No,College,Moderate,Male
23,67,High,Medium,No,6,94,Low,Yes,1,Medium,Medium,Public,Positive,2,No,College,Far,Male
17,98,Low,High,No,6,87,High,No,3,Medium,Medium,Private,Positive,5,No,College,Near,Female
14,90,High,Medium,Yes,8,57,Medium,Yes,0,Medium,Medium,Public,Positive,3,Yes,College,Moderate,Male
24,68,Medium,Medium,No,9,71,Medium,Yes,2,Medium,Medium,Public,Neutral,4,No,College,Near,Male
21,74,Medium,High,No,6,66,Low,Yes,1,Medium,High,Private,Negative,4,No,High School,Near,Male
17,92,High,High,Yes,9,90,Medium,Yes,1,High,Low,Public,Positive,3,No,,Moderate,Male
12,88,Medium,Medium,Yes,7,86,High,Yes,3,Medium,High,Public,Positive,3,Yes,High School,Moderate,Male
25,91,Medium,Medium,No,8,74,High,Yes,1,Medium,High,Private,Positive,3,No,College,Moderate,Male
24,78,Medium,Medium,Yes,9,91,Low,Yes,0,High,High,Public,Negative,3,No,Postgraduate,Far,Female
19,89,Low,Medium,No,8,71,Medium,Yes,2,Low,High,Public,Positive,4,No,High School,Near,Male
31,75,Medium,Medium,No,7,90,Low,Yes,2,Medium,High,Public,Neutral,2,Yes,High School,Moderate,Male
14,68,Medium,Medium,Yes,6,52,Medium,Yes,2,Low,Medium,Public,Positive,2,No,College,Near,Male
11,85,High,Low,Yes,10,57,High,Yes,0,Medium,High,Public,Neutral,5,No,High School,Near,Male
16,99,Low,High,No,6,88,High,Yes,2,Low,Low,Public,Neutral,3,No,Postgraduate,Near,Male
20,72,Medium,High,Yes,7,56,Low,Yes,0,Low,Medium,Public,Negative,6,Yes,College,Moderate,Male
21,78,High,Medium,No,8,84,Low,Yes,1,High,Low,Public,Positive,4,No,High School,Near,Male
19,87,High,Low,Yes,8,86,Low,Yes,1,Medium,High,Public,Positive,4,No,High School,Moderate,Female
22,82,High,High,No,10,83,Medium,Yes,1,Low,High,Private,Neutral,2,Yes,College,Moderate,Male
12,94,Medium,High,Yes,7,91,Low,Yes,3,Medium,Medium,Private,Positive,3,No,Postgraduate,Near,Female
29,90,Medium,High,No,7,76,Medium,Yes,0,Low,Medium,Public,Neutral,1,No,Postgraduate,Moderate,Female
20,62,Medium,Medium,Yes,9,95,Low,Yes,0,Medium,Medium,Private,Neutral,3,Yes,High School,Near,Male
27,100,Low,Low,Yes,7,78,Low,Yes,2,Medium,Medium,Public,Negative,2,No,High School,Near,Male
22,90,High,High,No,8,75,High,Yes,1,Low,Low,Private,Neutral,3,No,College,Moderate,Male
23,95,Medium,Medium,Yes,7,75,Medium,Yes,2,High,Medium,Public,Positive,2,No,College,Near,Male
23,86,Medium,High,Yes,8,96,Low,Yes,3,Medium,Medium,Private,Positive,2,No,High School,Moderate,Female
23,94,Medium,Low,Yes,8,62,Medium,Yes,2,Low,Medium,Public,Positive,0,No,Postgraduate,Moderate,Female
24,64,Medium,High,Yes,6,85,High,Yes,0,High,Low,Private,Neutral,3,Yes,Postgraduate,,Male
28,74,Medium,Low,Yes,4,62,Medium,Yes,1,Low,Medium,Private,Neutral,3,No,High School,Moderate,Male
21,95,High,Medium,No,4,55,Medium,Yes,2,Medium,High,Private,Neutral,1,No,College,Near,Male
24,68,Medium,Medium,Yes,4,98,High,Yes,2,Medium,High,Public,Negative,2,No,High School,Near,Male
19,63,Medium,High,Yes,7,56,Medium,Yes,2,Low,Medium,Private,Positive,3,No,High School,Near,Female
29,92,Low,Low,Yes,4,84,Medium,Yes,2,Low,Medium,Public,Negative,3,No,Postgraduate,Near,Male
16,93,Low,Medium,No,7,71,Medium,Yes,0,Medium,High,Public,Positive,2,No,High School,Near,Male
31,67,Medium,Low,No,7,92,High,Yes,2,Medium,Medium,Public,Negative,3,No,High School,Far,Female
20,94,Low,High,Yes,8,89,Medium,Yes,1,Low,Medium,Public,Positive,4,No,High School,Near,Male
11,87,Low,Medium,No,8,57,High,Yes,0,Low,Medium,Public,Negative,2,No,High School,Moderate,Male
21,81,High,Medium,No,8,73,Medium,Yes,3,Low,Medium,Public,Positive,2,Yes,High School,Near,Male
16,93,Medium,Low,Yes,8,51,Medium,Yes,3,Low,Medium,Public,Neutral,2,No,College,Near,Male
25,77,Low,Medium,Yes,7,71,Medium,Yes,0,Medium,Medium,Public,Negative,3,No,High School,Near,Female
16,68,Low,Medium,Yes,7,85,High,Yes,1,Low,High,Private,Positive,3,No,Postgraduate,Moderate,Female
17,71,Low,Medium,Yes,6,62,Medium,Yes,2,Low,Medium,Public,Neutral,3,Yes,College,Near,Male
9,80,Medium,High,No,7,91,Low,Yes,1,Medium,Medium,Public,Neutral,3,No,College,Near,Female
17,81,Medium,Low,Yes,5,53,Low,Yes,0,Medium,Medium,Public,Neutral,1,No,College,Near,Male
5,92,Medium,Medium,Yes,9,52,Medium,Yes,2,High,Medium,Private,Neutral,4,Yes,College,Moderate,Female
10,92,Low,High,Yes,6,51,Low,Yes,1,Medium,Medium,Private,Neutral,3,No,High School,Near,Female
25,83,Medium,High,No,7,64,Medium,Yes,0,Low,Medium,Public,Neutral,2,No,College,Moderate,Male
25,91,Medium,High,Yes,7,73,Medium,Yes,2,Low,Medium,Public,Positive,3,No,High School,Near,Female
23,68,Medium,Medium,Yes,9,55,Medium,Yes,0,Low,Medium,Public,Positive,3,No,College,Moderate,Male
14,62,High,Medium,No,4,100,Low,Yes,1,Low,Medium,Public,Neutral,3,No,High School,Near,Male
20,95,Medium,Low,Yes,7,100,Low,No,3,Low,Medium,Private,Neutral,2,No,High School,Near,Female
20,63,Low,Low,Yes,8,76,Medium,Yes,3,Medium,Medium,Public,Neutral,4,No,Postgraduate,Near,Female
13,70,High,Medium,No,10,78,Medium,Yes,1,Low,Medium,Public,Negative,2,No,High School,Far,Female
29,88,Medium,High,No,7,96,Low,Yes,2,Low,Low,Public,Positive,2,No,High School,Near,Female
25,76,Medium,Low,Yes,6,88,Low,Yes,1,Medium,Medium,Private,Negative,3,No,College,Far,Male
19,95,High,Low,No,10,58,Low,Yes,2,High,Medium,Public,Positive,3,No,High School,Near,Male
20,72,Medium,Medium,No,8,90,High,No,2,Low,Low,Private,Neutral,2,No,College,Near,Female
21,60,High,Medium,Yes,9,62,Medium,Yes,2,Low,Medium,Public,Positive,3,No,High School,Near,Male
8,72,Low,Medium,Yes,5,72,Medium,Yes,3,High,Low,Private,Positive,4,No,High School,Near,Female
19,83,Medium,Medium,No,8,77,High,Yes,1,Low,Medium,Public,Positive,4,No,High School,Far,Male
16,75,Low,Low,Yes,5,86,Medium,Yes,0,Low,Medium,Public,Positive,1,No,College,Moderate,Female
14,81,Medium,Medium,Yes,5,58,High,Yes,3,Low,High,Public,Negative,4,No,Postgraduate,Moderate,Male
18,95,Medium,High,No,8,54,Medium,Yes,2,High,Medium,Public,Neutral,3,No,College,Moderate,Female
31,96,Medium,Medium,Yes,8,93,Low,Yes,3,Low,Medium,Public,Positive,3,No,High School,Near,Male
24,71,Low,High,Yes,6,91,Medium,Yes,3,High,Medium,Public,Neutral,2,No,High School,Far,Female
17,78,Low,Medium,Yes,9,76,Low,Yes,4,Medium,Medium,Public,Positive,2,No,College,Near,Male
23,82,Medium,High,No,6,83,Medium,Yes,2,Medium,Medium,Private,Positive,3,No,Postgraduate,Moderate,Male
28,98,High,Medium,Yes,7,86,Medium,Yes,2,Medium,High,Private,Neutral,2,No,High School,Near,Female
26,100,High,High,No,7,74,Low,Yes,1,Medium,Medium,Public,Neutral,2,No,High School,Far,Female
20,69,High,Medium,No,7,63,Low,Yes,2,Low,Medium,Private,Negative,2,No,,Moderate,Female
16,89,Medium,Medium,Yes,9,74,Medium,No,1,Low,Medium,Public,Neutral,3,No,High School,Far,Male
24,75,Low,Medium,No,5,98,High,Yes,1,Low,Medium,Public,Positive,3,No,High School,Near,Male
22,60,Medium,Medium,No,6,92,Low,Yes,2,Low,High,Public,Negative,2,No,High School,Near,Male
25,60,Medium,Low,Yes,5,73,Low,Yes,1,Medium,Medium,Public,Negative,2,No,High School,Near,Male
24,78,Low,High,Yes,10,61,High,Yes,2,Medium,Medium,Public,Positive,4,No,College,Moderate,Female
26,80,Medium,Medium,Yes,7,94,Medium,Yes,1,Low,Medium,Private,Positive,2,No,Postgraduate,Moderate,Male
17,61,Low,Medium,Yes,6,82,High,Yes,0,Medium,High,Public,Neutral,4,No,Postgraduate,Near,Male
28,87,Medium,Medium,Yes,7,70,Medium,Yes,2,Low,Medium,Public,Neutral,2,No,Postgraduate,Near,Male
21,72,Medium,Low,Yes,8,56,Medium,Yes,0,Low,Medium,Public,Neutral,4,No,High School,Near,Male
32,82,Low,Medium,Yes,8,88,Low,Yes,0,High,Medium,Public,Positive,2,No,College,Moderate,Male
16,72,Medium,Medium,Yes,6,66,Low,Yes,0,Low,Medium,Private,Positive,4,No,College,Near,Male
30,67,Medium,High,Yes,6,80,High,Yes,0,Low,Medium,Public,Neutral,4,No,,Moderate,Male
21,76,Medium,Low,Yes,5,78,High,No,0,Low,High,Public,Neutral,3,No,High School,Near,Male
16,69,High,High,Yes,7,85,Medium,Yes,0,High,High,Private,Negative,3,No,High School,Near,Female
17,81,Low,Medium,Yes,9,77,Medium,Yes,3,Low,Medium,Public,Neutral,4,No,College,Far,Male
18,68,High,High,No,6,82,Low,Yes,0,Medium,High,Public,Positive,3,No,High School,Near,Male
23,80,Low,Low,Yes,8,54,Medium,Yes,0,Medium,High,Private,Positive,2,No,,Near,Female
23,66,Medium,High,No,6,83,Medium,Yes,0,High,Medium,Public,Positive,2,No,High School,Near,Female
17,87,Medium,Medium,Yes,5,60,Medium,Yes,4,Medium,Medium,Private,Positive,3,Yes,High School,Near,Female
20,90,High,Medium,No,8,70,Medium,Yes,0,Medium,Medium,Private,Neutral,3,No,High School,Moderate,Female
33,64,Medium,Low,Yes,10,76,Low,Yes,2,High,High,Private,Neutral,3,No,High School,Near,Male
30,79,Low,Medium,No,8,84,Medium,Yes,3,Low,Medium,Private,Negative,3,No,College,Moderate,Female
23,63,Medium,Low,Yes,6,87,Low,Yes,1,Medium,Medium,Public,Neutral,2,No,Postgraduate,Near,Male
20,84,Medium,Medium,No,6,85,Medium,Yes,0,Medium,Medium,Private,Positive,3,No,High School,Moderate,Male
21,71,Medium,Medium,Yes,10,55,Low,Yes,1,Medium,Medium,Public,Negative,4,No,High School,Moderate,Female
24,81,Low,High,Yes,7,69,Medium,Yes,3,Low,Medium,Public,Negative,3,No,College,,Male
14,81,Medium,High,Yes,6,64,Low,No,2,High,High,Public,Neutral,2,No,High School,Far,Female
18,97,Low,Medium,No,7,70,Low,Yes,0,High,Medium,Public,Neutral,2,Yes,High School,Near,Female
10,82,High,Medium,No,7,82,Low,Yes,2,Low,High,Private,Neutral,4,No,High School,Near,Male
22,83,Medium,Medium,Yes,8,60,Low,No,4,Medium,Medium,Public,Neutral,2,No,Postgraduate,Moderate,Female
24,76,Low,High,No,9,75,Low,Yes,0,Low,Medium,Private,Positive,5,No,High School,Near,Male
17,98,High,High,No,9,94,Low,Yes,0,High,Low,Public,Negative,3,No,College,Near,Male
29,91,Medium,High,Yes,7,87,Medium,No,2,Medium,High,Private,Negative,4,No,College,Near,Female
13,71,Medium,High,No,7,86,Low,Yes,2,Low,Medium,Public,Positive,3,No,Postgraduate,Near,Male
11,94,Low,High,Yes,8,92,High,Yes,0,Medium,Medium,Public,Neutral,4,No,High School,Near,Female
21,77,Medium,High,Yes,6,70,Low,No,2,High,Medium,Private,Positive,2,No,College,Near,Male
26,93,Medium,Medium,No,8,88,Medium,Yes,1,Medium,High,Public,Neutral,4,Yes,College,Near,Male
30,93,High,High,Yes,7,53,Medium,Yes,3,Low,Medium,Private,Negative,2,No,Postgraduate,Moderate,Female
17,68,Low,High,No,8,53,Medium,Yes,0,Low,Medium,Public,Neutral,2,No,College,Near,Male
26,88,Low,Low,No,10,67,Low,Yes,0,Low,Low,Private,Positive,3,No,High School,Far,Male
20,72,High,Low,No,8,60,Low,Yes,0,Low,Medium,Public,Neutral,5,No,High School,Near,Male
19,72,High,Medium,Yes,7,76,Medium,Yes,1,Medium,High,Public,Positive,2,No,High School,Moderate,Female
25,72,Low,High,Yes,6,59,Medium,Yes,2,Low,Medium,Public,Negative,3,No,High School,Near,Male
24,89,High,Medium,Yes,7,99,Medium,Yes,2,Low,High,Private,Neutral,4,No,High School,Near,Female
11,69,Medium,Medium,No,5,93,Medium,Yes,0,Medium,High,Public,Negative,4,No,College,Near,Male
29,60,High,High,Yes,8,99,Medium,Yes,0,Medium,Medium,Public,Positive,4,Yes,High School,,Female
28,89,High,Low,Yes,4,90,High,Yes,3,Low,High,Public,Positive,2,Yes,Postgraduate,Moderate,Female
16,67,Low,High,Yes,8,98,Medium,Yes,0,High,Low,Private,Negative,3,No,High School,Moderate,Male
22,64,Medium,High,Yes,8,68,Medium,Yes,2,Medium,Medium,Public,Negative,4,No,High School,Near,Male
23,70,Low,High,Yes,7,75,High,Yes,0,Low,Medium,Public,Positive,4,No,,Near,Female
22,75,Low,Low,Yes,6,62,Medium,Yes,0,High,High,Public,Negative,3,No,Postgraduate,Near,Female
17,79,Low,High,Yes,7,82,Medium,Yes,0,Medium,High,Public,Negative,2,No,College,Near,Male
16,62,High,Medium,No,4,89,High,Yes,3,Low,Medium,Public,Neutral,3,No,College,Near,Female
20,99,Medium,Medium,No,8,75,Medium,Yes,2,Low,High,Private,Negative,2,No,Postgraduate,Far,Female
27,89,Medium,Medium,No,7,65,Medium,Yes,1,Medium,Medium,Public,Neutral,3,No,High School,Near,Female
23,73,High,Medium,Yes,9,75,Medium,Yes,0,High,High,Private,Positive,3,No,High School,Moderate,Female
18,73,Medium,High,No,8,53,Medium,No,1,Low,High,Public,Neutral,3,No,Postgraduate,Moderate,Male
25,78,Medium,Medium,No,7,86,Medium,Yes,1,Medium,Medium,Public,Negative,3,No,Postgraduate,Moderate,Female
3,85,Low,High,No,8,73,Low,Yes,2,Low,Medium,Private,Neutral,3,No,High School,Near,Male
27,66,Medium,Medium,Yes,6,95,Medium,Yes,1,Medium,,Public,Positive,3,No,College,Moderate,Male
10,68,Low,Medium,No,6,96,Low,Yes,1,High,Medium,Public,Neutral,3,No,College,Moderate,Male
18,94,High,Medium,Yes,7,56,Low,No,1,Low,Medium,Public,Positive,3,No,Postgraduate,Near,Male
13,70,Medium,Medium,Yes,7,100,Medium,Yes,3,Low,Medium,Public,Neutral,3,No,High School,Near,Male
12,75,Medium,High,Yes,6,98,Medium,Yes,2,Low,Medium,Public,Neutral,2,No,College,Far,Male
27,95,Medium,High,No,7,81,Low,Yes,3,Low,Medium,Public,Neutral,2,No,High School,Moderate,Male
17,87,Medium,Medium,Yes,7,91,High,Yes,3,Low,High,Public,Positive,3,Yes,College,Near,Female
22,74,Medium,High,Yes,10,51,Medium,No,1,Medium,Medium,Private,Negative,4,No,High School,Near,Male
20,87,Medium,Medium,No,7,99,Medium,Yes,3,Low,Medium,Public,Negative,3,No,High School,Near,Male
23,61,High,Low,Yes,6,73,Medium,Yes,1,Medium,Medium,Public,Positive,3,No,College,Near,Male
20,89,Low,Medium,Yes,7,95,Low,Yes,3,Low,Medium,Private,Neutral,2,No,High School,Near,Male
12,79,Low,Medium,Yes,9,69,Medium,Yes,2,Low,High,Public,Neutral,3,No,Postgraduate,Near,Male
26,93,Medium,High,Yes,9,89,Medium,Yes,0,Low,Medium,Public,Neutral,3,No,College,Moderate,Male
17,98,High,Low,Yes,10,71,Medium,Yes,0,Low,High,Private,Positive,3,No,Postgraduate,Moderate,Female
11,97,Medium,Medium,Yes,7,68,Low,Yes,0,Low,Medium,Private,Negative,2,No,High School,Moderate,Female
17,96,Medium,Low,No,8,97,Low,Yes,0,Medium,Medium,Public,Negative,3,No,High School,Near,Female
29,80,Medium,Low,No,5,85,High,Yes,0,High,High,Public,Neutral,2,No,High School,Moderate,Male
25,74,Low,Medium,Yes,6,92,Low,Yes,4,Medium,Medium,Private,Positive,3,No,Postgraduate,Near,Male
18,79,Medium,Medium,Yes,5,77,Low,Yes,1,Low,High,Public,Neutral,3,No,High School,Near,Male
18,88,High,High,Yes,8,96,Low,Yes,1,Low,Medium,Public,Positive,3,No,High School,Far,Female
18,95,High,Medium,Yes,7,87,High,Yes,5,Medium,Medium,Public,Neutral,2,No,College,Near,Male
32,68,Low,Medium,Yes,7,54,Medium,Yes,1,Low,Medium,Private,Neutral,1,No,Postgraduate,Near,Male
22,97,Medium,Medium,Yes,6,88,High,Yes,1,Low,Low,Private,Positive,4,No,College,Near,Male
23,93,Medium,Low,Yes,8,51,High,No,0,Low,High,Private,Positive,1,No,High School,,Male
26,99,Low,High,Yes,4,91,High,Yes,2,High,Low,Public,Neutral,4,No,Postgraduate,Moderate,Female
21,95,Medium,Low,Yes,7,67,Medium,Yes,3,Medium,Medium,Public,Positive,2,No,College,Far,Female
18,71,Low,Low,No,7,80,Medium,Yes,1,Medium,Low,Public,Neutral,4,No,Postgraduate,Moderate,Female
19,64,Medium,Medium,No,4,87,High,Yes,2,Medium,Medium,Private,Positive,4,No,High School,Moderate,Male
20,64,Medium,High,No,8,82,Medium,Yes,3,Medium,Low,Public,Negative,3,No,High School,Moderate,Female
20,72,Medium,High,No,7,84,Low,Yes,2,Medium,High,Public,Negative,2,No,High School,Moderate,Female
24,85,Medium,Medium,Yes,8,95,Medium,Yes,2,Medium,Medium,Public,Negative,4,No,High School,Near,Female
20,92,Medium,Low,No,10,69,Medium,Yes,0,Low,Medium,Public,Positive,2,No,Postgraduate,Far,Male
24,96,Medium,Medium,Yes,7,77,Low,No,0,Low,Medium,Public,Negative,2,Yes,High School,Near,Female
20,85,Medium,High,No,8,59,Medium,Yes,1,Medium,Medium,Public,Positive,3,No,Postgraduate,Far,Female
20,60,Medium,Medium,No,9,73,High,Yes,4,Medium,Medium,Public,Negative,4,No,College,Near,Male
8,67,High,Medium,Yes,8,58,Low,Yes,2,Medium,Medium,Public,Positive,1,No,Postgraduate,Moderate,Female
25,64,Medium,Low,Yes,6,82,Low,Yes,2,Low,Medium,Public,Negative,3,No,High School,Moderate,Female
22,75,Medium,Low,Yes,5,66,Low,Yes,2,Low,Medium,Public,Positive,2,No,High School,Far,Male
26,80,Medium,Medium,Yes,8,93,Medium,Yes,2,Low,Low,Public,Neutral,1,No,Postgraduate,Moderate,Male
3,62,Medium,Low,No,6,67,Medium,Yes,1,Low,Medium,Public,Negative,3,No,High School,Near,Male
33,74,Medium,Medium,No,9,64,Medium,Yes,2,Medium,Medium,Private,Neutral,4,No,Postgraduate,Near,Female
19,67,Medium,Medium,Yes,6,75,High,Yes,1,Low,Medium,Public,Neutral,3,No,College,Near,Female
27,86,Low,Medium,Yes,7,59,Low,Yes,1,Medium,Medium,Public,Neutral,3,No,High School,Near,Male
14,79,Medium,Low,Yes,5,60,Medium,Yes,3,Low,Medium,Public,Negative,5,No,High School,Near,Male
24,80,Medium,Medium,No,6,89,Medium,Yes,1,Low,High,Public,Neutral,3,No,College,Near,Male
14,77,Low,High,No,6,75,Medium,Yes,1,Medium,High,Public,Neutral,4,Yes,High School,Near,Female
16,98,Medium,Low,Yes,6,60,Medium,Yes,1,Medium,Medium,Private,Positive,3,No,High School,Far,Male
31,69,Medium,Medium,No,7,52,Medium,No,2,High,Low,Public,Neutral,5,No,College,Far,Male
19,81,High,High,No,6,73,Low,No,1,Low,High,Private,Positive,3,No,High School,Near,Female
21,89,Low,Medium,Yes,10,87,Low,Yes,3,Medium,Medium,Public,Positive,3,No,College,Near,Male
25,82,High,Low,No,8,68,Medium,Yes,1,Low,High,Public,Neutral,3,No,College,Near,Male
23,97,Medium,Low,Yes,9,62,Medium,Yes,0,Low,Medium,Private,Positive,2,No,Postgraduate,Near,Male
21,75,Medium,Medium,Yes,7,70,Low,Yes,3,Medium,Medium,Public,Positive,4,Yes,Postgraduate,Near,Male
22,79,Medium,Medium,Yes,7,98,High,Yes,0,High,Medium,Public,Neutral,3,No,High School,Near,Male
34,64,Medium,Medium,No,6,71,High,Yes,0,Low,High,Private,Negative,4,No,High School,Near,Female
20,84,High,High,Yes,10,63,Medium,Yes,0,Low,Medium,Private,Positive,4,No,High School,Near,Female
21,72,Medium,High,No,7,78,Low,No,0,High,Medium,Public,Neutral,1,Yes,High School,Near,Female
26,66,Medium,Medium,No,6,91,Medium,Yes,3,Medium,,Public,Positive,3,No,College,Near,Female
27,82,Medium,High,No,6,51,Low,Yes,1,Low,Medium,Public,Negative,3,No,High School,Moderate,Male
27,81,Medium,Medium,No,8,78,Medium,Yes,0,Medium,Medium,Public,Positive,3,No,High School,Moderate,Male
24,63,Medium,Medium,Yes,9,92,Medium,Yes,4,Medium,Medium,Private,Positive,4,No,Postgraduate,Near,Male
13,88,High,Low,Yes,9,61,Low,Yes,4,Medium,Medium,Private,Negative,3,No,High School,Near,Female
30,85,Medium,Medium,Yes,6,96,Low,Yes,1,Medium,Medium,Private,Neutral,4,No,High School,Near,Female
13,68,Low,Medium,Yes,6,79,Medium,Yes,1,High,Medium,Private,Negative,3,No,College,Near,Male
22,79,Medium,Medium,No,9,76,Medium,Yes,1,Low,Medium,Private,Positive,2,No,High School,Near,Male
15,89,High,Low,No,10,98,Low,Yes,0,Low,Medium,Private,Positive,2,No,College,Near,Male
20,81,High,High,Yes,7,56,Low,No,1,Medium,Medium,Private,Positive,3,No,High School,Near,Male
22,76,Medium,Low,No,9,87,Low,Yes,2,Low,High,Public,Neutral,3,Yes,College,Near,Female
22,73,High,Low,No,5,91,Medium,Yes,1,Medium,Medium,Public,Positive,3,No,Postgraduate,Moderate,Male
23,84,Low,Low,No,6,74,Medium,No,3,Low,Medium,Public,Positive,1,No,High School,Near,Female
30,98,Low,Low,Yes,5,50,High,Yes,0,Low,High,Public,Negative,2,No,College,Near,Male
23,87,Low,High,No,8,76,Medium,Yes,2,High,Medium,Public,Positive,5,Yes,Postgraduate,Near,Female
19,63,Low,High,Yes,7,58,Medium,Yes,2,Low,High,Private,Neutral,3,No,Postgraduate,Near,Female
26,78,Low,High,Yes,7,78,Low,Yes,4,Medium,Medium,Private,Neutral,4,No,High School,Moderate,Female
27,96,Medium,High,Yes,9,87,Low,No,0,Medium,High,Public,Positive,2,No,College,Moderate,Male
13,64,Medium,Low,Yes,6,77,Medium,Yes,0,Low,High,Public,Neutral,4,No,High School,Near,Male
24,100,Medium,Low,Yes,7,82,Low,Yes,1,Medium,High,Private,Positive,3,No,High School,Moderate,Male
24,98,Medium,Medium,Yes,5,55,High,Yes,0,Medium,Medium,Public,Positive,3,No,High School,Moderate,Male
18,63,High,High,No,9,55,Medium,Yes,2,High,High,Private,Positive,2,No,Postgraduate,Near,Female
28,97,Medium,Medium,No,9,93,Low,Yes,3,Medium,High,Public,Neutral,3,No,High School,Near,Female
19,75,Medium,Medium,No,8,52,High,Yes,0,Low,Medium,Public,Negative,4,No,Postgraduate,Moderate,Male
21,94,Medium,Low,Yes,7,64,Low,Yes,2,Medium,Medium,Private,Neutral,2,No,High School,Near,Male
19,77,High,Low,No,6,97,Low,Yes,4,Low,Medium,Public,Negative,2,No,High School,Near,Male
20,78,Medium,Medium,No,5,73,Low,Yes,1,Low,Medium,Public,Negative,3,No,College,Near,Female
13,85,Low,High,Yes,7,84,Medium,No,0,Low,Medium,Public,Neutral,5,No,High School,Moderate,Female
11,91,Medium,Low,No,8,61,Medium,Yes,1,High,Medium,Private,Positive,3,No,Postgraduate,Far,Male
30,61,High,High,No,10,64,Low,Yes,4,Medium,Medium,Public,Positive,2,No,Postgraduate,Moderate,Male
15,84,Medium,High,Yes,6,75,Medium,Yes,2,Medium,Medium,Private,Positive,4,Yes,Postgraduate,,Female
14,67,Medium,High,No,7,82,Low,Yes,1,Medium,Medium,Public,Neutral,3,No,High School,Far,Female
7,74,Low,High,No,9,98,High,Yes,3,High,Low,Public,Neutral,2,No,High School,Moderate,Male
16,74,High,Low,No,9,79,High,Yes,0,High,Medium,Public,Neutral,4,No,Postgraduate,Moderate,Female
12,79,Low,High,No,6,55,Medium,Yes,1,Low,High,Private,Neutral,4,No,College,Far,Female
30,73,Low,Medium,No,7,68,Medium,Yes,0,Low,High,Public,Positive,2,No,Postgraduate,Near,Male
26,64,Low,High,No,6,62,Low,Yes,1,Low,Medium,Private,Positive,5,No,High School,Moderate,Male
16,66,Medium,Low,No,6,63,Low,Yes,2,Medium,High,Public,Neutral,3,No,College,Moderate,Male
34,61,Low,Medium,No,9,75,Medium,Yes,1,Low,Medium,Public,Neutral,2,No,College,Far,Male
26,79,High,Low,No,7,66,Medium,Yes,1,High,Medium,Public,Positive,5,Yes,High School,Moderate,Male
18,98,High,Low,No,7,64,Medium,Yes,0,Medium,Medium,Public,Positive,4,No,Postgraduate,Moderate,Male
5,65,Medium,High,Yes,7,98,Low,Yes,1,Low,Low,Private,Positive,3,No,High School,Far,Male
34,98,Medium,High,No,7,79,Medium,Yes,1,Low,Medium,Private,Neutral,4,No,College,Near,Male
12,89,Low,Medium,Yes,7,63,Medium,Yes,4,Low,High,Public,Neutral,2,No,College,Near,Male
10,85,Medium,Medium,Yes,6,64,Low,Yes,1,Medium,Medium,Public,Negative,3,No,College,Near,Male
26,86,Medium,High,Yes,9,91,Medium,Yes,3,High,Medium,Public,Neutral,3,Yes,High School,Near,Female
35,93,Medium,Medium,Yes,6,94,Medium,Yes,5,Medium,Medium,Public,Neutral,2,Yes,College,Near,Female
28,64,Medium,High,Yes,6,84,Low,Yes,2,Medium,Medium,Private,Positive,2,No,Postgraduate,Near,Male
23,80,Low,Medium,No,7,72,Low,Yes,0,Low,High,Public,Negative,5,No,High School,Near,Male
24,88,High,Medium,No,10,88,Low,Yes,2,High,High,Public,Positive,1,No,Postgraduate,Far,Female
25,83,Medium,High,Yes,6,97,Low,Yes,0,Low,Low,Public,Neutral,4,No,High School,Near,Male
25,93,High,Medium,No,8,58,Medium,Yes,0,High,Medium,Private,Positive,4,No,High School,Moderate,Female
22,63,High,Medium,No,7,93,High,Yes,0,Medium,Medium,Private,Neutral,2,No,High School,Far,Male
21,88,High,High,Yes,7,92,High,Yes,2,Medium,Medium,Public,Positive,3,No,Postgraduate,Near,Female
20,81,Medium,High,Yes,8,68,Medium,Yes,0,Medium,Medium,Public,Neutral,3,No,College,Near,Male
15,75,Medium,High,Yes,4,65,High,Yes,1,Low,Low,Private,Positive,4,No,Postgraduate,Moderate,Female
18,74,Medium,Medium,No,6,78,High,Yes,0,High,Medium,Public,Positive,2,No,High School,Moderate,Female
10,85,High,Medium,Yes,8,64,Low,Yes,2,High,Medium,Public,Neutral,3,No,Postgraduate,Near,Female
19,96,Medium,Medium,No,7,57,High,Yes,0,Low,Medium,Public,Positive,3,No,High School,Near,Female
14,80,High,Low,Yes,7,98,High,Yes,2,Low,High,Private,Negative,2,No,High School,Near,Male
13,93,Medium,High,Yes,8,75,Medium,Yes,1,Medium,Medium,Private,Positive,2,No,High School,Near,Male
21,76,Medium,Medium,Yes,6,74,Medium,Yes,2,Medium,Medium,Private,Neutral,3,No,High School,Near,Male
28,64,Medium,Medium,Yes,9,56,Medium,Yes,1,Low,Low,Public,Negative,2,No,College,Near,Male
26,62,High,High,No,8,75,Medium,Yes,2,Medium,Medium,Public,Neutral,2,No,College,Moderate,Male
11,62,Low,High,Yes,7,87,High,No,3,Low,High,Public,Positive,3,No,High School,Far,Female
14,75,Medium,Low,Yes,8,62,Low,Yes,0,High,Medium,Public,Negative,2,No,High School,Moderate,Female
26,73,Medium,Medium,Yes,9,68,High,Yes,4,Medium,Medium,Public,Neutral,2,No,High School,Far,Male
14,89,Low,High,No,6,59,Low,Yes,2,Low,High,Public,Neutral,5,No,Postgraduate,Moderate,Male
19,90,Medium,Medium,No,8,68,Low,Yes,0,High,Medium,Public,Negative,4,No,High School,Moderate,Male
23,62,Medium,High,No,10,93,High,Yes,2,Low,,Public,Positive,4,No,College,Near,Female
14,69,Low,High,No,8,62,High,Yes,1,Medium,High,Private,Neutral,2,No,High School,Near,Male
21,71,Medium,Medium,Yes,7,51,Medium,Yes,3,Medium,High,Private,Neutral,3,No,Postgraduate,Moderate,Female
12,82,High,Medium,Yes,10,77,High,Yes,0,Medium,Medium,Public,Neutral,4,No,College,Far,Female
16,66,High,Medium,Yes,7,79,High,Yes,0,High,High,Private,Neutral,3,No,College,Near,Female
22,65,Medium,Medium,Yes,9,66,High,Yes,2,Medium,Medium,Public,Negative,4,No,High School,Near,Male
10,98,Medium,Medium,Yes,6,82,Medium,Yes,2,High,Medium,Public,Positive,2,No,College,Moderate,Male
23,92,Medium,High,No,9,52,High,Yes,1,High,Medium,Private,Positive,2,No,High School,Near,Female
20,67,High,High,No,6,67,High,Yes,1,Medium,High,Public,Positive,2,Yes,College,Near,Female
23,76,Medium,Medium,Yes,7,57,High,Yes,1,Medium,Medium,Public,Negative,3,No,High School,Moderate,Female
21,74,Medium,High,Yes,6,61,Low,No,0,Low,Medium,Private,Positive,4,No,High School,Near,Male
28,92,Low,Medium,No,10,69,Medium,Yes,4,Low,Medium,Public,Neutral,4,No,High School,Moderate,Female
21,80,Medium,High,No,7,75,High,Yes,3,Medium,High,Private,Neutral,2,No,High School,Far,Male
17,65,Low,Low,Yes,5,55,Medium,Yes,2,Low,Medium,Public,Positive,3,No,High School,Near,Female
21,90,High,Medium,Yes,7,55,High,Yes,1,Low,High,Public,Neutral,4,No,High School,Near,Female
23,76,Medium,Medium,No,8,84,High,Yes,2,High,Medium,Public,Positive,4,No,College,Near,Female
20,71,Medium,Medium,No,7,70,High,Yes,0,High,High,Public,Negative,4,No,High School,Near,Female
20,75,Medium,Low,Yes,6,59,Medium,Yes,2,Medium,Medium,Public,Negative,1,No,Postgraduate,Moderate,Male
16,80,High,High,Yes,9,62,Low,Yes,0,High,Medium,Public,Neutral,4,No,Postgraduate,Near,Female
16,74,Low,Medium,Yes,9,86,Low,Yes,1,Low,Medium,Private,Neutral,2,No,High School,Near,Female
12,70,Medium,High,No,5,53,Medium,Yes,2,Low,Medium,Private,Positive,3,No,College,Near,Male
30,76,Medium,Medium,Yes,6,75,Low,Yes,3,High,Medium,Public,Positive,3,No,College,Near,Female
13,61,High,Low,No,7,68,Low,No,1,Medium,Medium,Public,Neutral,2,No,High School,Near,Male
16,91,Medium,Medium,Yes,6,91,Medium,Yes,1,Medium,Medium,Public,Neutral,2,No,High School,Moderate,Female
16,67,Medium,High,No,8,90,High,Yes,1,High,Low,Public,Neutral,4,No,High School,Near,Male
25,62,Medium,Medium,No,10,84,Low,Yes,2,Low,Medium,Public,Positive,3,No,College,Near,Female
18,86,High,Low,Yes,6,69,Low,Yes,2,Medium,High,Public,Positive,2,No,High School,Near,Male
27,91,Low,High,Yes,9,82,Medium,Yes,0,Low,Low,Public,Neutral,1,No,High School,Far,Male
16,93,Medium,Medium,Yes,5,82,Low,Yes,5,High,Medium,Public,Positive,1,No,High School,Near,Male
22,80,Low,Medium,No,8,67,Low,Yes,2,Low,Low,Private,Positive,2,No,Postgraduate,Moderate,Male
15,68,Low,Medium,Yes,6,94,Low,Yes,0,Medium,High,Public,Neutral,5,No,Postgraduate,Near,Female
33,89,Low,Medium,No,8,99,Medium,Yes,2,High,High,Private,Positive,4,No,College,Moderate,Male
13,88,High,Medium,No,4,66,Low,Yes,1,Low,High,Public,Positive,4,No,High School,Near,Female
22,70,Medium,High,Yes,5,90,High,Yes,1,Medium,High,Public,Neutral,3,No,College,Far,Female
24,96,High,High,No,8,75,Low,Yes,1,Medium,Medium,Public,Positive,1,No,College,Moderate,Female
22,64,Medium,Medium,No,6,73,High,Yes,3,Medium,Medium,Public,Positive,4,No,Postgraduate,Moderate,Female
19,99,High,Medium,No,7,69,Medium,Yes,1,High,Medium,Public,Positive,3,No,High School,Near,Male
19,94,Medium,Low,Yes,10,65,High,Yes,1,Low,High,Public,Negative,3,No,Postgraduate,Moderate,Male
20,88,Low,Low,No,7,96,Low,Yes,0,High,High,Public,Positive,3,No,Postgraduate,Moderate,Male
19,98,Medium,Medium,Yes,8,87,Medium,Yes,0,Medium,Medium,Private,Negative,6,No,High School,Near,Male
26,89,Medium,Medium,No,6,72,High,Yes,1,Low,Medium,Public,Neutral,3,Yes,College,Near,Female
33,68,Medium,Low,Yes,5,88,Medium,Yes,2,Low,Medium,Public,Negative,1,No,College,Moderate,Male
17,78,Medium,Medium,No,7,86,Medium,No,0,Low,Low,Public,Neutral,3,No,College,Near,Female
12,63,Medium,High,No,5,63,Low,Yes,4,Low,Medium,Private,Positive,2,No,High School,Moderate,Male
19,76,Medium,High,Yes,6,59,Medium,Yes,1,Medium,Medium,Public,Neutral,3,No,High School,Near,Female
35,90,High,Medium,Yes,7,92,Low,No,0,Low,Medium,Private,Neutral,4,No,High School,Near,Male
15,75,Medium,High,Yes,7,91,High,Yes,0,Medium,High,Public,Neutral,3,No,College,Moderate,Male
30,73,High,Medium,Yes,8,100,Medium,Yes,2,High,High,Public,Neutral,2,No,High School,Near,Female
30,84,High,Medium,No,8,51,Low,Yes,1,Low,Medium,Public,Positive,4,Yes,Postgraduate,Far,Male
17,95,Low,High,No,5,77,Medium,Yes,2,Medium,Medium,Public,Positive,4,No,High School,Moderate,Female
23,62,Low,High,Yes,6,85,Medium,Yes,1,Low,Medium,Public,Negative,3,Yes,College,Moderate,Male
30,75,Medium,Medium,Yes,4,79,Low,Yes,0,Medium,Medium,Public,Negative,4,No,High School,Moderate,Male
18,66,Medium,Medium,No,6,86,Medium,Yes,0,High,Medium,Public,Positive,2,No,High School,Moderate,Female
19,88,Medium,High,Yes,8,57,Low,No,1,Medium,Low,Private,Negative,4,No,College,Near,Male
17,64,Medium,Medium,No,9,50,Medium,Yes,2,Low,High,Public,Positive,4,No,High School,Moderate,Female
14,87,Medium,Medium,Yes,7,55,Medium,Yes,2,Low,High,Private,Positive,4,No,Postgraduate,Near,Male
16,71,Medium,High,No,9,69,Medium,Yes,1,Low,Medium,Public,Neutral,4,No,Postgraduate,Near,Female
13,68,Low,Low,Yes,8,66,Medium,Yes,0,Medium,Low,Public,Neutral,4,Yes,College,Near,Male
20,97,High,Medium,Yes,7,94,High,Yes,1,Medium,Medium,Public,Negative,1,No,College,Moderate,Male
15,61,Medium,High,Yes,6,54,Medium,Yes,0,High,High,Private,Neutral,2,No,Postgraduate,Near,Male
21,78,Medium,Medium,No,4,72,Medium,Yes,1,Medium,High,Public,Neutral,4,No,Postgraduate,Near,Male
11,61,Medium,Medium,Yes,9,98,High,Yes,0,Medium,High,Public,Negative,2,No,High School,Moderate,Male
22,79,Low,Medium,No,7,75,Low,Yes,1,Low,High,Private,Neutral,3,No,High School,Near,Female
25,80,Medium,Medium,Yes,9,57,Low,Yes,2,Low,High,Public,Positive,3,No,High School,Moderate,Female
8,73,Low,Medium,Yes,6,65,High,Yes,1,Low,Medium,Public,Neutral,4,No,College,Moderate,Male
22,65,Low,Low,Yes,10,81,Medium,Yes,1,Low,,Private,Neutral,3,No,Postgraduate,Near,Male
27,75,Medium,Medium,Yes,7,51,High,Yes,1,Medium,Low,Public,Negative,2,No,Postgraduate,Near,Male
13,87,Low,Medium,Yes,6,98,Low,Yes,0,High,High,Public,Positive,3,Yes,Postgraduate,Moderate,Male
30,91,Medium,Medium,Yes,7,78,High,Yes,3,Medium,Medium,Private,Positive,2,No,Postgraduate,Near,Male
23,81,Medium,Medium,No,7,85,Low,Yes,0,Medium,Medium,Public,Positive,4,No,High School,Near,Male
16,84,Low,Medium,No,7,75,High,Yes,2,Medium,Medium,Public,Negative,3,No,High School,Near,Female
20,68,Low,Medium,No,6,98,High,Yes,0,Low,High,Public,Negative,4,No,High School,Near,Female
23,71,High,Medium,Yes,4,79,Medium,No,2,Low,Medium,Public,Positive,3,No,,Near,Male
20,66,Low,Medium,Yes,6,83,Medium,Yes,2,Low,Medium,Private,Neutral,3,No,College,Near,Male
23,70,Medium,High,Yes,9,93,Medium,Yes,0,Low,High,Public,Neutral,2,Yes,Postgraduate,Moderate,Female
14,69,Medium,High,Yes,6,93,Low,No,2,Low,Medium,Private,Neutral,0,No,High School,Near,Male
21,81,High,Medium,Yes,4,51,Medium,Yes,0,Medium,Medium,Private,Positive,2,No,College,Moderate,Female
12,83,High,Low,Yes,5,64,Medium,Yes,1,High,Medium,Private,Negative,2,No,Postgraduate,Near,Female
19,98,High,Low,Yes,7,62,High,Yes,1,Low,High,Public,Neutral,2,No,High School,Near,Female
15,68,Medium,Medium,Yes,6,50,High,Yes,2,High,Low,Public,Neutral,3,No,High School,Moderate,Male
16,86,High,Medium,Yes,7,94,Medium,Yes,2,Low,High,Public,Neutral,3,No,High School,Moderate,Female
27,93,Medium,Low,Yes,6,66,Medium,Yes,2,Medium,Medium,Public,Negative,3,No,College,Moderate,Female
27,82,Medium,Medium,Yes,9,67,Low,Yes,1,Low,High,Private,Neutral,2,No,High School,Moderate,Male
24,70,Medium,High,No,8,55,Medium,Yes,4,Low,High,Public,Positive,4,No,Postgraduate,Moderate,Female
13,71,Medium,Medium,Yes,10,99,Medium,Yes,0,Low,Medium,Public,Neutral,3,No,Postgraduate,Near,Male
18,62,Low,High,Yes,6,91,High,No,4,Low,Medium,Private,Neutral,1,No,High School,Moderate,Male
27,72,Low,Low,Yes,7,79,Medium,Yes,2,High,High,Public,Positive,2,No,Postgraduate,Moderate,Female
21,90,High,Low,Yes,9,89,Low,Yes,1,Low,Low,Public,Neutral,2,No,High School,Far,Female
34,62,High,Low,No,8,89,Low,Yes,3,Low,Medium,Private,Neutral,4,No,College,Moderate,Female
22,69,Medium,High,Yes,6,83,Medium,Yes,1,Low,Medium,Public,Positive,2,No,College,Moderate,Female
21,88,Medium,Medium,Yes,8,59,Low,No,2,Medium,Medium,Private,Negative,1,No,Postgraduate,Near,Male
18,91,High,Medium,No,8,86,High,Yes,1,Medium,Medium,Public,Neutral,4,Yes,High School,Moderate,Male
21,78,High,Medium,Yes,4,78,Medium,Yes,2,High,Medium,Private,Negative,3,No,,Far,Male
19,88,Medium,High,No,6,86,Medium,Yes,4,Medium,Medium,Public,Positive,3,Yes,College,Moderate,Male
24,76,Medium,Medium,No,7,77,Medium,Yes,3,Medium,Medium,Private,Negative,4,No,Postgraduate,Moderate,Female
26,66,Low,Medium,Yes,9,98,Medium,Yes,2,Low,Medium,Public,Neutral,2,No,College,Near,Male
15,76,Medium,High,Yes,8,81,Medium,Yes,2,Low,Medium,Private,Neutral,4,No,Postgraduate,Moderate,Female
12,83,Medium,Medium,No,6,79,Medium,Yes,1,High,Low,Public,Neutral,4,No,High School,Moderate,Female
9,98,Medium,Medium,No,6,92,Medium,Yes,0,Medium,Medium,Public,Neutral,5,No,High School,Moderate,Male
23,63,Medium,Medium,No,8,69,High,Yes,2,Medium,Low,Public,Negative,4,Yes,High School,Near,Male
13,80,Low,High,Yes,4,66,High,Yes,2,Low,Medium,Public,Negative,2,No,High School,Moderate,Female
7,73,High,Medium,Yes,6,75,Medium,Yes,3,Low,Medium,Public,Neutral,3,No,College,Near,Female
22,80,Low,Low,No,9,79,High,Yes,0,Medium,Medium,Private,Neutral,3,No,College,Moderate,Female
35,61,Medium,High,Yes,7,61,Low,Yes,2,Medium,Medium,Private,Positive,4,Yes,High School,Near,Male
20,73,High,Medium,Yes,6,84,High,Yes,0,Medium,Medium,Public,Positive,3,No,High School,Moderate,Male
25,93,Medium,High,No,5,90,Low,Yes,1,Medium,Medium,Public,Positive,2,No,College,Near,Male
20,82,Medium,Medium,Yes,8,79,Low,Yes,1,Low,Medium,Public,Positive,4,No,High School,Near,Male
19,78,Medium,Medium,No,7,76,High,Yes,2,Medium,Low,Public,Neutral,3,No,College,Moderate,Female
26,71,High,Low,No,7,65,Medium,Yes,1,Low,Medium,Public,Positive,3,No,College,Near,Female
18,72,High,High,Yes,8,95,Medium,Yes,1,Medium,Medium,Public,Negative,4,No,High School,Moderate,Male
22,75,Medium,Medium,No,7,88,Low,Yes,0,Low,Medium,Private,Neutral,3,No,Postgraduate,Far,Male
22,93,High,Medium,No,7,74,Low,Yes,2,Medium,High,Public,Negative,3,No,College,Far,Male
16,99,Low,Medium,Yes,5,83,Low,Yes,0,Low,High,Private,Neutral,4,No,Postgraduate,Near,Female
26,78,High,High,Yes,5,67,Low,Yes,1,High,High,Private,Negative,3,No,High School,Moderate,Male
19,76,High,Medium,Yes,8,53,Medium,Yes,1,Medium,Medium,Public,Negative,4,No,College,Near,Female
15,94,Medium,Low,No,8,60,Medium,Yes,2,Medium,Medium,Public,Neutral,4,No,High School,Far,Male
23,77,High,High,Yes,8,54,Medium,Yes,1,Low,Medium,Public,Negative,3,No,College,Moderate,Female
15,82,Medium,High,Yes,6,75,Medium,Yes,1,Medium,Low,Public,Positive,3,No,High School,Near,Male
20,69,Medium,Medium,Yes,8,81,High,Yes,2,Medium,Medium,Public,Positive,4,No,High School,Near,Male
20,90,High,High,Yes,6,69,Medium,Yes,2,High,High,Public,Neutral,3,No,High School,Near,Female
27,81,Medium,Low,Yes,9,77,Low,Yes,1,Medium,High,Public,Neutral,4,No,College,Moderate,Female
23,92,Medium,Low,Yes,6,54,High,Yes,3,Medium,Medium,Public,Positive,2,Yes,Postgraduate,Near,Male
20,91,Medium,Medium,Yes,6,88,Medium,Yes,1,Low,Medium,Public,Positive,4,No,High School,Moderate,Male
25,69,High,Low,Yes,7,52,High,Yes,1,Low,Medium,Public,Positive,4,No,High School,Moderate,Male
28,89,High,High,No,8,82,Medium,Yes,0,Medium,Medium,Public,Negative,3,No,Postgraduate,Far,Male
23,92,Medium,High,No,7,72,Medium,Yes,0,Low,Medium,Public,Neutral,4,No,College,Far,Female
20,74,Medium,Medium,Yes,7,59,Low,Yes,5,High,Medium,Public,Positive,4,No,High School,Near,Female
12,67,High,High,No,6,76,High,Yes,1,Low,Medium,Public,Negative,2,No,High School,Moderate,Male
14,60,Medium,Low,Yes,7,89,Low,Yes,2,Medium,Medium,Public,Neutral,3,No,High School,Moderate,Male
18,78,High,Medium,Yes,7,71,Low,Yes,3,Medium,Medium,Public,Neutral,4,No,High School,Moderate,Male
16,74,High,High,Yes,6,68,Low,Yes,2,Medium,Medium,Public,Neutral,4,No,College,Near,Male
19,82,Medium,High,Yes,7,57,Medium,Yes,1,Medium,Medium,Public,Neutral,3,No,High School,Near,Male
20,68,Medium,Medium,Yes,7,80,Low,Yes,0,Low,Medium,Private,Neutral,4,No,High School,Near,Female
23,94,Medium,Low,Yes,10,91,High,Yes,1,Medium,Medium,Public,Neutral,3,No,High School,Near,Male
20,70,Medium,Medium,Yes,6,78,High,Yes,0,Medium,Medium,Private,Positive,2,No,College,Near,Female
23,69,Medium,Medium,Yes,6,58,High,Yes,0,Medium,Medium,Public,Neutral,1,No,Postgraduate,Near,Female
20,79,High,Medium,Yes,7,83,High,Yes,2,Medium,Medium,Public,Positive,2,No,High School,Moderate,Female
8,80,High,Low,No,6,52,High,Yes,2,Medium,Medium,Public,Positive,1,No,High School,Near,Female
14,69,Medium,Medium,Yes,5,92,High,Yes,3,Low,Low,Public,Negative,2,No,Postgraduate,Moderate,Female
19,71,High,High,No,5,96,High,Yes,2,Low,Medium,Private,Neutral,0,Yes,College,Near,Female
13,67,Medium,Medium,Yes,6,80,High,Yes,1,Low,High,Public,Negative,2,No,High School,Moderate,Male
24,89,Medium,Low,Yes,6,94,Low,Yes,2,Medium,Medium,Public,Neutral,2,No,High School,Far,Male
29,91,Medium,High,No,5,54,Low,Yes,2,Low,,Public,Neutral,3,No,Postgraduate,Moderate,Male
27,78,High,Medium,No,7,61,Medium,No,1,Low,Medium,Public,Negative,3,No,High School,Moderate,Female
19,89,Medium,High,Yes,4,66,Low,Yes,1,Low,Medium,Public,Positive,1,No,Postgraduate,Near,Female
29,89,Medium,Low,Yes,8,89,Low,Yes,1,Medium,High,Private,Neutral,4,No,High School,Moderate,Male
21,66,Medium,Medium,Yes,6,74,Medium,Yes,2,Medium,High,Private,Neutral,4,No,High School,Near,Female
18,99,Medium,Medium,No,6,67,Medium,Yes,5,Low,Medium,Public,Positive,3,No,Postgraduate,Near,Female
16,93,Medium,Medium,Yes,8,58,Medium,Yes,1,High,High,Public,Positive,4,No,College,Near,Female
18,68,Low,Medium,No,8,91,High,Yes,1,Low,High,Private,Neutral,3,No,Postgraduate,Near,Female
18,67,High,Medium,No,6,51,Medium,Yes,0,Medium,High,Public,Positive,2,No,College,Near,Female
21,65,Medium,Medium,Yes,8,67,Medium,Yes,1,Low,Medium,Public,Positive,2,No,College,Moderate,Male
21,66,Medium,Medium,No,9,62,Low,No,3,Medium,Medium,Private,Positive,2,No,High School,Near,Male
20,90,Low,Medium,No,5,56,Medium,No,3,Medium,Medium,Public,Positive,2,No,High School,Moderate,Male
23,79,High,High,Yes,8,59,Low,Yes,1,Low,High,Public,Negative,4,No,College,Moderate,Male
27,91,Medium,High,Yes,5,75,Low,Yes,1,High,High,Public,Neutral,4,No,College,Near,Male
26,90,High,High,No,9,71,Low,Yes,0,High,Low,Private,Negative,2,No,College,Near,Female
11,84,High,Medium,Yes,6,76,High,Yes,3,Low,High,Public,Negative,3,No,High School,Moderate,Female
5,87,High,Low,No,6,86,Medium,Yes,2,Medium,High,Public,Positive,3,No,Postgraduate,Near,Female
26,61,High,Medium,Yes,9,95,Medium,Yes,0,Medium,Medium,Private,Negative,6,No,College,Near,Male
12,72,Low,High,Yes,8,56,High,Yes,3,Low,Medium,Public,Positive,1,Yes,High School,Moderate,Male
19,86,Medium,Low,No,6,54,Low,Yes,1,High,High,Private,Positive,5,No,Postgraduate,Near,Male
13,60,Medium,Medium,Yes,7,66,Medium,Yes,2,Low,Medium,Public,Positive,3,No,Postgraduate,Near,Male
9,61,High,Medium,Yes,6,77,Low,No,1,High,Medium,Private,Neutral,2,No,High School,Near,Male
23,94,High,Medium,No,5,55,High,Yes,2,Medium,Medium,Public,Positive,2,Yes,High School,Near,Male
25,87,High,Medium,No,7,86,Medium,Yes,4,Medium,Low,Private,Negative,2,No,College,Near,Male
17,71,Low,High,Yes,6,78,Low,Yes,0,Medium,Medium,Public,Positive,4,No,College,Near,Female
4,88,Medium,High,No,6,87,Low,Yes,1,Medium,High,Public,Neutral,4,No,College,Near,Male
17,92,Medium,Medium,Yes,9,68,High,Yes,0,Medium,Low,Private,Positive,3,No,College,Near,Female
22,72,Low,Medium,No,6,70,Low,Yes,1,High,Medium,Public,Neutral,3,No,Postgraduate,Far,Male
11,61,Low,Medium,Yes,7,90,High,Yes,0,Medium,High,Public,Neutral,3,No,High School,Near,Female
21,97,Medium,Medium,Yes,9,63,Medium,Yes,0,Medium,Medium,Public,Positive,1,No,High School,Moderate,Male
20,74,High,High,No,7,69,Low,Yes,2,High,High,Private,Neutral,2,No,College,Near,Male
23,64,Medium,Medium,No,6,51,Medium,Yes,1,Medium,Medium,Public,Positive,5,No,College,Near,Male
21,80,Medium,High,No,7,78,Medium,Yes,1,Low,High,Private,Negative,4,No,High School,Moderate,Female
14,91,Medium,Medium,Yes,8,93,Medium,Yes,0,Medium,Medium,Public,Neutral,3,No,High School,Moderate,Male
27,69,Medium,Medium,No,8,51,Medium,Yes,1,High,Medium,Public,Negative,2,No,High School,Near,Male
19,71,High,Medium,Yes,10,81,Medium,Yes,2,Medium,High,Public,Positive,3,No,High School,Near,Female
20,70,Medium,High,Yes,6,92,Medium,Yes,2,Medium,Low,Public,Positive,3,No,High School,Near,Male
14,100,Low,Medium,No,7,75,Low,Yes,1,Low,,Public,Positive,3,No,Postgraduate,Moderate,Male
17,68,Medium,High,Yes,5,66,Medium,Yes,1,High,Medium,Public,Negative,4,No,High School,Near,Male
15,83,High,High,Yes,8,100,Medium,Yes,0,Medium,Medium,Public,Positive,3,No,College,Near,Female
19,97,Medium,High,No,7,53,Medium,Yes,2,Low,Low,Private,Neutral,3,No,College,Moderate,Male
30,66,Medium,High,No,7,61,Low,Yes,0,High,High,Private,Positive,2,No,High School,Far,Male
12,99,Low,Medium,No,6,94,Medium,Yes,2,Medium,Medium,Public,Neutral,3,No,Postgraduate,Moderate,Male
10,98,Low,Medium,Yes,6,65,Medium,Yes,1,Low,High,Private,Positive,2,No,High School,Near,Male
29,95,High,Medium,Yes,7,91,Low,Yes,1,Low,Medium,Public,Neutral,3,No,High School,Moderate,Female
19,69,Medium,Medium,Yes,6,67,Medium,No,4,High,High,Private,Positive,4,No,Postgraduate,Moderate,Male
16,85,Medium,High,Yes,7,91,High,Yes,0,Medium,Medium,Public,Neutral,2,No,Postgraduate,Moderate,Male
26,90,Medium,Low,Yes,7,84,Low,Yes,1,Medium,Medium,Public,Positive,3,No,High School,Moderate,Male
16,99,High,Medium,Yes,5,73,High,Yes,1,Medium,Medium,Private,Positive,5,Yes,College,Far,Male
31,67,Low,High,Yes,5,76,Medium,Yes,2,Medium,High,Public,Positive,4,No,College,Near,Male
24,91,High,Low,Yes,6,59,Medium,Yes,0,Low,Medium,Private,Neutral,4,No,High School,Near,Male
17,74,Medium,Medium,No,9,56,Medium,Yes,1,Medium,High,Private,Negative,3,No,High School,Moderate,Male
33,67,High,Medium,Yes,6,86,Medium,Yes,4,Medium,High,Public,Positive,3,Yes,High School,Near,Female
16,77,High,High,No,7,92,Low,Yes,2,Medium,Medium,Public,Negative,2,No,College,Near,Male
24,92,Medium,Medium,Yes,5,86,High,Yes,3,Medium,High,Public,Neutral,2,No,High School,Near,Female
22,79,Low,High,Yes,6,96,Medium,Yes,1,High,Medium,Public,Neutral,2,No,College,Moderate,Male
28,82,Low,Medium,Yes,5,95,Medium,Yes,0,High,Low,Public,Neutral,3,No,High School,Near,Male
29,100,High,High,Yes,8,89,Medium,Yes,2,Medium,Medium,Private,Neutral,3,No,High School,Moderate,Female
20,76,Low,Medium,Yes,5,95,Medium,Yes,4,Low,High,Public,Positive,3,No,High School,Near,Male
15,85,Medium,Medium,No,8,58,High,Yes,1,Low,Medium,Private,Negative,3,No,College,Near,Male
23,75,Medium,Medium,Yes,8,87,Low,Yes,0,High,Low,Public,Positive,1,No,High School,Near,Female
16,76,Medium,Low,No,7,88,High,Yes,0,Low,Medium,Public,Positive,2,No,Postgraduate,Near,Male
32,88,Low,Medium,No,8,58,Low,Yes,3,Low,High,Private,Negative,3,No,High School,Moderate,Male
21,98,High,Medium,Yes,10,95,Medium,Yes,0,Medium,Medium,Public,Neutral,1,No,High School,,Male
18,82,High,Low,Yes,8,50,Medium,Yes,1,High,Medium,Public,Positive,3,No,High School,Moderate,Male
21,91,Medium,High,No,5,72,Medium,Yes,3,Low,Medium,Public,Negative,3,Yes,High School,Near,Female
12,64,Medium,Medium,No,9,51,Low,No,2,Low,Medium,Public,Neutral,4,No,College,Near,Male
14,68,Medium,High,No,7,76,Medium,Yes,2,High,Medium,Public,Positive,3,No,High School,Near,Male
27,80,High,High,No,10,71,High,Yes,4,Low,Low,Public,Neutral,2,No,College,Near,Male
16,61,Medium,Low,Yes,6,81,Medium,Yes,0,Medium,Medium,Public,Negative,2,No,College,,Male
14,70,Medium,Medium,Yes,9,88,Low,Yes,0,High,Medium,Private,Positive,4,No,College,Moderate,Female
23,81,Medium,Medium,No,7,88,Low,Yes,1,Low,Medium,Public,Positive,4,No,Postgraduate,Near,Male
27,61,High,High,Yes,10,86,Medium,Yes,3,Medium,High,Private,Positive,3,No,High School,Near,Female
24,71,Medium,High,Yes,7,55,Low,Yes,2,High,Medium,Public,Positive,3,No,College,Far,Male
26,81,Medium,Medium,No,10,71,Low,Yes,0,Medium,Medium,Private,Positive,5,Yes,High School,Near,Female
15,83,Medium,Low,Yes,8,91,Medium,Yes,0,Low,Medium,Private,Neutral,3,No,College,Far,Male
11,97,Medium,Medium,Yes,8,83,Low,Yes,4,Medium,High,Private,Negative,2,No,High School,Far,Male
29,86,Medium,High,No,10,84,Low,Yes,1,Low,High,Private,Positive,4,No,High School,Near,Female
18,77,Medium,High,Yes,6,61,Medium,Yes,1,Low,Medium,Private,Neutral,3,No,High School,Near,Female
18,97,Medium,High,No,8,66,Low,Yes,2,Medium,Medium,Public,Neutral,2,No,College,Moderate,Male
28,91,High,Medium,No,7,98,Low,Yes,2,Low,Medium,Private,Positive,5,No,Postgraduate,Near,Male
23,68,Low,Low,Yes,7,92,Medium,No,3,Low,High,Private,Neutral,4,No,High School,Near,Male
23,65,Medium,High,Yes,7,58,Low,Yes,1,Low,Medium,Public,Neutral,3,Yes,College,Moderate,Female
33,87,Medium,High,No,8,77,Low,Yes,0,Low,Medium,Private,Positive,3,Yes,High School,Near,Male
16,82,Medium,Low,Yes,8,75,Medium,Yes,2,Medium,Medium,Public,Positive,2,No,College,Near,Female
26,92,Medium,Low,Yes,6,72,Medium,Yes,1,Low,Medium,Private,Neutral,3,No,High School,Moderate,Female
20,90,High,Medium,No,7,74,Low,No,0,High,Low,Private,Positive,3,No,Postgraduate,Moderate,Female
22,85,Medium,High,No,4,82,Medium,Yes,1,Medium,High,Public,Positive,2,No,Postgraduate,Near,Male
29,99,High,Medium,Yes,8,98,High,No,5,Low,Low,Public,Neutral,2,No,Postgraduate,Near,Male
23,81,High,Low,Yes,10,94,High,Yes,1,Medium,High,Public,Neutral,2,No,College,Near,Female
23,65,Medium,Medium,No,7,94,Medium,Yes,1,High,Medium,Public,Negative,3,No,College,Near,Female
26,93,High,Medium,No,5,85,Low,Yes,1,High,High,Public,Positive,3,No,College,Moderate,Female
18,70,Medium,Medium,Yes,8,51,Medium,Yes,1,Low,Medium,Private,Negative,3,No,College,Moderate,Male
15,91,Medium,Medium,No,6,72,Low,Yes,0,Medium,Medium,Public,Neutral,2,No,High School,Moderate,Female
14,98,High,High,Yes,7,76,Medium,Yes,0,Low,Medium,Public,Neutral,2,No,Postgraduate,Near,Male
8,88,Medium,Medium,Yes,8,92,High,Yes,1,Low,Medium,Public,Negative,4,No,College,Near,Male
32,84,Low,Medium,Yes,8,96,Medium,Yes,1,Low,Medium,Public,Positive,3,No,High School,Near,Female
13,78,Medium,Medium,Yes,9,73,Medium,Yes,0,Medium,High,Private,Negative,4,No,High School,Near,Male
19,75,Medium,Medium,No,7,65,Low,Yes,0,Low,Low,Private,Neutral,4,No,High School,Near,Female
18,74,Low,Medium,Yes,7,67,Low,Yes,0,Low,Medium,Public,Positive,3,No,High School,Near,Male
22,85,High,Medium,No,8,79,High,Yes,5,Medium,High,Public,Neutral,2,No,High School,Near,Female
25,90,Medium,Medium,Yes,7,64,Medium,Yes,2,Medium,High,Public,Positive,2,No,High School,Moderate,Male
25,87,High,High,Yes,6,96,Low,No,3,Medium,Medium,Public,Positive,2,No,High School,Moderate,Female
17,68,Medium,High,Yes,8,71,Medium,Yes,1,Medium,High,Private,Neutral,2,No,High School,Near,Male
19,80,Medium,Medium,Yes,5,100,Medium,Yes,0,Medium,Medium,Public,Neutral,3,No,High School,Near,Female
22,92,Low,High,Yes,7,55,Low,Yes,1,Low,Medium,Public,Positive,4,No,High School,Moderate,Female
19,79,Medium,High,Yes,5,59,Medium,Yes,2,Low,Medium,Private,Neutral,2,No,Postgraduate,Far,Male
30,81,Medium,High,No,6,76,Medium,Yes,0,High,Medium,Public,Positive,3,No,Postgraduate,Near,Male
23,91,High,Medium,No,6,93,Medium,Yes,3,Low,Low,Public,Neutral,3,No,High School,Moderate,Female
24,86,Medium,High,No,6,68,Low,Yes,3,Low,High,Public,Positive,3,Yes,College,Moderate,Female
24,76,Medium,Medium,No,9,92,Medium,Yes,1,Medium,Low,Public,Neutral,3,No,Postgraduate,Near,Female
27,96,Medium,High,No,9,71,Low,Yes,0,Low,Medium,Private,Positive,4,No,College,Near,Female
21,67,Low,Medium,Yes,9,93,High,Yes,1,Low,High,Public,Neutral,3,No,College,Near,Male
12,100,Medium,Medium,No,7,64,Medium,Yes,1,Medium,High,Public,Positive,6,No,High School,Near,Male
22,65,Low,Medium,Yes,6,74,High,Yes,2,Medium,Medium,Public,Positive,1,No,College,Near,Male
16,61,High,High,No,8,64,Medium,Yes,1,Low,High,Public,Positive,3,No,High School,Far,Male
17,96,High,High,No,7,61,Low,Yes,1,Low,High,Public,Positive,1,No,College,Moderate,Female
24,70,Medium,Medium,Yes,7,71,Medium,Yes,1,Medium,Low,Public,Negative,4,No,High School,Near,Male
27,89,Medium,Low,No,4,67,Medium,Yes,2,Low,Low,Private,Neutral,4,No,College,Near,Female
20,92,Low,High,Yes,8,89,Medium,Yes,1,Low,Medium,Public,Neutral,3,No,High School,Moderate,Female
22,94,High,Medium,Yes,8,87,Medium,Yes,2,Low,,Private,Neutral,5,No,College,Near,Female
30,100,High,Medium,Yes,7,68,Low,Yes,2,Medium,Medium,Private,Neutral,2,No,Postgraduate,Near,Female
21,72,High,High,Yes,8,100,Medium,Yes,3,Low,High,Private,Positive,3,No,College,Far,Male
36,88,Medium,High,No,8,99,High,Yes,0,Low,Medium,Private,Negative,3,No,College,Near,Female
23,65,Medium,Medium,Yes,6,96,Medium,Yes,0,Low,Low,Public,Positive,3,No,High School,Near,Male
9,76,Medium,Medium,No,7,79,Medium,Yes,1,Medium,Medium,Public,Negative,3,No,College,Near,Male
25,94,High,High,No,5,71,Low,Yes,4,Medium,High,Public,Negative,4,No,College,Near,Female
22,75,High,High,Yes,9,66,Low,Yes,0,Low,Medium,Private,Neutral,2,No,Postgraduate,Near,Male
28,84,Medium,Medium,Yes,8,51,Medium,No,3,Medium,Medium,Public,Positive,4,No,Postgraduate,Near,Female
24,80,High,Low,Yes,6,82,Medium,Yes,1,Low,High,Public,Neutral,3,No,College,Moderate,Female
19,86,High,Medium,No,8,78,Medium,Yes,2,Medium,Medium,Public,Negative,4,No,College,Near,Female
13,99,Medium,High,No,7,81,Medium,Yes,0,Medium,Medium,Public,Positive,4,No,Postgraduate,Near,Male
19,62,High,Medium,Yes,6,79,Low,Yes,7,Medium,Medium,Public,Neutral,2,No,High School,Near,Female
15,83,Medium,Medium,Yes,7,57,Low,Yes,0,Medium,Medium,Private,Positive,3,No,Postgraduate,Near,Male
17,95,Medium,Low,Yes,8,85,Low,No,1,Low,High,Private,Negative,2,No,College,Moderate,Female
24,79,Low,Low,Yes,8,68,High,Yes,2,Low,Medium,Private,Negative,2,No,High School,Near,Male
30,63,Medium,Medium,No,10,76,Medium,Yes,1,Medium,Medium,Public,Neutral,4,No,Postgraduate,Moderate,Female
22,82,High,Medium,No,7,68,High,Yes,2,Low,Medium,Private,Neutral,4,No,Postgraduate,Near,Male
13,73,Medium,Medium,Yes,7,51,Medium,Yes,1,Low,Medium,Public,Positive,4,No,Postgraduate,Near,Male
23,66,Low,Low,No,8,94,Low,Yes,1,Medium,High,Private,Neutral,3,No,Postgraduate,Moderate,Male
27,94,Medium,Medium,Yes,7,57,Medium,Yes,1,Medium,Medium,Private,Neutral,1,No,High School,Near,Male
16,81,Medium,High,Yes,6,79,Medium,Yes,2,Low,High,Public,Positive,3,No,College,Moderate,Female
19,97,Medium,Low,No,6,94,Medium,Yes,2,High,Medium,Public,Neutral,4,No,Postgraduate,Near,Male
20,92,Medium,High,Yes,4,61,Medium,Yes,2,High,Medium,Public,Neutral,4,No,College,Near,Male
15,88,Low,Low,Yes,8,71,Medium,No,1,Low,Low,Private,Positive,2,No,Postgraduate,Moderate,Male
24,60,High,Low,Yes,5,69,Medium,Yes,1,Medium,High,Public,Neutral,5,No,High School,Moderate,Male
19,77,High,Medium,Yes,6,54,Low,Yes,3,High,Medium,Private,Negative,2,No,College,Moderate,Male
23,68,Medium,High,Yes,7,71,High,Yes,3,Medium,,Public,Positive,3,No,High School,Moderate,Female
15,96,High,Medium,No,7,74,Medium,Yes,2,Low,Low,Private,Positive,2,No,High School,Far,Male
17,67,High,Medium,Yes,10,51,Medium,Yes,3,Low,Medium,Public,Positive,5,No,High School,Near,Male
24,71,Medium,Medium,Yes,5,74,Medium,Yes,1,Medium,Medium,Private,Positive,3,No,High School,Near,Male
18,81,Medium,Low,Yes,10,55,Low,Yes,3,Low,Medium,Public,Negative,2,No,High School,Near,Male
30,71,High,Medium,Yes,9,95,High,No,1,Medium,Medium,Public,Neutral,4,No,College,Near,Male
18,68,Medium,High,Yes,8,83,Low,Yes,1,Low,Medium,Public,Positive,2,No,College,Near,Male
21,84,Medium,Low,No,9,53,Low,Yes,2,Medium,High,Public,Negative,3,No,High School,Moderate,Female
26,64,High,Medium,No,8,91,High,Yes,1,Medium,Medium,Public,Positive,4,No,High School,Near,Male
11,62,Medium,High,Yes,4,68,Medium,Yes,2,High,Medium,Public,Negative,3,No,High School,Moderate,Male
9,75,High,Low,No,8,61,High,Yes,3,Medium,,Public,Neutral,3,No,High School,Near,Male
11,89,Medium,Medium,Yes,5,63,Medium,Yes,0,Medium,Medium,Public,Neutral,2,No,College,Near,Female
28,82,Medium,Medium,Yes,6,80,Medium,Yes,1,Low,Medium,Private,Neutral,5,No,High School,Far,Female
17,77,Medium,Medium,No,7,54,Low,Yes,1,Low,High,Public,Positive,2,No,College,Near,Male
35,83,Medium,Low,No,6,53,Medium,Yes,1,Low,Medium,Private,Neutral,2,No,High School,Near,Female
17,75,High,Medium,Yes,8,81,Low,Yes,3,High,Medium,Public,Neutral,3,Yes,Postgraduate,Near,Male
21,97,Medium,High,Yes,7,99,High,Yes,1,Medium,High,Public,Neutral,1,No,Postgraduate,Moderate,Male
29,62,High,Medium,Yes,8,74,Medium,Yes,1,Low,Medium,Private,Negative,3,Yes,College,Near,Male
32,87,Medium,High,Yes,7,71,Medium,Yes,0,High,Low,Public,Neutral,4,Yes,College,Near,Male
32,96,Medium,Low,Yes,7,97,Low,Yes,1,Low,Medium,Public,Neutral,5,No,College,Moderate,Male
27,92,High,Medium,No,6,62,High,Yes,0,Medium,High,Public,Positive,4,No,College,Near,Male
26,67,Low,Medium,Yes,5,62,High,Yes,0,Medium,Medium,Public,Negative,2,No,High School,Moderate,Male
24,72,High,Medium,Yes,7,95,Medium,Yes,3,Low,Medium,Public,Negative,2,No,Postgraduate,Near,Male
25,89,Low,Low,Yes,6,82,High,Yes,2,Low,Medium,Public,Neutral,6,No,Postgraduate,Near,Male
17,63,High,Medium,No,9,53,High,Yes,1,Low,High,Public,Neutral,4,No,College,Moderate,Male
15,92,Medium,High,Yes,5,84,Medium,Yes,0,High,Low,Public,Positive,5,No,High School,Moderate,Female
20,89,High,High,Yes,10,91,Low,Yes,3,Medium,Medium,Private,Neutral,3,No,College,Moderate,Male
19,89,High,Low,Yes,7,64,Medium,Yes,2,Low,Medium,Public,Positive,4,Yes,Postgraduate,Moderate,Female
17,64,Low,High,No,7,69,Medium,Yes,1,Medium,Medium,Public,Negative,3,No,High School,Near,Female
24,89,Low,High,Yes,6,60,Medium,Yes,1,Low,Medium,Private,Neutral,2,No,High School,Near,Male
26,87,Medium,Medium,Yes,8,82,High,Yes,1,Low,Medium,Public,Negative,2,No,Postgraduate,Near,Male
21,93,Medium,Low,Yes,7,83,Low,No,1,High,High,Public,Neutral,3,Yes,High School,Moderate,Male
29,62,Low,High,Yes,7,53,High,Yes,0,Low,Medium,Private,Positive,3,No,College,Moderate,Female
13,61,Low,Medium,Yes,8,84,High,No,1,Medium,High,Public,Neutral,3,Yes,Postgraduate,Far,Male
19,75,Medium,High,Yes,8,83,High,Yes,2,High,Medium,Public,Neutral,2,No,High School,Near,Male
16,66,Low,Medium,Yes,9,52,Medium,Yes,1,Medium,Low,Public,Negative,3,Yes,High School,Near,Male
9,82,High,Medium,No,8,78,Medium,Yes,0,High,Medium,Public,Neutral,0,No,,Moderate,Female
20,97,High,Medium,Yes,6,81,High,Yes,2,Low,Low,Public,Neutral,3,No,High School,Moderate,Male
19,76,High,High,No,4,72,Low,Yes,2,High,,Public,Neutral,2,No,College,Moderate,Female
29,94,Low,Medium,Yes,7,95,Medium,No,2,Low,Medium,Public,Neutral,3,Yes,College,Moderate,Male
24,60,Low,Low,No,7,66,Medium,Yes,1,Medium,High,Public,Neutral,4,No,College,Near,Female
14,67,Medium,Medium,No,10,53,Medium,Yes,2,High,Medium,Public,Neutral,3,No,College,Near,Male
31,61,High,Medium,No,7,84,Medium,Yes,2,Medium,Medium,Private,Neutral,3,No,High School,Near,Male
27,73,Medium,Medium,No,8,80,Low,Yes,3,Medium,Medium,Private,Negative,3,No,High School,Near,Female
23,96,Medium,Medium,Yes,8,99,High,Yes,3,Low,Low,Public,Positive,4,No,High School,Near,Female
19,64,Low,Medium,No,8,62,Medium,Yes,0,High,Medium,Public,Positive,4,Yes,College,Near,Male
14,84,Medium,Medium,Yes,8,70,Medium,Yes,1,Low,High,Public,Neutral,5,No,College,Near,Male
18,78,Medium,Low,No,6,73,Medium,Yes,1,High,High,Public,Positive,2,No,High School,Moderate,Female
27,98,Low,Medium,Yes,6,93,Low,No,5,High,High,Public,Positive,3,No,High School,Moderate,Female
31,65,Medium,Low,Yes,7,71,Medium,Yes,1,Low,Medium,Public,Neutral,4,No,High School,Moderate,Male
29,68,Medium,Medium,No,4,89,Medium,Yes,0,Medium,Medium,Private,Neutral,4,Yes,College,Near,Male
17,61,Medium,High,Yes,7,58,Low,Yes,2,Low,Medium,Public,Positive,3,Yes,High School,Near,Female
13,77,Medium,Medium,No,6,70,Medium,Yes,3,Medium,High,Public,Neutral,4,Yes,High School,Near,Male
21,71,High,Low,No,7,58,High,Yes,1,Medium,High,Public,Positive,3,Yes,College,Far,Female
9,95,Medium,Medium,Yes,7,97,Medium,Yes,1,Low,Low,Public,Neutral,2,No,College,Near,Male
22,84,Medium,Medium,Yes,5,59,Medium,Yes,0,High,High,Private,Positive,3,No,College,Near,Female
19,85,High,Medium,Yes,9,71,Low,Yes,1,Medium,High,Public,Positive,2,No,Postgraduate,Moderate,Female
17,81,High,Medium,No,7,54,Medium,Yes,4,Low,Medium,Public,Positive,3,No,High School,Near,Female
10,64,Medium,High,No,8,96,Medium,Yes,1,Medium,Medium,Public,Neutral,3,No,High School,Moderate,Male
23,78,Low,High,No,7,81,Medium,Yes,0,Low,Medium,Private,Neutral,1,No,High School,Near,Male
17,100,High,Medium,No,8,98,Low,Yes,0,Medium,High,Public,Positive,4,No,College,Near,Male
13,93,Medium,Medium,Yes,5,52,Low,Yes,2,Medium,Medium,Public,Positive,3,No,College,Near,Female
3,96,High,High,Yes,9,59,Medium,Yes,2,Low,Medium,Public,Negative,3,No,College,Moderate,Female
20,93,Low,Low,Yes,8,69,Medium,Yes,2,Low,Medium,Public,Neutral,4,No,High School,Moderate,Male
31,64,High,Low,Yes,7,81,Low,Yes,1,Medium,Medium,Public,Positive,4,No,High School,Near,Female
30,69,Medium,Medium,Yes,7,66,Medium,Yes,0,Medium,Low,Public,Positive,4,No,Postgraduate,Near,Female
17,60,High,Medium,Yes,9,86,Medium,Yes,0,Low,High,Public,Positive,2,No,High School,Near,Male
16,72,Medium,High,No,6,58,Low,Yes,1,Medium,Medium,Public,Negative,2,No,High School,Far,Male
23,64,High,Medium,Yes,5,80,Low,Yes,3,Medium,High,Public,Negative,2,Yes,College,Moderate,Female
14,79,Medium,Medium,Yes,6,70,Medium,Yes,1,Low,Medium,Public,Positive,6,No,College,Moderate,Male
22,87,Medium,High,Yes,7,75,Medium,Yes,0,Medium,High,Public,Positive,2,Yes,College,Near,Female
25,95,Low,Medium,No,7,78,Medium,Yes,7,Low,Medium,Public,Positive,4,No,High School,Near,Male
27,90,High,Medium,Yes,9,53,Medium,Yes,1,Medium,High,Public,Positive,2,No,Postgraduate,Near,Female
19,98,Medium,Low,Yes,6,96,Medium,No,2,Low,Medium,Private,Negative,2,No,High School,Moderate,Male
19,62,Medium,Low,No,6,89,High,Yes,3,Medium,Medium,Public,Positive,1,No,High School,Moderate,Male
15,60,Medium,Low,Yes,5,72,High,Yes,2,High,High,Public,Positive,2,No,High School,Near,Male
15,86,High,Medium,Yes,8,77,Medium,Yes,0,Medium,Medium,Public,Positive,3,No,Postgraduate,Near,Male
19,72,Medium,High,No,5,52,Medium,Yes,2,Medium,Medium,Public,Neutral,3,No,Postgraduate,Near,Male
22,70,Medium,High,Yes,8,75,High,Yes,0,Medium,Medium,Private,Positive,3,No,Postgraduate,Near,Male
25,73,High,Medium,Yes,6,71,Low,Yes,0,Low,Medium,Private,Positive,3,No,College,Far,Female
15,71,High,High,Yes,6,69,Low,Yes,2,Low,High,Private,Negative,4,No,College,Near,Female
29,80,Low,Medium,Yes,10,91,High,No,1,High,Medium,Public,Positive,3,No,College,Moderate,Male
18,78,Low,Medium,Yes,9,59,High,No,0,High,High,Private,Positive,1,No,High School,Moderate,Female
20,80,Low,Low,Yes,7,59,High,Yes,2,Medium,High,Private,Neutral,3,No,High School,Moderate,Male
16,87,Medium,Medium,No,5,76,High,Yes,1,Low,High,Private,Neutral,2,No,Postgraduate,Far,Female
5,75,Medium,Low,Yes,10,84,Medium,Yes,0,High,Medium,Private,Neutral,4,No,Postgraduate,Moderate,Female
25,70,Medium,Medium,Yes,7,51,High,Yes,3,Low,Medium,Public,Positive,4,No,High School,Moderate,Male
24,67,High,High,Yes,7,77,Low,Yes,0,High,Medium,Public,Positive,2,No,College,Near,Female
18,74,Medium,Low,No,8,65,High,Yes,0,Medium,High,Public,Positive,4,No,College,Moderate,Female
20,90,High,Low,No,4,88,Medium,Yes,3,Low,Medium,Public,Negative,3,No,High School,Moderate,Male
23,90,Medium,Medium,Yes,6,73,Low,No,1,High,Medium,Private,Positive,2,No,High School,Near,Female
11,87,Medium,Medium,Yes,7,92,Medium,Yes,1,Medium,Medium,Public,Positive,5,No,High School,Moderate,Female
17,69,Medium,Medium,Yes,7,70,Low,Yes,0,Low,High,Public,Neutral,3,Yes,College,Moderate,Male
25,84,High,Medium,Yes,5,91,Low,Yes,1,Medium,Medium,Public,Positive,4,Yes,Postgraduate,Moderate,Female
12,83,Low,Medium,Yes,7,86,Low,Yes,1,High,Medium,Public,Negative,4,No,College,Near,Female
22,79,Medium,Medium,Yes,7,91,Low,Yes,0,Low,Medium,Public,Positive,4,Yes,College,Moderate,Male
12,82,Low,Medium,Yes,10,91,Medium,Yes,3,Low,Medium,Public,Negative,3,No,Postgraduate,Near,Male
23,80,Medium,High,Yes,9,74,Medium,Yes,4,Medium,Medium,Public,Negative,3,No,High School,Moderate,Male
20,83,Medium,Medium,Yes,7,68,High,Yes,1,Medium,Medium,Public,Positive,1,No,High School,Near,Female
10,89,High,High,Yes,7,88,Medium,Yes,2,High,Medium,Private,Positive,2,No,Postgraduate,Near,Female
27,64,High,High,Yes,9,68,High,Yes,1,Low,High,Private,Neutral,4,No,High School,Near,Male
16,90,Medium,Medium,No,7,54,High,No,2,Medium,Medium,Public,Positive,3,No,High School,Near,Female
15,65,High,Medium,No,5,93,Low,Yes,2,Low,Medium,Public,Neutral,4,Yes,High School,Near,Female
21,63,Medium,Medium,No,10,70,Low,Yes,1,High,High,Private,Positive,2,No,College,Near,Female
27,99,High,Medium,Yes,6,57,Medium,Yes,3,Low,Medium,Public,Neutral,3,No,College,Moderate,Male
14,98,Medium,Medium,Yes,10,82,High,Yes,1,Low,Medium,Private,Positive,3,No,High School,Moderate,Male
20,62,High,Low,No,8,94,High,Yes,1,Medium,Medium,Public,Positive,3,No,High School,Near,Female
23,78,High,Low,Yes,6,93,Medium,Yes,0,Medium,High,Private,Positive,5,No,Postgraduate,Near,Male
24,67,High,Medium,Yes,4,78,Low,Yes,1,Low,High,Public,Positive,2,No,High School,Near,Female
21,79,Medium,Low,Yes,8,54,High,Yes,3,Low,Medium,Public,Positive,3,No,Postgraduate,Moderate,Female
18,93,Medium,High,Yes,5,85,Medium,Yes,0,Low,Medium,Public,Positive,3,No,High School,Near,Male
15,98,High,Low,No,8,80,Low,No,2,High,High,Public,Negative,2,No,Postgraduate,Near,Female
21,85,High,Medium,No,10,61,High,Yes,2,Medium,Medium,Public,Neutral,2,Yes,High School,Near,Male
14,74,Medium,High,No,5,95,High,Yes,1,Low,High,Public,Positive,3,Yes,College,Near,Male
2,84,Low,High,No,8,54,Low,Yes,3,Low,Low,Public,Positive,4,No,,Near,Male
23,72,Medium,Medium,Yes,6,69,Low,Yes,2,High,Medium,Public,Positive,4,No,High School,Near,Male
25,96,Medium,Low,Yes,9,55,High,Yes,2,Medium,High,Public,Neutral,4,No,High School,Moderate,Male
6,95,High,Medium,Yes,7,96,Medium,Yes,4,Low,Medium,Public,Neutral,2,No,High School,Moderate,Female
14,82,High,Medium,Yes,7,52,High,Yes,3,Low,Medium,Public,Negative,2,No,High School,Near,Female
24,73,Low,Medium,Yes,9,71,High,Yes,0,Low,Medium,Public,Neutral,3,No,High School,Moderate,Male
32,72,High,Medium,Yes,8,93,Low,Yes,1,Low,Medium,Private,Neutral,4,No,Postgraduate,Near,Female
20,61,Low,Low,Yes,6,63,Medium,Yes,1,Medium,High,Public,Positive,4,No,College,Far,Male
16,93,Medium,High,No,10,55,Medium,No,2,Low,Medium,Public,Neutral,2,No,College,Near,Male
19,78,Medium,Low,Yes,5,56,Low,Yes,3,High,Medium,Public,Neutral,4,No,College,Moderate,Female
28,73,High,Medium,Yes,7,70,Low,No,0,Low,Medium,Private,Negative,6,No,College,Moderate,Female
16,79,High,High,Yes,6,71,Medium,Yes,2,Low,High,Public,Neutral,4,No,High School,Near,Female
15,93,Medium,Medium,No,5,86,Medium,Yes,0,Low,Medium,Public,Neutral,2,No,College,Far,Male
17,65,Medium,Medium,No,5,62,Medium,Yes,2,Medium,Medium,Public,Positive,4,No,High School,Near,Female
14,94,Low,Low,Yes,7,85,Low,Yes,1,High,Medium,Public,Neutral,3,No,High School,Moderate,Female
21,96,Medium,High,No,8,100,Medium,Yes,1,High,Medium,Private,Positive,2,No,College,Near,Female
30,98,Medium,Low,Yes,9,93,Medium,Yes,1,Low,Low,Private,Positive,3,No,High School,Near,Male
22,76,Medium,Medium,No,9,82,High,Yes,0,Medium,High,Private,Neutral,4,No,High School,Near,Male
18,69,High,High,Yes,7,97,Medium,Yes,2,Medium,Medium,Public,Positive,2,No,College,Near,Female
18,75,Medium,Low,Yes,6,100,High,Yes,2,Low,Medium,Public,Positive,3,No,High School,Near,Female
11,73,Medium,High,Yes,9,79,Medium,Yes,1,Low,High,Public,Neutral,2,No,High School,Near,Male
25,67,Medium,High,Yes,6,64,Medium,No,0,Low,Medium,Public,Neutral,2,No,High School,Moderate,Male
20,84,Low,Medium,No,5,96,Low,Yes,1,Low,Medium,Public,Negative,2,No,High School,Near,Male
19,79,Medium,Medium,No,8,92,High,Yes,1,Medium,High,Public,Positive,2,No,High School,Near,Male
39,95,Medium,High,Yes,9,54,High,Yes,2,Medium,Medium,Private,Positive,3,No,High School,Moderate,Male
22,61,Medium,Medium,Yes,6,97,High,Yes,0,Low,High,Public,Negative,2,Yes,High School,Near,Male
15,86,High,High,Yes,10,68,Medium,Yes,0,High,Medium,Public,Neutral,5,No,College,Near,Male
17,91,Medium,Medium,Yes,8,66,Medium,Yes,3,Medium,Low,Public,Positive,2,No,College,Near,Male
27,90,Medium,Low,No,8,67,Medium,Yes,2,Medium,Medium,Public,Negative,3,No,Postgraduate,Near,Male
21,95,High,Medium,Yes,6,66,High,Yes,1,Medium,High,Public,Positive,4,No,College,Near,Male
11,89,Medium,Low,Yes,9,76,Medium,Yes,1,Medium,High,Public,Neutral,3,No,Postgraduate,Far,Male
26,97,Medium,Low,No,5,79,High,Yes,2,Low,Low,Private,Positive,3,No,High School,Near,Female
16,73,Medium,Low,Yes,6,71,Medium,Yes,2,High,High,Public,Positive,5,No,College,Near,Male
31,80,Medium,Medium,Yes,6,71,High,Yes,2,Low,High,Public,Neutral,3,No,High School,Near,Female
26,61,Medium,Low,Yes,5,87,Medium,Yes,3,High,High,Public,Positive,2,Yes,High School,Near,Male
17,60,Medium,High,Yes,8,50,High,Yes,0,Low,High,Public,Positive,4,No,High School,Near,Female
28,70,High,High,Yes,8,97,Medium,Yes,5,Low,Low,Public,Negative,5,Yes,High School,Near,Male
20,64,High,Medium,Yes,8,86,Medium,Yes,1,Medium,Medium,Public,Neutral,2,No,Postgraduate,Near,Male
25,70,Medium,Medium,No,7,85,Medium,Yes,1,Medium,Medium,Public,Negative,4,No,High School,Near,Male
23,67,Medium,Medium,No,8,71,High,Yes,2,Medium,Medium,Public,Neutral,4,No,College,Moderate,Female
15,61,Medium,Medium,No,7,98,Medium,Yes,1,Medium,Medium,Public,Neutral,3,No,High School,Near,Male
16,96,Medium,Medium,No,6,50,High,Yes,1,Medium,High,Public,Positive,3,No,College,Near,Male
26,60,Low,High,Yes,6,54,Low,Yes,1,Low,Medium,Private,Positive,1,No,Postgraduate,Moderate,Male
18,89,Medium,Low,Yes,4,90,Low,Yes,1,High,Medium,Public,Positive,2,Yes,Postgraduate,Near,Female
18,66,Medium,High,No,9,87,Medium,Yes,1,Medium,Low,Private,Positive,3,No,High School,Moderate,Male
14,96,Low,High,Yes,9,64,High,Yes,2,Low,High,Public,Neutral,3,No,Postgraduate,Moderate,Male
23,96,Low,Medium,Yes,10,80,Low,Yes,3,Low,High,Public,Positive,3,No,High School,Near,Male
32,86,Medium,Medium,Yes,6,77,Medium,No,2,Medium,Low,Private,Negative,4,No,High School,Near,Male
14,87,Medium,Medium,No,6,76,Medium,Yes,1,Low,Medium,Private,Positive,4,No,College,Far,Female
20,60,Medium,Medium,Yes,4,80,Low,Yes,2,High,Medium,Private,Positive,3,Yes,College,Moderate,Male
28,99,Low,Medium,Yes,8,100,Low,Yes,0,Medium,Medium,Public,Positive,2,No,High School,Far,Male
20,95,Medium,Medium,Yes,8,99,Low,No,1,Low,Medium,Private,Neutral,3,No,College,Near,Female
23,96,Medium,Low,No,9,99,Medium,Yes,0,High,Medium,Private,Neutral,2,No,College,Near,Female
14,86,Low,Low,Yes,6,77,Medium,Yes,3,High,Medium,Private,Neutral,3,No,High School,Far,Male
23,74,Medium,Low,Yes,8,66,Low,Yes,0,High,Medium,Public,Negative,4,No,Postgraduate,Near,Female
19,96,Low,Medium,No,6,78,High,Yes,1,Low,Low,Public,Positive,2,No,High School,Far,Male
26,72,High,Medium,No,9,81,High,Yes,0,Medium,High,Public,Neutral,3,No,High School,Near,Male
27,83,Medium,Medium,Yes,8,66,Medium,Yes,3,Medium,Medium,Public,Positive,4,No,College,Far,Female
36,64,Medium,Medium,Yes,5,82,Medium,Yes,2,Medium,High,Private,Positive,2,No,High School,Near,Female
23,97,Low,High,Yes,7,81,Low,Yes,2,Medium,High,Public,Neutral,3,No,High School,Near,Male
22,66,Medium,High,No,4,95,Medium,Yes,1,Low,Low,Public,Neutral,5,No,College,Moderate,Male
21,69,Medium,Medium,Yes,5,62,High,Yes,2,Low,Medium,Public,Positive,3,No,High School,Near,Male
18,82,High,Medium,Yes,5,85,High,Yes,3,Medium,High,Private,Neutral,4,No,Postgraduate,Near,Male
22,91,High,High,Yes,6,73,Low,Yes,3,High,Medium,Public,Positive,4,No,Postgraduate,Near,Male
18,85,Low,Medium,No,7,56,Low,Yes,0,Low,Medium,Private,Positive,4,No,High School,Moderate,Male
21,69,Medium,Medium,No,7,66,High,Yes,1,Medium,Medium,Private,Neutral,4,No,High School,Far,Female
28,60,Medium,High,Yes,7,53,Low,Yes,3,Low,Medium,Private,Neutral,3,No,High School,Near,Female
14,90,Low,Medium,Yes,7,66,Medium,Yes,1,Medium,Medium,Public,Neutral,5,No,College,Near,Male
27,99,High,Medium,No,7,53,Low,Yes,2,Low,High,Public,Neutral,3,No,College,Near,Male
28,92,Low,High,No,5,96,High,Yes,1,Medium,Low,Public,Neutral,3,No,College,Moderate,Male
19,78,Medium,Medium,No,7,55,Low,Yes,0,Medium,Medium,Public,Positive,3,No,College,Near,Male
7,96,Medium,High,No,9,91,Medium,Yes,0,Low,Medium,Public,Neutral,4,No,College,Near,Male
16,76,Medium,Medium,Yes,7,95,Low,Yes,2,Medium,Medium,Public,Negative,3,No,High School,,Female
28,81,High,Medium,Yes,8,73,Low,Yes,0,Medium,High,Public,Negative,3,No,Postgraduate,Near,Male
20,79,High,Medium,No,8,53,Medium,Yes,2,Medium,Medium,Private,Neutral,3,No,High School,Moderate,Female
14,78,High,High,Yes,8,80,Low,Yes,1,Medium,Medium,Public,Neutral,1,No,High School,Near,Female
17,91,Medium,Low,Yes,7,62,Low,Yes,3,High,Medium,Public,Negative,3,No,Postgraduate,Near,Male
25,81,Low,Medium,Yes,8,59,Low,Yes,3,Low,Medium,Public,Positive,4,No,College,Near,Male
23,73,High,High,No,8,78,Low,Yes,0,High,Medium,Public,Neutral,4,No,High School,Moderate,Female
19,70,High,Medium,Yes,8,68,High,No,1,Low,Medium,Public,Positive,3,No,College,Near,Female
18,62,Medium,Low,Yes,8,87,Medium,Yes,4,Low,Medium,Public,Positive,4,No,College,Near,Female
18,83,High,Medium,No,5,80,High,Yes,1,High,High,Public,Positive,2,No,College,Near,Male
14,69,Low,Medium,No,5,91,Medium,Yes,0,High,Medium,Public,Positive,3,No,College,Moderate,Male
30,66,Medium,High,No,6,53,Low,No,2,Low,Medium,Public,Positive,2,No,High School,Near,Male
18,86,Low,Medium,Yes,9,62,Medium,Yes,4,Medium,Medium,Public,Negative,2,Yes,Postgraduate,Near,Female
27,87,Medium,Medium,Yes,7,78,Low,Yes,3,Low,Medium,Private,Negative,5,No,High School,Near,Female
29,90,High,Medium,Yes,7,94,Medium,Yes,1,Low,Low,Private,Neutral,4,No,High School,Near,Female
26,80,Medium,Medium,No,4,91,Low,Yes,1,Low,Medium,Private,Neutral,3,No,High School,Far,Male
17,96,High,Medium,Yes,7,84,Medium,Yes,2,Low,High,Private,Positive,3,No,College,Near,Female
22,97,Medium,Medium,No,7,79,High,Yes,2,Medium,High,Public,Positive,0,No,High School,Far,Male
20,92,Medium,High,Yes,4,82,High,Yes,0,Medium,Medium,Public,Neutral,4,No,Postgraduate,Near,Male
15,85,High,High,Yes,7,61,Medium,Yes,1,Medium,High,Public,Negative,3,No,High School,Near,Male
22,72,Low,Low,Yes,5,80,Medium,Yes,2,Low,High,Public,Neutral,3,No,College,Near,Female
13,99,High,Medium,No,6,75,Low,Yes,1,Medium,Medium,Public,Positive,4,Yes,College,Far,Female
27,71,Medium,Low,No,8,69,Medium,Yes,1,High,Medium,Public,Positive,4,No,College,Near,Male
17,68,Medium,Medium,No,7,94,High,Yes,1,High,Medium,Private,Neutral,4,No,College,Moderate,Female
21,78,Medium,Low,Yes,6,91,Medium,Yes,0,Medium,Low,Private,Neutral,1,Yes,High School,Near,Male
22,62,High,Medium,No,6,54,Medium,Yes,3,Low,Medium,Private,Neutral,3,No,Postgraduate,Near,Male
18,99,Medium,Medium,No,6,99,Medium,Yes,0,Low,Medium,Public,Neutral,3,No,High School,Moderate,Male
24,84,Medium,Medium,Yes,7,61,Medium,Yes,2,Medium,Medium,Public,Positive,2,No,High School,Far,Male
17,82,High,High,No,5,61,Medium,Yes,3,Medium,Medium,Public,Neutral,4,No,Postgraduate,Near,Male
25,86,Medium,Medium,Yes,9,97,Low,Yes,1,High,Medium,Private,Neutral,3,No,High School,Moderate,Male
12,80,High,Medium,No,5,72,Medium,Yes,1,High,Medium,Private,Positive,4,Yes,High School,Near,Female
21,61,Medium,Medium,No,4,90,Low,Yes,2,Medium,Low,Public,Neutral,3,No,High School,Near,Male
32,84,Low,Medium,Yes,8,64,Medium,Yes,1,Low,High,Private,Positive,3,No,College,Near,Female
14,89,Medium,High,Yes,6,94,Low,Yes,0,Low,Medium,Private,Neutral,2,No,Postgraduate,Near,Male
16,77,Medium,Medium,Yes,7,92,High,Yes,5,Low,High,Public,Positive,3,No,Postgraduate,Near,Female
23,90,Medium,High,Yes,8,76,High,Yes,2,Medium,Low,Public,Positive,3,No,High School,Near,Female
21,69,Medium,Medium,Yes,6,85,Medium,Yes,3,Low,Low,Public,Neutral,1,No,College,Far,Female
22,69,Low,Medium,No,7,98,Low,Yes,0,Low,Medium,Public,Positive,2,No,Postgraduate,Moderate,Male
23,66,Medium,Low,Yes,8,73,High,Yes,2,High,Medium,Public,Positive,2,No,College,Near,Female
24,75,Medium,High,Yes,9,75,High,Yes,0,Medium,High,Public,Positive,3,No,College,Far,Male
27,94,Medium,Low,No,6,86,Medium,Yes,2,Medium,Medium,Private,Neutral,2,No,High School,Near,Female
22,93,Medium,High,Yes,6,69,High,Yes,0,High,Low,Public,Negative,3,Yes,High School,Near,Male
19,75,High,Medium,No,8,98,Low,Yes,1,Low,Medium,Public,Neutral,3,No,Postgraduate,Moderate,Male
24,84,Low,Medium,Yes,7,52,Medium,Yes,0,Low,High,Public,Neutral,3,No,High School,Near,Male
31,89,Medium,Medium,No,7,70,Medium,Yes,2,Low,High,Public,Positive,2,No,High School,Moderate,Female
19,70,Medium,Low,Yes,9,86,Low,Yes,2,High,Medium,Public,Neutral,2,Yes,High School,Near,Male
14,67,Medium,Low,No,4,71,Medium,Yes,0,High,Medium,Public,Neutral,4,No,College,Near,Female
27,99,Medium,High,No,5,63,Medium,Yes,0,Medium,High,Public,Neutral,4,No,High School,Near,Female
19,85,High,Medium,No,4,71,Low,Yes,1,Medium,High,Public,Negative,3,No,High School,Far,Female
7,99,High,Medium,Yes,9,94,Medium,Yes,3,High,High,Public,Positive,2,No,Postgraduate,Moderate,Male
25,74,High,Low,Yes,8,77,Low,Yes,1,Low,Medium,Public,Neutral,2,No,Postgraduate,Moderate,Female
17,88,Low,Low,No,5,67,Medium,No,0,Medium,High,Public,Neutral,3,No,Postgraduate,Near,Male
19,69,Medium,Medium,Yes,7,84,Medium,Yes,2,Medium,Medium,Public,Neutral,4,No,High School,Near,Male
22,70,High,Medium,Yes,7,81,Low,Yes,3,Medium,Medium,Public,Neutral,2,No,Postgraduate,Moderate,Female
21,80,Medium,High,Yes,4,78,Medium,Yes,1,Medium,High,Private,Neutral,4,No,High School,Near,Female
24,73,High,Medium,Yes,7,70,Medium,Yes,0,High,Medium,Public,Negative,3,No,Postgraduate,Near,Female
17,67,Medium,High,Yes,5,54,Medium,Yes,0,Low,Medium,Public,Negative,2,No,High School,Moderate,Male
23,71,High,Low,Yes,8,81,Medium,Yes,3,Medium,High,Private,Positive,2,No,High School,Near,Male
18,61,High,Low,Yes,5,71,Low,Yes,3,High,High,Private,Neutral,3,No,College,Near,Male
24,88,Medium,Low,Yes,7,71,Low,No,1,Low,High,Public,Neutral,3,No,College,Moderate,Male
24,80,Low,High,Yes,9,62,High,Yes,3,High,Low,Public,Neutral,3,No,High School,Moderate,Male
14,64,Medium,High,No,8,62,Low,Yes,1,Medium,High,Public,Positive,4,Yes,High School,Moderate,Male
27,67,High,Low,No,8,89,Low,Yes,1,Low,Low,Public,Positive,3,No,Postgraduate,Near,Female
17,64,High,Low,Yes,7,74,Low,Yes,2,Medium,Low,Public,Positive,2,No,Postgraduate,Near,Female
25,85,Low,Medium,No,5,55,Low,Yes,3,High,Medium,Public,Negative,3,No,High School,Moderate,Female
22,64,Medium,High,No,6,52,Low,Yes,2,High,Medium,Private,Negative,4,No,College,Moderate,Female
31,90,High,High,No,7,61,Low,Yes,0,Low,Medium,Public,Positive,3,No,High School,Near,Male
19,61,Medium,Medium,No,7,74,Low,Yes,2,High,Medium,Public,Negative,3,No,Postgraduate,Far,Male
18,70,High,Medium,Yes,5,81,Low,Yes,2,Low,Medium,Private,Negative,2,No,High School,Far,Female
20,96,High,High,No,8,57,Low,Yes,1,Low,Medium,Private,Neutral,4,No,High School,Near,Male
18,89,High,Medium,No,5,72,Low,Yes,3,Medium,Medium,Public,Positive,3,No,College,Moderate,Male
25,63,Low,Medium,Yes,9,54,Medium,Yes,3,Medium,Low,Public,Positive,2,No,High School,Near,Male
10,93,Low,Medium,No,7,52,Medium,Yes,2,Medium,Medium,Public,Positive,3,No,Postgraduate,Near,Male
14,80,Low,Medium,Yes,8,93,Medium,Yes,3,Low,High,Private,Positive,4,No,High School,Near,Female
14,94,High,High,Yes,8,83,Medium,Yes,4,Medium,Low,Public,Negative,5,Yes,Postgraduate,Near,Female
26,84,Medium,High,Yes,10,89,Medium,Yes,0,Low,High,Private,Positive,1,No,High School,Far,Female
30,87,Low,Medium,No,7,59,Medium,Yes,2,Medium,Medium,Public,Neutral,3,No,High School,Moderate,Male
19,100,Medium,Low,No,6,66,High,Yes,0,Low,Medium,Public,Neutral,3,No,,Moderate,Male
19,69,Medium,High,Yes,6,72,Medium,No,1,Low,Medium,Public,Neutral,1,No,College,Near,Female
20,85,High,Medium,Yes,9,83,Low,Yes,3,Medium,Medium,Public,Positive,3,Yes,College,Near,Male
27,78,High,Low,Yes,5,77,Medium,Yes,0,Medium,Low,Private,Neutral,3,No,Postgraduate,Near,Male
14,62,Medium,Medium,Yes,6,78,Medium,Yes,0,High,,Public,Positive,2,No,College,Near,Female
21,61,Low,Medium,No,7,58,Medium,Yes,1,Medium,Low,Public,Negative,3,No,High School,Near,Female
26,65,High,Low,No,7,74,Medium,Yes,2,Low,Medium,Public,Negative,4,No,High School,Near,Female
23,86,Medium,Medium,No,8,91,Medium,Yes,0,Low,Medium,Public,Negative,0,No,High School,Near,Male
21,83,Medium,Low,No,5,75,Low,Yes,1,Medium,Medium,Public,Negative,4,No,College,Near,Male
26,82,Low,High,No,7,60,Medium,No,3,Low,Medium,Public,Neutral,3,No,Postgraduate,Near,Female
4,61,Low,High,Yes,7,71,High,Yes,0,Low,Low,Public,Positive,1,No,Postgraduate,Near,Male
24,79,Low,High,Yes,5,88,Medium,Yes,0,Medium,Medium,Public,Neutral,3,No,High School,Moderate,Female
16,97,Medium,Medium,Yes,8,57,Low,Yes,0,Medium,Medium,Public,Positive,4,Yes,,Near,Male
9,76,Medium,Medium,Yes,7,79,Medium,Yes,1,Low,Medium,Public,Neutral,3,No,High School,Near,Female
23,85,Low,High,No,7,98,High,No,2,Low,Medium,Public,Negative,3,No,Postgraduate,Moderate,Female
28,91,Medium,High,Yes,6,69,High,Yes,1,Medium,High,Private,Neutral,4,No,High School,Far,Male
19,91,High,Low,No,6,52,Medium,Yes,2,Low,Medium,Public,Negative,4,Yes,High School,Moderate,Male
26,81,Low,Medium,Yes,5,82,Medium,Yes,0,Medium,Medium,Public,Negative,5,Yes,Postgraduate,Near,Female
30,94,Medium,Medium,No,8,52,Medium,Yes,1,Medium,Low,Public,Neutral,4,No,High School,Near,Female
28,76,Medium,Medium,Yes,9,60,Medium,Yes,1,Low,Medium,Public,Neutral,2,No,High School,Far,Male
30,96,High,Medium,Yes,10,52,Medium,Yes,0,High,High,Public,Positive,4,No,College,Moderate,Female
24,70,Medium,High,No,8,59,Low,Yes,2,Low,High,Public,Positive,5,No,High School,Near,Male
20,71,High,Medium,No,6,93,High,Yes,2,Medium,High,Public,Negative,2,No,Postgraduate,Near,Male
10,62,Medium,Medium,No,6,87,High,Yes,2,Low,High,Public,Neutral,3,No,High School,Near,Male
19,92,Medium,High,No,8,67,Medium,Yes,2,Medium,Medium,Private,Negative,2,No,High School,,Female
15,77,Low,Medium,Yes,7,95,Low,Yes,4,Low,Medium,Public,Positive,4,No,High School,Moderate,Male
33,69,Medium,High,Yes,7,83,Medium,Yes,2,Medium,Low,Public,Neutral,2,No,Postgraduate,Near,Male
19,69,Medium,Low,No,7,72,Medium,Yes,1,Low,Low,Public,Positive,2,No,High School,Far,Female
21,96,Medium,High,Yes,9,53,Medium,Yes,0,Low,High,Public,Neutral,3,No,College,Near,Male
23,93,Medium,Low,No,6,87,Medium,Yes,2,Medium,Medium,Private,Neutral,3,No,High School,Moderate,Male
20,82,Medium,High,Yes,9,69,Low,Yes,1,Medium,Medium,Public,Positive,3,No,College,Near,Male
30,85,High,Low,Yes,7,65,High,Yes,2,Low,Medium,Public,Negative,3,No,High School,Near,Female
16,79,High,Medium,Yes,6,64,Medium,Yes,4,Low,Low,Public,Positive,4,Yes,College,Near,Male
21,76,Low,Medium,No,6,50,Low,Yes,2,Low,Medium,Public,Negative,4,No,Postgraduate,Moderate,Female
16,97,Medium,Medium,No,7,87,Medium,Yes,1,High,Medium,Public,Neutral,3,No,High School,Near,Female
12,65,Medium,Medium,No,8,57,Medium,Yes,1,High,High,Private,Positive,5,Yes,High School,Near,Female
16,77,Low,High,Yes,6,76,Low,Yes,1,Low,Medium,Public,Neutral,1,No,Postgraduate,Moderate,Female
20,74,Medium,Medium,Yes,8,51,High,Yes,2,Medium,Medium,Public,Negative,3,No,College,Near,Male
17,80,Medium,Medium,No,6,81,Medium,Yes,1,Medium,High,Public,Neutral,1,No,College,Far,Male
16,78,Medium,Low,Yes,7,68,High,Yes,3,Low,High,Private,Positive,3,No,Postgraduate,Far,Female
12,81,High,High,Yes,5,82,Low,Yes,1,Medium,High,Public,Positive,3,No,High School,Far,Female
20,66,Low,Medium,Yes,8,54,Medium,Yes,2,Medium,Low,Public,Positive,2,No,Postgraduate,Near,Male
11,81,Low,High,Yes,7,63,Medium,Yes,3,Medium,Medium,Public,Neutral,2,No,Postgraduate,Near,Male
25,70,Medium,Medium,Yes,9,56,High,Yes,0,Low,Medium,Public,Positive,1,No,High School,Far,Male
20,67,High,Low,No,8,82,Medium,Yes,3,Low,High,Public,Neutral,4,Yes,High School,Near,Male
11,63,High,Medium,No,7,55,Low,Yes,3,High,Medium,Private,Positive,1,No,Postgraduate,Near,Male
18,91,Low,High,Yes,9,81,High,Yes,4,High,Medium,Public,Neutral,5,No,High School,Moderate,Male
15,77,Medium,Medium,Yes,8,57,Low,Yes,1,Low,Medium,Public,Neutral,2,No,College,Near,Male
22,85,Medium,High,No,9,97,High,Yes,0,Medium,High,Public,Negative,3,No,College,Moderate,Male
28,89,Medium,Low,Yes,6,71,Low,Yes,2,Low,Medium,Private,Neutral,4,No,College,Moderate,Male
9,87,Medium,Medium,No,8,56,Medium,Yes,1,Medium,High,Public,Positive,3,No,College,Moderate,Female
21,79,High,High,Yes,8,52,Medium,Yes,1,Low,,Public,Neutral,3,Yes,High School,Near,Female
19,76,Medium,Low,Yes,5,66,Medium,Yes,2,Medium,Medium,Private,Positive,4,No,College,Near,Female
24,75,Medium,Low,No,9,95,High,Yes,0,Medium,High,Public,Positive,2,No,College,Near,Male
21,86,High,High,No,5,57,Medium,Yes,1,Low,Medium,Private,Negative,3,No,High School,Near,Male
15,80,High,Medium,Yes,5,90,Medium,Yes,4,Medium,High,Private,Neutral,3,No,High School,Near,Female
18,94,Medium,Medium,Yes,4,71,Medium,Yes,3,High,Low,Public,Positive,3,No,College,Near,Female
15,95,Medium,Medium,Yes,8,90,Low,Yes,2,Low,,Private,Negative,1,No,Postgraduate,Near,Male
26,67,Medium,High,Yes,5,94,Medium,Yes,0,Medium,Medium,Public,Positive,2,No,College,Near,Male
20,65,Medium,High,Yes,6,100,Medium,Yes,2,Low,High,Public,Neutral,5,No,High School,Moderate,Male
31,85,High,Medium,No,8,53,Medium,Yes,2,Low,High,Public,Positive,3,No,High School,Near,Male
20,72,High,Medium,Yes,7,90,High,Yes,2,Medium,Medium,Public,Neutral,3,No,High School,Near,Male
16,61,High,Medium,Yes,6,53,Low,Yes,0,High,Medium,Public,Positive,4,Yes,High School,Moderate,Female
11,96,Medium,High,No,5,66,High,Yes,2,Low,Medium,Public,Neutral,4,No,High School,Moderate,Male
9,69,High,Medium,Yes,7,82,High,Yes,1,High,High,Public,Positive,2,No,High School,Near,Female
10,97,Low,High,No,8,72,High,Yes,0,Low,Medium,Public,Neutral,3,No,Postgraduate,Moderate,Female
22,89,Low,Medium,No,8,78,Low,Yes,4,High,Medium,Private,Positive,3,No,High School,Near,Female
23,91,Medium,Low,Yes,10,98,High,Yes,0,Low,High,Private,Negative,3,No,High School,Near,Female
11,68,Medium,Medium,No,6,91,Low,Yes,3,Low,High,Public,Negative,2,No,College,Far,Female
25,69,High,Low,Yes,5,68,Medium,Yes,2,High,High,Public,Positive,4,No,College,Far,Male
17,81,Medium,High,No,7,80,High,Yes,1,Low,Medium,Public,Negative,3,No,Postgraduate,Near,Female
21,67,Medium,High,No,7,52,Medium,Yes,3,Low,Medium,Public,Negative,3,Yes,High School,Moderate,Female
30,72,Medium,Low,No,7,73,Medium,Yes,0,High,Medium,Public,Neutral,4,No,High School,Moderate,Male
25,73,High,Medium,Yes,6,80,Medium,Yes,3,High,Medium,Public,Positive,2,No,High School,Far,Female
18,66,Medium,High,Yes,4,86,Medium,Yes,2,Medium,Medium,Public,Negative,4,No,College,Near,Female
15,68,Medium,Medium,Yes,5,95,Medium,Yes,0,High,Medium,Public,Negative,5,No,College,Near,Female
7,92,High,Medium,No,8,64,High,Yes,1,Low,Low,Public,Neutral,4,No,Postgraduate,Near,Male
16,67,Medium,Medium,No,7,95,Low,Yes,2,Medium,Medium,Public,Neutral,5,Yes,High School,Near,Male
19,61,Low,High,Yes,8,83,Low,Yes,1,Medium,Medium,Private,Negative,3,No,High School,Near,Male
14,85,Medium,Medium,Yes,8,54,Low,Yes,1,High,Medium,Private,Negative,4,No,Postgraduate,Moderate,Male
19,99,Low,High,No,8,69,Low,Yes,0,High,Medium,Private,Negative,2,No,High School,Moderate,Male
20,73,High,High,Yes,8,74,Low,Yes,1,Low,Low,Private,Negative,4,No,High School,Moderate,Male
19,65,Medium,High,Yes,7,68,Low,Yes,1,Low,Low,Public,Neutral,4,No,College,Near,Female
16,83,High,High,Yes,7,56,Medium,Yes,3,Medium,Medium,Public,Negative,2,No,High School,Near,Male
21,96,Medium,High,Yes,4,78,Low,Yes,2,High,Medium,Private,Positive,2,No,High School,Near,Male
23,91,High,Low,No,6,57,Medium,Yes,2,Low,Medium,Private,Positive,3,No,High School,Near,Male
13,85,Low,Medium,No,6,96,Low,Yes,1,Low,High,Public,Positive,5,No,Postgraduate,Far,Male
28,73,Low,Low,Yes,7,93,High,Yes,2,Low,High,Private,Neutral,3,No,College,Near,Male
19,82,Low,Low,No,6,74,Medium,Yes,1,Medium,High,Public,Neutral,2,No,High School,Moderate,Male
20,64,Medium,Low,Yes,8,53,Low,Yes,1,Low,Medium,Public,Positive,2,No,High School,Near,Male
24,87,Low,Medium,No,6,78,High,Yes,0,Low,Low,Public,Neutral,2,Yes,Postgraduate,Near,Male
21,89,Medium,Low,Yes,9,80,Medium,Yes,0,Medium,Low,Public,Neutral,3,No,Postgraduate,Moderate,Male
26,99,Medium,Medium,No,6,94,High,Yes,2,Medium,Medium,Public,Positive,3,No,High School,Near,Male
22,70,Medium,High,Yes,6,53,Medium,Yes,3,Medium,High,Public,Positive,2,No,High School,Near,Female
16,61,Medium,High,Yes,6,85,Medium,Yes,2,Medium,Medium,Private,Positive,3,No,High School,Near,Male
22,82,Low,High,No,6,78,Medium,Yes,3,Medium,High,Public,Neutral,3,No,High School,Moderate,Male
13,88,High,Medium,Yes,9,59,Medium,Yes,0,Low,Medium,Private,Negative,3,Yes,High School,Far,Female
21,92,Medium,Medium,No,7,56,Medium,Yes,0,Low,Medium,Private,Neutral,4,No,High School,Moderate,Female
20,68,High,Medium,Yes,7,85,Medium,Yes,1,Medium,Medium,Public,Neutral,3,No,College,Far,Male
19,70,Medium,Medium,Yes,6,67,Medium,Yes,5,Medium,Low,Public,Positive,4,No,Postgraduate,Moderate,Female
19,81,High,Medium,No,7,100,Medium,Yes,1,Low,Medium,Private,Negative,5,No,Postgraduate,Moderate,Female
9,73,Medium,Low,Yes,7,95,Medium,No,3,Low,Medium,Private,Negative,3,No,Postgraduate,Near,Male
17,94,High,Medium,Yes,7,78,Medium,Yes,1,Low,High,Public,Neutral,3,No,College,Near,Female
21,79,Low,High,Yes,7,82,Medium,Yes,1,High,Medium,Public,Negative,3,No,High School,Near,Female
21,92,High,High,Yes,9,58,Medium,Yes,2,High,Medium,Public,Neutral,5,No,High School,Moderate,Female
14,83,High,Medium,Yes,7,95,Low,Yes,1,Low,Medium,Private,Neutral,2,Yes,High School,Near,Female
28,91,Low,Medium,Yes,5,73,Medium,No,2,Medium,Medium,Public,Neutral,2,No,High School,Near,Female
15,73,Medium,Medium,No,7,76,High,Yes,2,Low,Medium,Public,Positive,4,No,High School,Far,Female
26,93,High,Low,No,6,94,Medium,Yes,6,High,Medium,Private,Negative,4,No,High School,Near,Female
23,71,Medium,High,No,8,50,Medium,Yes,0,High,Medium,Public,Positive,2,No,High School,Far,Female
16,82,Low,High,No,7,75,Medium,Yes,0,Low,Medium,Public,Negative,2,No,Postgraduate,Moderate,Female
31,69,Medium,Low,Yes,9,81,Medium,Yes,2,Medium,Medium,Private,Negative,2,No,College,Near,Male
13,79,Low,Low,Yes,6,58,High,Yes,2,Medium,Medium,Public,Positive,4,No,College,Moderate,Male
26,73,High,Medium,Yes,7,53,Low,Yes,3,Medium,High,Private,Neutral,5,No,High School,Moderate,Female
26,71,Low,Medium,Yes,5,77,Low,Yes,0,Medium,Medium,Public,Neutral,5,No,Postgraduate,Near,Male
16,99,Low,High,Yes,7,77,High,Yes,0,Low,Medium,Public,Neutral,3,Yes,High School,Moderate,Female
28,66,Medium,High,No,5,67,Medium,Yes,1,High,Medium,Private,Positive,1,No,Postgraduate,Moderate,Female
18,91,Medium,Medium,No,7,94,Medium,Yes,3,Low,Medium,Private,Neutral,2,No,High School,Near,Female
22,99,High,Low,No,7,65,Medium,Yes,3,Low,Low,Public,Neutral,3,No,Postgraduate,Near,Female
22,61,Low,High,Yes,7,76,Medium,Yes,1,High,Medium,Public,Positive,3,No,College,Near,Female
19,88,Low,Medium,Yes,8,59,Medium,Yes,2,Medium,Medium,Private,Neutral,4,No,High School,Near,Male
25,70,Medium,Medium,No,7,51,Medium,Yes,1,High,Medium,Public,Negative,4,No,College,Near,Female
25,62,High,Medium,No,5,71,Medium,Yes,0,Low,High,Private,Positive,4,No,High School,Moderate,Male
10,76,Medium,Low,No,6,76,Medium,Yes,1,High,High,Public,Negative,2,No,Postgraduate,Near,Male
28,97,Medium,Medium,Yes,7,88,High,Yes,2,Medium,Medium,Public,Neutral,2,No,High School,Moderate,Male
10,60,Medium,Medium,No,7,72,Low,No,3,Medium,Low,Public,Positive,3,No,High School,Near,Male
26,84,Medium,Medium,No,7,64,Low,Yes,2,High,High,Public,Neutral,3,No,High School,Near,Male
27,80,Medium,Low,Yes,9,80,Medium,Yes,0,High,Medium,Public,Neutral,2,Yes,High School,Moderate,Male
13,95,Medium,Medium,Yes,7,69,Medium,Yes,1,Low,Low,Public,Positive,2,Yes,Postgraduate,Moderate,Female
18,63,High,High,No,8,62,Medium,Yes,2,High,Medium,Public,Positive,4,No,High School,Near,Female
13,87,High,Medium,Yes,4,96,Low,Yes,3,Low,Low,Public,Neutral,3,Yes,College,Near,Male
19,87,High,High,No,8,77,Low,Yes,3,Low,Medium,Private,Neutral,4,No,High School,Moderate,Male
18,87,Medium,Low,Yes,10,60,High,Yes,2,Medium,Medium,Public,Positive,3,No,High School,Near,Female
25,98,Medium,Medium,Yes,9,84,Medium,Yes,1,Medium,High,Private,Neutral,2,No,Postgraduate,Near,Female
28,93,Low,High,Yes,6,90,Medium,Yes,1,Low,Medium,Public,Positive,2,Yes,High School,Near,Female
28,62,High,Medium,Yes,10,88,Medium,Yes,0,Low,High,Public,Positive,2,Yes,Postgraduate,Moderate,Male
17,79,Medium,Medium,Yes,7,80,Low,Yes,1,High,High,Public,Positive,3,No,College,Near,Female
19,76,High,Low,No,7,76,Medium,Yes,0,High,High,Public,Neutral,2,No,Postgraduate,Near,Male
10,72,Medium,Low,No,7,89,Medium,Yes,3,Medium,Medium,Public,Negative,4,No,College,Near,Female
15,78,High,High,No,7,85,Medium,No,1,High,Medium,Public,Negative,1,No,High School,Far,Male
26,75,Medium,Low,Yes,4,79,Medium,Yes,2,High,Medium,Public,Negative,1,No,College,Near,Male
30,77,Medium,Low,Yes,8,83,Medium,Yes,1,Low,Low,Public,Positive,3,No,College,Near,Male
13,99,Medium,Medium,Yes,7,58,Medium,Yes,1,Low,Medium,Public,Neutral,2,No,High School,Near,Male
16,64,High,Medium,Yes,7,51,High,Yes,4,High,High,Public,Neutral,3,No,College,Near,Male
20,97,High,High,Yes,7,97,Low,Yes,2,Medium,High,Private,Neutral,4,No,High School,Moderate,Female
22,79,High,Medium,No,6,97,Medium,No,2,High,,Public,Positive,2,No,College,Moderate,Female
15,85,Low,Medium,Yes,7,89,High,Yes,0,Medium,Medium,Public,Negative,4,No,College,Moderate,Female
23,93,High,Low,Yes,9,69,Low,Yes,0,Medium,Medium,Private,Positive,3,Yes,Postgraduate,Moderate,Male
17,74,Medium,Medium,Yes,8,58,Low,Yes,1,High,Medium,Public,Neutral,2,No,College,Far,Male
20,77,Medium,Low,Yes,7,68,Medium,No,0,Medium,High,Private,Positive,3,No,College,Near,Female
23,76,Low,Medium,No,7,86,Low,No,1,Low,Medium,Private,Positive,4,No,College,Far,Male
20,75,Low,Medium,No,7,67,High,Yes,0,Medium,Medium,Private,Neutral,4,No,High School,Near,Male
17,97,Low,High,Yes,6,90,Low,Yes,2,Medium,Low,Public,Negative,2,No,High School,Moderate,Male
19,93,High,High,No,7,84,Medium,Yes,5,Low,High,Public,Negative,3,No,High School,Near,Female
19,64,Medium,Medium,Yes,8,81,High,Yes,1,Medium,Medium,Public,Negative,3,Yes,High School,Moderate,Male
18,64,Low,Low,Yes,7,97,Low,Yes,2,Medium,Low,Private,Neutral,4,No,College,Near,Male
18,77,Medium,Medium,Yes,6,95,High,Yes,0,Medium,High,Private,Positive,2,No,Postgraduate,Moderate,Female
30,64,Medium,Medium,No,7,86,Low,Yes,1,Medium,Medium,Private,Positive,3,No,Postgraduate,Far,Female
23,85,Low,High,Yes,8,60,High,Yes,2,Medium,Medium,Public,Positive,1,Yes,College,Moderate,Female
18,66,Low,High,Yes,5,97,Medium,Yes,4,Medium,Medium,Public,Neutral,4,No,High School,Moderate,Male
24,81,Low,Medium,Yes,6,61,Low,Yes,3,Medium,Medium,Public,Positive,3,No,Postgraduate,Near,Male
18,60,Medium,Medium,Yes,5,69,Medium,Yes,0,Medium,Medium,Public,Neutral,2,No,Postgraduate,Near,Female
27,73,Low,Medium,No,7,91,Medium,Yes,2,High,Medium,Public,Neutral,4,No,College,Far,Female
22,87,Medium,Medium,No,8,60,Low,Yes,2,Medium,High,Public,Negative,2,No,College,Moderate,Male
19,79,Low,Medium,No,9,82,Medium,Yes,1,Low,Medium,Private,Neutral,4,No,High School,Near,Male
23,99,Low,Medium,No,9,73,Medium,Yes,0,Low,Medium,Public,Negative,4,No,College,Near,Male
11,95,Medium,Medium,No,6,81,High,Yes,2,Low,Low,Public,Positive,3,No,High School,Near,Male
13,74,Low,Low,Yes,7,98,High,Yes,0,Medium,Medium,Public,Positive,3,No,Postgraduate,Near,Female
13,62,Low,Medium,Yes,6,90,Medium,No,3,High,High,Private,Neutral,3,Yes,Postgraduate,Near,Female
21,94,Medium,Medium,Yes,9,65,Low,Yes,5,High,High,Private,Neutral,3,Yes,High School,Near,Male
30,96,Medium,High,Yes,9,53,Medium,No,0,Medium,Medium,Private,Neutral,3,No,High School,Near,Male
33,93,High,High,Yes,7,98,Low,Yes,0,Medium,Medium,Public,Negative,2,Yes,High School,Near,Female
24,65,Low,High,No,6,79,Low,Yes,1,Medium,High,Public,Neutral,2,No,Postgraduate,Near,Male
23,100,High,Low,Yes,4,59,Medium,Yes,2,Medium,Medium,Public,Positive,4,No,High School,Near,Female
9,70,High,Medium,No,5,81,Medium,Yes,1,High,High,Private,Neutral,4,No,Postgraduate,Near,Female
17,89,High,Medium,Yes,4,52,High,Yes,0,Low,Medium,Public,Positive,3,No,College,Far,Female
15,96,Medium,High,Yes,5,59,High,Yes,2,Medium,High,Private,Neutral,2,No,High School,Near,Male
16,69,High,Medium,Yes,10,82,Medium,Yes,0,Low,High,Public,Negative,1,Yes,High School,Moderate,Male
19,96,Low,Low,Yes,5,70,High,Yes,0,Low,Medium,Public,Positive,2,No,High School,Far,Male
17,72,Low,Medium,Yes,5,66,Medium,Yes,2,High,High,Public,Negative,3,No,College,Near,Male
8,99,Low,High,Yes,6,83,High,Yes,2,Medium,High,Public,Positive,4,Yes,Postgraduate,Near,Male
24,71,High,High,Yes,10,93,Low,Yes,2,Medium,Medium,Private,Positive,2,Yes,College,Near,Female
14,98,Medium,Medium,Yes,7,84,Low,Yes,3,High,Medium,Public,Neutral,3,No,High School,Near,Female
21,62,High,High,No,8,73,Medium,Yes,2,High,Medium,Private,Negative,2,No,College,Near,Female
32,88,Medium,Low,Yes,7,83,Low,Yes,1,Low,High,Private,Positive,4,No,Postgraduate,Near,Male
14,81,High,Medium,No,4,85,Low,Yes,3,Medium,High,Public,Positive,4,No,Postgraduate,Moderate,Female
5,79,High,High,Yes,9,89,Low,Yes,3,Medium,Medium,Private,Neutral,3,No,College,Near,Female
18,69,High,Medium,Yes,8,65,Medium,Yes,4,Medium,Medium,Public,Neutral,4,No,High School,Far,Male
27,88,Medium,Low,No,7,56,High,Yes,2,Low,Medium,Public,Neutral,4,No,Postgraduate,Near,Female
32,68,High,High,No,10,84,Medium,Yes,0,Medium,High,Private,Positive,2,No,Postgraduate,Far,Male
13,82,High,Medium,No,6,56,High,Yes,2,Low,High,Public,Neutral,4,No,Postgraduate,Near,Male
23,70,Medium,High,Yes,7,73,High,Yes,1,Low,Medium,Private,Positive,3,No,Postgraduate,Near,Male
17,98,Medium,Low,Yes,6,62,Low,Yes,1,Medium,Medium,Private,Neutral,2,No,College,Near,Female
19,61,High,Medium,No,9,67,Medium,Yes,0,Low,Medium,Public,Negative,2,No,College,Far,Female
36,68,Medium,Medium,Yes,8,74,High,Yes,2,Medium,Medium,Public,Negative,3,No,High School,Near,Male
11,70,High,High,No,7,95,High,Yes,0,Low,High,Public,Negative,5,No,College,Moderate,Male
22,77,Low,Medium,Yes,5,84,Medium,No,3,High,Medium,Public,Positive,2,No,High School,Moderate,Male
23,69,Medium,Medium,Yes,6,59,Medium,Yes,3,High,Medium,Public,Neutral,3,No,Postgraduate,Moderate,Male
27,80,Low,Low,Yes,5,94,High,Yes,3,High,Medium,Public,Negative,3,No,High School,Near,Male
21,95,Medium,High,No,9,75,Medium,Yes,1,Low,Medium,Public,Neutral,2,No,College,Far,Male
22,88,Medium,Medium,Yes,5,60,Low,Yes,1,Low,Medium,Public,Neutral,2,No,High School,Moderate,Male
18,83,High,Low,No,9,76,Medium,Yes,0,Medium,Low,Private,Neutral,4,No,High School,Near,Female
22,64,Low,Medium,Yes,9,60,Medium,Yes,1,High,High,Private,Neutral,2,No,High School,Near,Male
18,88,High,Medium,No,6,68,Low,Yes,0,Medium,High,Public,Neutral,4,No,High School,Far,Female
24,67,High,Low,Yes,6,90,Medium,Yes,0,Low,Medium,Public,Neutral,1,No,College,Far,Male
18,91,Medium,Low,No,6,83,Medium,Yes,2,Low,Medium,Private,Neutral,4,No,High School,Near,Male
22,70,Medium,High,Yes,8,74,Low,Yes,2,Low,High,Public,Negative,2,No,,Moderate,Male
20,77,Medium,Low,No,9,61,Medium,Yes,2,Medium,Medium,Public,Neutral,3,No,High School,Near,Male
27,74,Medium,Low,Yes,9,64,High,No,1,Low,Medium,Public,Neutral,3,No,High School,Near,Male
20,94,Low,Medium,Yes,6,99,Medium,Yes,0,Medium,Medium,Public,Negative,4,No,College,Near,Female
9,65,Medium,High,Yes,9,67,Medium,Yes,1,High,Medium,Public,Neutral,3,No,High School,Near,Female
28,83,High,Low,No,9,81,Medium,Yes,0,Low,Medium,Public,Neutral,4,No,High School,Moderate,Male
15,66,Low,High,Yes,7,75,Low,Yes,0,High,High,Public,Negative,3,No,College,Near,Male
16,88,Medium,High,Yes,7,51,Medium,Yes,0,Medium,Medium,Public,Positive,3,No,College,Near,Female
16,96,High,Medium,Yes,9,97,Medium,Yes,0,Medium,High,Private,Neutral,5,No,College,Near,Male
28,77,High,Medium,Yes,9,54,Low,Yes,1,High,Medium,Public,Positive,3,No,Postgraduate,Near,Female
7,80,High,Medium,No,9,83,Low,No,3,Medium,Medium,Public,Neutral,3,No,High School,Far,Female
39,97,High,High,Yes,10,91,Medium,Yes,2,Low,Medium,Public,Positive,3,No,High School,Moderate,Female
26,81,Medium,High,Yes,8,87,Medium,Yes,2,High,High,Public,Neutral,1,No,Postgraduate,Near,Male
21,80,High,High,Yes,7,90,High,Yes,1,Low,Low,Public,Negative,2,No,College,Far,Male
20,83,High,Medium,Yes,9,87,Low,Yes,0,High,Medium,Public,Neutral,2,No,High School,Near,Male
22,88,Medium,Medium,Yes,10,72,Medium,Yes,2,Low,High,Public,Neutral,2,No,High School,Moderate,Female
23,64,Medium,Low,Yes,6,95,High,Yes,1,Low,Medium,Public,Positive,2,Yes,College,Far,Female
24,93,Medium,Medium,Yes,7,96,Medium,No,5,High,Medium,Public,Negative,4,No,Postgraduate,Near,Female
23,77,Medium,Medium,Yes,5,72,Medium,Yes,2,High,High,Public,Negative,5,No,College,Moderate,Female
21,63,Medium,Low,No,8,74,Medium,Yes,0,Low,Medium,Public,Negative,3,No,High School,Near,Female
19,91,Medium,Low,Yes,8,74,Low,Yes,4,Medium,Medium,Public,Neutral,2,Yes,Postgraduate,Near,Female
19,75,Medium,Low,No,6,64,High,Yes,2,Low,Medium,Public,Neutral,3,No,High School,Near,Female
19,64,Medium,Medium,Yes,9,56,Low,Yes,2,Low,Medium,Public,Positive,4,No,Postgraduate,Far,Female
27,85,Low,High,No,6,63,Low,Yes,1,Low,Medium,Public,Negative,2,No,College,Near,Male
24,95,High,Medium,Yes,6,92,Medium,Yes,2,Low,Medium,Public,Neutral,3,No,High School,Far,Male
2,96,Low,High,Yes,9,77,Medium,Yes,3,Medium,,Public,Neutral,2,No,High School,Far,Female
24,98,Low,Low,No,6,93,Low,No,2,Low,Low,Public,Positive,4,No,College,Near,Male
21,95,Medium,Low,No,5,87,Low,Yes,2,Medium,Medium,Private,Neutral,4,No,High School,Near,Male
20,60,Medium,Medium,Yes,8,67,Low,Yes,1,Medium,Medium,Public,Neutral,4,No,Postgraduate,Moderate,Female
18,75,Low,Medium,Yes,7,59,Low,Yes,0,Medium,Medium,Public,Positive,2,Yes,High School,Near,Female
27,93,Medium,Medium,Yes,9,78,Low,Yes,1,Low,Medium,Public,Positive,2,No,Postgraduate,Near,Female
26,75,High,High,No,8,97,Medium,Yes,1,Low,Medium,Public,Neutral,4,No,High School,Far,Male
15,84,Medium,Medium,No,4,92,Low,Yes,2,Medium,Medium,Public,Negative,3,No,High School,Moderate,Female
22,84,Medium,Medium,Yes,9,88,Medium,Yes,2,Low,High,Private,Neutral,4,No,Postgraduate,Near,Male
14,75,Low,Low,No,10,88,Medium,Yes,2,Low,Medium,Private,Negative,3,No,College,Moderate,Female
12,96,Medium,Low,Yes,9,76,Medium,Yes,2,Medium,High,Public,Positive,2,No,High School,Near,Male
16,80,High,Low,No,9,58,Low,Yes,0,Medium,Medium,Public,Neutral,2,No,High School,Near,Female
25,79,Medium,Medium,Yes,7,64,Medium,Yes,0,Low,Medium,Public,Neutral,3,No,College,Far,Female
26,100,High,Medium,Yes,6,79,High,Yes,1,Medium,High,Public,Positive,3,No,College,Moderate,Male
23,80,Medium,Low,Yes,7,66,High,Yes,1,High,High,Private,Positive,4,No,College,Near,Female
24,67,High,Medium,No,8,89,Medium,Yes,2,High,Low,Private,Positive,3,No,High School,Near,Female
23,81,High,Medium,No,8,69,Medium,Yes,5,Medium,Medium,Public,Negative,2,No,High School,Moderate,Male
16,93,High,Low,No,6,56,Medium,Yes,2,Low,Medium,Public,Positive,4,No,High School,Near,Male
23,91,High,Medium,Yes,6,89,Medium,Yes,3,Medium,Medium,Private,Negative,3,No,Postgraduate,Near,Male
25,92,Medium,High,Yes,5,85,Low,Yes,1,Low,Medium,Public,Negative,1,No,College,Near,Male
25,88,High,Medium,Yes,8,63,Medium,Yes,2,High,Medium,Public,Positive,3,No,High School,Moderate,Female
27,70,Medium,Medium,No,6,99,High,Yes,2,Low,Medium,Private,Neutral,2,No,High School,Near,Female
24,94,High,Low,No,7,70,Medium,Yes,1,High,Medium,Public,Neutral,1,No,High School,Near,Male
22,96,Low,High,Yes,10,84,Low,Yes,1,High,High,Public,Negative,3,No,High School,Near,Male
26,68,Medium,High,No,8,96,High,Yes,1,Medium,High,Public,Neutral,2,No,High School,Near,Male
20,65,High,Medium,No,7,58,Medium,No,3,Low,Medium,Private,Neutral,4,No,High School,Near,Male
15,99,Low,Medium,Yes,8,94,Medium,Yes,2,Medium,Medium,Private,Neutral,3,No,Postgraduate,Near,Male
19,95,Medium,Medium,Yes,9,85,Medium,No,2,Low,Medium,Public,Negative,3,No,College,Near,Male
16,96,High,Medium,Yes,5,58,Medium,Yes,2,High,Low,Public,Positive,5,No,Postgraduate,Moderate,Male
16,95,Medium,Low,No,6,83,Low,Yes,2,Low,High,Private,Neutral,3,No,High School,Near,Female
19,82,Medium,Medium,No,7,94,Medium,Yes,1,Medium,Medium,Public,Positive,3,No,High School,Near,Female
15,86,Medium,Low,No,6,90,Medium,Yes,0,Medium,High,Public,Neutral,3,No,Postgraduate,Far,Male
18,82,Medium,Medium,No,7,88,Medium,Yes,3,Low,Medium,Public,Negative,3,No,College,Moderate,Female
9,62,Low,High,Yes,5,58,Low,Yes,0,Medium,High,Private,Positive,5,No,College,Moderate,Female
21,90,Low,Medium,No,8,60,Medium,Yes,1,Low,Medium,Public,Negative,2,No,College,Near,Female
20,80,Low,Low,No,6,77,Low,Yes,0,Medium,High,Private,Negative,3,No,High School,Near,Male
15,86,Medium,Medium,No,7,79,Medium,Yes,1,Low,Medium,Public,Neutral,3,Yes,High School,Moderate,Female
24,80,Medium,High,Yes,7,97,Medium,Yes,0,Low,High,Private,Neutral,4,No,High School,Moderate,Female
26,80,High,Low,No,8,73,High,Yes,1,Medium,Medium,Public,Neutral,3,No,High School,Near,Male
10,67,Medium,Medium,No,4,65,Medium,No,3,Medium,Medium,Public,Positive,3,No,High School,Near,Male
15,71,High,High,No,8,60,Medium,Yes,0,Low,High,Private,Negative,3,No,High School,Far,Female
15,66,Low,Medium,No,7,53,Medium,Yes,2,Medium,High,Public,Negative,3,No,College,Near,Female
14,68,Medium,Medium,Yes,8,53,High,Yes,1,Medium,High,Private,Positive,2,No,College,Near,Female
25,99,Medium,Low,No,5,79,Low,Yes,2,Low,Medium,Public,Positive,4,No,College,Near,Female
19,66,High,High,Yes,8,59,Medium,Yes,1,Medium,Low,Public,Positive,2,No,Postgraduate,Moderate,Female
18,71,High,High,Yes,9,93,Medium,Yes,1,Low,High,Private,Neutral,4,No,College,Moderate,Male
8,84,High,High,No,7,80,Medium,Yes,1,High,High,Public,Positive,4,No,High School,Moderate,Male
24,84,Low,High,Yes,6,93,High,Yes,2,Low,Medium,Public,Neutral,1,No,High School,Near,Female
13,66,High,Medium,Yes,6,71,Medium,Yes,3,Medium,Medium,Public,Neutral,3,No,High School,Near,Male
20,92,Medium,High,No,8,80,High,Yes,0,Medium,Medium,Private,Neutral,3,No,College,Near,Male
22,91,High,Medium,Yes,8,76,Low,Yes,2,Medium,Medium,Public,Neutral,3,No,College,Moderate,Female
28,69,Medium,High,No,8,99,Low,Yes,0,High,Medium,Private,Negative,3,No,High School,Moderate,Female
12,72,Medium,Low,Yes,7,90,Medium,Yes,0,High,Medium,Public,Positive,3,No,Postgraduate,Far,Male
2,98,Low,High,Yes,7,80,High,Yes,2,Low,High,Public,Neutral,1,No,High School,Near,Male
21,93,Medium,Low,Yes,7,80,Medium,Yes,3,High,Medium,Public,Neutral,1,No,High School,Moderate,Male
31,88,Medium,Low,No,6,62,Medium,Yes,2,Low,Medium,Private,Positive,4,No,High School,Near,Male
27,63,Low,Medium,Yes,8,87,Medium,Yes,3,Low,High,Private,Positive,3,No,High School,Near,Female
21,77,Low,Medium,No,7,99,High,Yes,3,Medium,High,Public,Neutral,3,No,Postgraduate,Near,Male
17,82,High,Low,No,9,56,Low,Yes,3,High,Medium,Public,Positive,2,No,High School,Near,Female
25,67,Medium,High,No,9,82,Medium,Yes,1,Medium,Medium,Public,Positive,3,No,Postgraduate,Far,Female
14,78,High,Medium,Yes,7,76,Medium,Yes,0,High,Medium,Public,Negative,2,Yes,College,Near,Female
23,84,High,High,Yes,8,93,Medium,Yes,1,High,Medium,Public,Positive,3,No,Postgraduate,Far,Male
23,73,High,High,No,6,50,Medium,Yes,1,Medium,Medium,Public,Positive,3,No,College,Near,Male
26,91,High,Medium,Yes,7,57,Low,Yes,3,Medium,Medium,Public,Negative,3,No,College,Near,Male
37,94,High,Medium,Yes,8,52,High,Yes,1,Low,Medium,Private,Positive,3,No,Postgraduate,Near,Male
22,73,Medium,Low,Yes,5,58,Medium,Yes,4,Low,Medium,Public,Positive,3,Yes,College,Near,Female
17,94,Low,Medium,No,8,85,Medium,Yes,1,Medium,Low,Public,Positive,4,No,High School,Near,Male
20,64,Medium,Medium,Yes,6,57,Medium,Yes,3,Low,High,Public,Neutral,4,No,College,Near,Female
9,94,Medium,Medium,Yes,6,81,Low,Yes,0,Low,High,Public,Positive,3,No,High School,Near,Male
16,66,Low,Medium,No,6,93,Medium,Yes,7,Low,Medium,Public,Negative,2,No,High School,Far,Male
18,63,Medium,Low,No,7,52,Medium,Yes,2,High,High,Public,Positive,3,No,Postgraduate,Moderate,Female
17,86,Medium,Medium,Yes,5,51,Medium,Yes,2,Low,Medium,Private,Neutral,2,No,Postgraduate,Moderate,Male
21,79,High,Low,Yes,8,99,Medium,Yes,2,Low,High,Public,Positive,4,No,High School,Near,Male
15,96,Medium,High,Yes,7,84,High,Yes,3,Medium,Low,Public,Positive,1,No,Postgraduate,Near,Male
27,75,Medium,Low,Yes,10,57,Medium,Yes,3,High,Low,Public,Negative,3,No,High School,Near,Male
20,71,Medium,Medium,Yes,7,65,Medium,No,2,Medium,Medium,Public,Negative,4,No,High School,Moderate,Female
20,80,Medium,Low,Yes,8,99,Low,Yes,0,Low,High,Private,Positive,3,No,High School,,Male
18,78,High,High,Yes,6,61,Low,Yes,1,Low,Medium,Private,Positive,5,No,High School,Near,Male
21,74,Low,Medium,Yes,5,88,Medium,Yes,1,Medium,High,Public,Neutral,1,No,College,Near,Male
25,88,Medium,Low,Yes,8,62,Low,Yes,2,Low,Medium,Public,Neutral,2,No,High School,Near,Female
15,90,Medium,Medium,No,5,70,Medium,Yes,0,Medium,Medium,Private,Neutral,2,No,High School,Moderate,Male
16,94,Medium,High,Yes,8,94,High,Yes,2,Low,High,Private,Negative,3,No,High School,Near,Male
18,99,Medium,High,Yes,10,51,Medium,Yes,1,Medium,Low,Public,Neutral,4,No,Postgraduate,Near,Male
12,71,Medium,Medium,Yes,8,65,Medium,Yes,1,Medium,High,Private,Neutral,2,No,High School,Moderate,Male
15,89,Medium,High,Yes,8,74,Low,Yes,2,Medium,High,Public,Positive,2,No,College,Near,Male
17,76,Medium,Low,No,7,81,Low,Yes,4,High,Medium,Private,Neutral,2,No,High School,Near,Male
25,87,High,Low,No,6,51,Low,Yes,3,Medium,Medium,Public,Neutral,3,No,Postgraduate,Near,Male
22,79,Medium,Medium,Yes,7,71,Medium,Yes,2,Low,,Private,Neutral,2,No,College,Moderate,Male
21,100,Medium,Medium,No,6,67,Medium,Yes,0,High,Medium,Public,Positive,3,No,High School,Far,Male
25,89,Medium,High,No,5,51,Low,Yes,2,Medium,High,Private,Negative,2,No,Postgraduate,Moderate,Female
19,98,Low,High,Yes,7,68,Medium,Yes,1,Low,Medium,Private,Neutral,4,No,High School,Moderate,Female
22,93,High,Low,Yes,9,97,Medium,Yes,2,Medium,Medium,Public,Neutral,3,Yes,High School,Near,Male
19,96,Medium,Medium,No,5,64,Medium,Yes,1,Medium,Medium,Public,Neutral,3,No,High School,Near,Male
22,93,High,Medium,No,9,79,Medium,Yes,2,Medium,High,Public,Positive,2,No,Postgraduate,Near,Female
17,78,Medium,Medium,Yes,9,65,Low,Yes,1,Medium,High,Public,Neutral,4,No,High School,Moderate,Female
5,70,High,High,Yes,8,55,Medium,Yes,3,Low,Medium,Public,Neutral,3,No,High School,Near,Male
19,75,Medium,High,No,8,64,Medium,Yes,2,High,Low,Public,Negative,5,No,Postgraduate,Moderate,Female
29,61,Low,Medium,Yes,7,74,High,Yes,1,Medium,Medium,Public,Neutral,3,No,Postgraduate,Moderate,Male
26,81,Low,Medium,No,7,65,Low,Yes,1,Medium,Medium,Public,Neutral,3,No,High School,Far,Male
26,80,Medium,High,Yes,6,81,Medium,Yes,0,Medium,Medium,Public,Neutral,2,No,College,Near,Female
27,81,Medium,Medium,Yes,7,97,Low,Yes,1,Medium,Medium,Public,Neutral,2,No,College,Near,Female
21,99,Medium,High,Yes,7,53,Medium,Yes,0,Medium,Low,Public,Neutral,4,No,Postgraduate,Near,Female
21,96,High,Low,No,10,86,Low,Yes,1,Low,High,Public,Neutral,3,No,College,Near,Male
16,66,Medium,Medium,Yes,8,50,Low,Yes,1,Medium,High,Public,Neutral,4,No,High School,Moderate,Male
18,75,Medium,Low,No,7,50,Medium,Yes,4,Low,Medium,Public,Positive,2,No,Postgraduate,Near,Female
24,77,High,Medium,Yes,7,57,Medium,Yes,3,Medium,High,Public,Positive,2,No,College,Far,Male
27,74,Medium,Medium,Yes,6,74,Medium,Yes,2,Medium,High,Public,Neutral,2,No,College,Far,Male
19,92,High,Medium,Yes,6,52,Medium,Yes,3,High,Medium,Public,Positive,1,No,High School,Near,Male
17,81,Medium,High,No,8,86,Medium,Yes,1,Medium,Medium,Private,Neutral,3,No,Postgraduate,Near,Male
20,83,Medium,Medium,No,6,51,Medium,Yes,2,Low,High,Public,Negative,4,No,Postgraduate,Near,Male
24,94,Low,Medium,Yes,6,75,Low,Yes,1,Low,High,Public,Negative,4,No,High School,Near,Female
11,92,High,High,Yes,6,84,Medium,Yes,2,Low,Low,Public,Negative,1,No,High School,Near,Female
6,65,High,High,No,6,62,Medium,No,3,Low,Low,Public,Neutral,1,No,High School,Near,Male
17,89,High,Low,Yes,9,79,Medium,No,0,Medium,Medium,Public,Positive,2,No,College,Near,Female
13,77,Medium,High,Yes,7,63,Low,Yes,0,High,Low,Public,Positive,1,No,High School,Moderate,Male
17,72,High,High,Yes,7,61,Low,Yes,1,Medium,Medium,Public,Negative,4,No,High School,Near,Female
19,62,Medium,Medium,No,7,91,Low,Yes,1,Low,Medium,Public,Positive,3,No,College,Near,Male
17,79,Medium,Medium,No,7,67,Low,Yes,1,Low,Medium,Private,Positive,3,No,High School,Near,Female
29,74,High,Medium,Yes,6,91,High,Yes,3,Low,High,Public,Positive,4,No,College,Far,Female
22,70,Low,Medium,Yes,5,61,High,Yes,1,Low,Medium,Public,Negative,3,No,College,Moderate,Male
22,88,Medium,Medium,No,9,68,Medium,No,2,Medium,Medium,Public,Neutral,2,Yes,High School,Near,Male
24,91,Medium,Medium,Yes,8,55,Low,Yes,0,Medium,Low,Private,Neutral,2,No,College,Moderate,Female
13,70,High,High,Yes,8,75,High,Yes,1,High,Medium,Public,Positive,2,Yes,Postgraduate,Moderate,Male
26,62,Medium,Medium,Yes,8,69,Medium,Yes,2,Medium,High,Public,Positive,3,No,College,Moderate,Female
20,94,Medium,Medium,Yes,10,50,Low,Yes,1,Low,High,Private,Negative,4,Yes,Postgraduate,Near,Female
24,60,High,High,No,6,73,Medium,Yes,1,Low,Medium,Private,Positive,5,No,Postgraduate,Moderate,Male
14,97,Medium,Medium,Yes,5,54,Medium,Yes,3,Medium,Medium,Public,Negative,2,No,College,Near,Female
11,85,Medium,Medium,Yes,8,92,Low,Yes,2,Medium,Medium,Public,Negative,4,No,High School,Far,Female
25,73,Medium,Medium,Yes,5,75,Low,Yes,0,Medium,Medium,Private,Positive,2,No,College,Near,Female
22,70,High,Low,No,7,85,Medium,Yes,0,High,Medium,Private,Negative,3,No,High School,Far,Male
15,60,Low,High,No,7,91,Low,Yes,0,Low,Medium,Private,Negative,2,No,College,Far,Male
15,69,Medium,Medium,Yes,8,53,Low,No,0,High,Medium,Private,Negative,3,No,High School,Near,Male
27,66,Low,High,No,6,67,Low,Yes,1,High,High,Public,Negative,4,No,College,Far,Female
13,84,Medium,Medium,Yes,9,51,High,Yes,0,Low,Medium,Public,Negative,4,No,High School,Near,Female
30,67,Medium,High,No,6,52,Medium,Yes,1,Low,Medium,Public,Neutral,1,No,High School,Near,Female
15,81,Medium,Medium,Yes,8,52,Medium,Yes,0,Medium,Medium,Public,Neutral,2,No,Postgraduate,Near,Male
24,84,Medium,Medium,Yes,6,74,Medium,Yes,2,Medium,High,Public,Positive,2,No,High School,Far,Male
18,72,High,High,Yes,8,73,Medium,Yes,0,Medium,Medium,Private,Positive,4,Yes,High School,Near,Female
24,61,High,Medium,Yes,5,53,Medium,Yes,1,Low,High,Private,Neutral,5,No,College,,Female
17,61,High,Medium,No,7,63,Low,Yes,1,Medium,Medium,Public,Positive,4,No,College,Moderate,Female
19,61,Medium,Low,No,9,62,Medium,Yes,2,Medium,Medium,Public,Neutral,2,No,High School,Far,Female
20,90,Low,Medium,No,7,65,Low,No,4,Low,High,Public,Positive,4,No,College,Moderate,Female
14,73,Medium,High,Yes,9,82,Medium,Yes,1,Medium,Medium,Public,Negative,3,No,High School,Near,Female
24,92,High,High,No,7,85,High,Yes,0,Medium,Medium,Public,Positive,3,No,College,Near,Female
17,77,Medium,Medium,Yes,6,67,Low,Yes,1,Low,Medium,Public,Positive,1,No,College,Near,Male
19,78,High,High,No,7,89,Medium,Yes,2,Medium,Medium,Public,Neutral,4,No,,Moderate,Female
14,81,Low,Medium,No,8,71,Low,Yes,1,Low,High,Public,Neutral,3,Yes,Postgraduate,Near,Female
5,89,Medium,Medium,Yes,4,76,High,Yes,2,Medium,Medium,Public,Neutral,3,No,College,Near,Male
19,71,Medium,Medium,No,8,57,Medium,Yes,2,Medium,High,Public,Positive,4,No,High School,Moderate,Male
34,65,Medium,Medium,Yes,6,62,High,Yes,0,Medium,High,Public,Negative,3,No,High School,Near,Male
25,82,Medium,Medium,Yes,5,86,Medium,No,0,Low,Low,Public,Positive,4,No,High School,Near,Male
20,73,Medium,Medium,No,8,99,Low,Yes,1,Medium,Medium,Private,Positive,3,No,High School,Near,Male
18,78,Medium,High,Yes,9,85,High,Yes,1,Low,High,Private,Negative,2,No,Postgraduate,Near,Male
20,86,Medium,Low,Yes,7,53,Medium,Yes,1,Low,High,Public,Negative,2,No,High School,Near,Male
23,80,Low,Low,Yes,5,57,Medium,Yes,1,Low,Medium,Public,Neutral,4,No,Postgraduate,Near,Male
13,85,High,Low,Yes,6,72,Medium,Yes,2,Low,Medium,Public,Positive,1,No,College,Moderate,Female
27,82,Medium,Medium,Yes,6,87,Low,No,2,Low,High,Public,Positive,2,No,High School,Near,Male
24,90,Medium,Medium,No,7,58,Medium,Yes,2,Low,Medium,Private,Neutral,2,No,Postgraduate,Near,Male
24,88,Medium,Low,Yes,7,88,Medium,Yes,2,Medium,High,Private,Neutral,2,No,Postgraduate,Moderate,Male
23,81,High,Medium,No,8,78,High,Yes,4,Low,Low,Public,Positive,3,No,High School,Moderate,Male
20,87,Medium,Medium,No,8,89,Low,Yes,2,Medium,Medium,Public,Neutral,3,No,High School,Moderate,Male
24,95,High,High,Yes,8,78,Medium,Yes,2,Low,High,Public,Negative,2,No,Postgraduate,Far,Female
24,77,Medium,High,No,8,80,High,Yes,1,Low,High,Public,Positive,2,Yes,High School,Moderate,Female
18,77,Medium,Medium,Yes,7,62,Low,Yes,2,High,Medium,Private,Neutral,4,No,College,Near,Male
17,91,Medium,Low,Yes,10,86,Low,Yes,1,Medium,Medium,Public,Neutral,3,Yes,Postgraduate,Moderate,Female
21,83,Medium,Low,Yes,8,92,Low,Yes,2,Medium,Medium,Private,Negative,4,Yes,High School,Near,Male
29,63,Medium,High,Yes,8,94,Medium,Yes,0,Medium,High,Private,Positive,2,No,Postgraduate,Near,Female
13,96,Medium,Medium,No,10,51,Medium,Yes,1,Low,Low,Public,Positive,3,No,Postgraduate,Near,Female
11,61,Medium,Low,Yes,7,81,High,Yes,5,Medium,Low,Public,Positive,4,Yes,High School,Near,Male
21,90,Medium,Medium,No,6,99,Medium,Yes,2,Low,Medium,Private,Negative,3,No,College,Near,Female
20,90,High,High,No,9,79,Medium,Yes,2,Low,Medium,Public,Negative,2,No,High School,Near,Female
21,98,Medium,Medium,Yes,9,59,High,No,3,Medium,Medium,Public,Neutral,3,Yes,College,Near,Female
21,62,Medium,Medium,No,7,94,Low,Yes,1,Low,High,Private,Positive,3,No,College,Moderate,Female
19,84,High,Medium,No,10,63,Medium,Yes,0,Low,Medium,Public,Negative,3,No,College,Far,Female
29,77,Medium,Medium,No,7,52,Medium,Yes,5,Low,Medium,Public,Positive,4,No,College,Near,Female
10,73,Low,High,Yes,8,72,Low,Yes,1,Low,High,Public,Positive,2,No,College,Moderate,Female
15,64,High,High,Yes,9,55,High,Yes,1,Medium,Low,Public,Neutral,3,No,College,Near,Female
19,83,Medium,High,Yes,7,56,Medium,Yes,1,Medium,Low,Private,Positive,3,No,College,Far,Female
10,79,High,Medium,No,8,73,High,No,1,Low,Low,Public,Neutral,4,No,High School,Near,Female
19,64,Low,Medium,Yes,9,81,High,Yes,0,Medium,High,Public,Neutral,3,Yes,High School,Near,Male
30,84,Low,Medium,No,6,95,Medium,Yes,2,High,High,Public,Negative,2,No,College,Near,Male
20,90,Low,Medium,No,6,85,High,No,3,Low,High,Private,Neutral,2,No,College,Near,Male
21,91,Medium,High,Yes,9,92,Medium,Yes,5,Low,Medium,Private,Negative,2,No,High School,Near,Male
12,96,Low,Medium,Yes,7,71,High,Yes,2,Medium,Medium,Private,Positive,2,No,College,Near,Male
16,76,Low,Medium,No,6,66,Low,Yes,1,Medium,Medium,Private,Neutral,3,No,Postgraduate,Near,Female
18,98,High,High,Yes,7,80,Low,Yes,3,Low,Medium,Private,Neutral,1,No,College,Near,Female
18,95,High,High,Yes,8,85,Low,Yes,2,Low,High,Public,Positive,3,No,College,Near,Female
28,72,High,Medium,Yes,5,78,Low,No,5,Medium,Low,Private,Negative,2,No,College,Far,Male
23,66,High,Low,Yes,8,63,Medium,Yes,0,Low,Medium,Public,Negative,4,No,College,Near,Female
13,77,Medium,Medium,Yes,8,68,Low,Yes,3,High,Medium,Private,Neutral,3,No,High School,Near,Female
21,76,High,High,Yes,9,72,Low,Yes,1,Low,High,Public,Neutral,3,No,High School,Moderate,Female
23,83,Medium,Medium,Yes,7,51,Low,Yes,3,Medium,High,Public,Neutral,2,No,College,Moderate,Male
27,83,Medium,High,Yes,9,94,Medium,Yes,2,Low,High,Public,Positive,2,No,High School,,Male
29,90,High,Low,Yes,7,76,Low,Yes,1,Medium,Low,Public,Positive,3,No,High School,Moderate,Female
14,80,Medium,Medium,Yes,7,88,Medium,Yes,1,Medium,Medium,Private,Neutral,3,No,High School,Near,Male
15,64,High,Medium,No,7,59,Low,Yes,0,Low,Medium,Public,Neutral,3,Yes,High School,Near,Female
12,94,Medium,Medium,Yes,10,78,Medium,Yes,1,Medium,High,Public,Neutral,2,No,High School,Near,Female
19,72,Low,High,Yes,5,96,Low,No,3,Low,Low,Public,Positive,2,No,High School,Moderate,Female
23,99,Low,Medium,No,8,61,Low,Yes,2,High,High,Private,Positive,3,Yes,High School,Near,Female
26,65,Low,Medium,Yes,7,67,Medium,Yes,4,High,Medium,Private,Negative,3,No,High School,Moderate,Female
20,98,High,Medium,Yes,7,69,High,No,2,High,High,Public,Negative,2,No,College,Near,Female
18,64,High,High,No,8,69,Medium,Yes,3,High,Medium,Public,Positive,3,No,College,Moderate,Male
21,69,Medium,Medium,Yes,9,80,High,Yes,2,Medium,High,Public,Positive,5,No,College,Near,Male
15,62,Medium,High,No,8,70,Medium,Yes,1,Low,Medium,Private,Positive,3,No,College,Near,Male
33,88,Medium,Low,No,9,84,Medium,Yes,1,Low,Medium,Public,Negative,3,No,High School,Near,Male
10,94,High,Medium,Yes,7,74,High,Yes,3,High,Medium,Public,Positive,3,No,College,Moderate,Male
21,77,Medium,Low,Yes,7,58,Medium,Yes,0,Low,High,Public,Negative,3,No,College,Near,Male
32,97,High,Low,Yes,5,97,Low,Yes,1,Low,High,Public,Positive,5,No,College,Moderate,Female
20,84,Medium,Medium,Yes,10,62,High,Yes,1,Medium,Medium,Public,Neutral,2,No,College,Moderate,Male
19,85,High,High,No,7,78,Low,Yes,2,Low,High,Private,Negative,3,No,College,Near,Male
18,94,Medium,Low,Yes,7,53,Medium,Yes,4,Medium,High,Public,Positive,3,No,High School,Far,Female
19,72,Medium,Medium,Yes,8,96,Low,Yes,1,Medium,High,Public,Positive,2,No,Postgraduate,Moderate,Female
28,74,Medium,Medium,Yes,9,96,Low,Yes,0,High,High,Private,Neutral,3,No,High School,Near,Female
7,96,High,Medium,Yes,6,68,Medium,Yes,2,Low,High,Public,Neutral,1,No,High School,Near,Female
29,96,High,High,Yes,9,56,Low,Yes,0,Low,High,Private,Neutral,4,No,High School,Near,Male
11,99,Medium,High,Yes,7,88,High,No,4,Medium,Low,Private,Neutral,3,No,College,Near,Male
18,96,Medium,Low,No,9,63,Medium,Yes,4,Low,Medium,Private,Neutral,3,No,Postgraduate,Near,Male
17,65,High,Medium,Yes,6,85,Medium,Yes,1,Low,Medium,Private,Neutral,3,No,,Near,Male
24,93,High,Medium,Yes,8,96,Medium,Yes,0,Medium,Medium,Public,Positive,1,No,Postgraduate,Moderate,Male
10,76,Medium,Medium,Yes,7,80,Medium,Yes,1,Low,High,Public,Positive,4,No,Postgraduate,Near,Female
23,100,Low,Medium,Yes,5,93,Medium,Yes,4,Low,Medium,Private,Neutral,3,No,Postgraduate,Moderate,Male
32,79,Low,High,Yes,5,61,Medium,Yes,0,Low,High,Public,Positive,3,No,College,Near,Male
12,82,High,Medium,Yes,6,96,High,Yes,0,Low,Low,Private,Positive,4,Yes,College,Near,Male
21,81,Low,Medium,Yes,8,61,High,Yes,3,Medium,Low,Public,Negative,5,No,High School,Moderate,Female
16,73,Medium,Medium,Yes,4,61,Low,Yes,4,Low,High,Private,Neutral,5,No,High School,Moderate,Male
23,63,Medium,Medium,Yes,8,94,High,Yes,2,Medium,Medium,Public,Neutral,5,No,Postgraduate,Near,Male
20,96,Medium,Medium,No,7,78,Medium,Yes,1,High,High,Public,Neutral,2,No,High School,Near,Male
16,92,Medium,Medium,Yes,4,90,High,Yes,6,High,Medium,Private,Neutral,3,No,High School,Near,Male
23,66,Medium,High,No,6,90,Medium,Yes,2,Low,Medium,Public,Neutral,3,No,High School,Near,Male
31,91,Medium,Medium,Yes,6,82,Medium,Yes,2,Medium,High,Public,Positive,3,No,High School,Near,Male
19,85,High,Medium,No,7,59,Low,Yes,0,Medium,High,Private,Negative,4,No,College,Moderate,Male
24,76,High,High,Yes,9,85,Medium,Yes,2,Low,Medium,Private,Positive,2,No,Postgraduate,Near,Female
12,70,Low,High,Yes,9,53,Medium,Yes,2,Low,Medium,Public,Neutral,2,Yes,High School,Near,Male
14,94,Low,Medium,No,6,60,Medium,Yes,3,High,Medium,Public,Neutral,3,No,College,,Female
23,88,Medium,Medium,No,6,82,Medium,Yes,0,Medium,Medium,Private,Negative,3,No,College,Near,Male
29,82,High,High,No,5,95,Medium,Yes,2,Medium,High,Public,Neutral,3,No,College,Near,Male
22,84,High,Medium,Yes,6,89,Medium,Yes,2,Medium,Medium,Public,Neutral,3,No,High School,Near,Male
18,64,High,Medium,Yes,6,67,High,Yes,0,Low,Medium,Private,Negative,4,No,College,Near,Male
20,79,High,Low,Yes,7,91,High,No,2,Low,Medium,Private,Negative,4,Yes,College,Moderate,Male
12,68,Medium,High,No,7,98,Medium,Yes,1,Medium,High,Private,Neutral,4,No,High School,Near,Male
24,68,Low,Low,No,6,67,High,No,0,Low,High,Private,Positive,3,Yes,High School,Far,Female
25,86,Medium,Low,Yes,6,59,Medium,Yes,3,Low,Medium,Public,Positive,3,No,High School,Near,Female
17,96,High,Medium,No,6,60,Medium,Yes,1,Low,Medium,Public,Neutral,3,No,College,Near,Female
17,76,Medium,High,Yes,6,70,Low,Yes,2,High,Medium,Public,Neutral,4,No,Postgraduate,Moderate,Male
22,68,High,Medium,Yes,9,53,High,Yes,1,Medium,Medium,Public,Neutral,2,No,High School,Moderate,Female
17,86,High,High,Yes,8,74,Medium,Yes,1,Low,High,Private,Neutral,4,No,College,Near,Male
20,95,High,Medium,Yes,8,87,Low,Yes,0,Low,Medium,Private,Positive,3,No,Postgraduate,Moderate,Female
33,90,Low,Medium,Yes,9,77,Medium,Yes,3,Medium,High,Public,Negative,6,Yes,Postgraduate,Moderate,Male
19,95,Low,High,Yes,8,99,Medium,Yes,0,Low,Medium,Public,Neutral,2,No,Postgraduate,Moderate,Male
18,81,High,Low,Yes,9,73,High,Yes,1,Medium,High,Public,Neutral,2,No,High School,Near,Female
16,90,Low,High,Yes,8,51,Medium,Yes,1,High,Medium,Public,Neutral,5,No,High School,Moderate,Female
24,66,Low,High,No,7,74,Medium,Yes,0,High,High,Public,Neutral,2,No,College,Moderate,Male
19,74,High,High,Yes,6,96,Medium,Yes,2,High,Medium,Public,Neutral,3,No,College,,Male
16,76,High,High,Yes,6,55,Medium,No,1,Low,,Public,Positive,1,No,Postgraduate,,Male
28,80,Medium,High,Yes,8,61,Low,Yes,1,Low,Medium,Private,Negative,3,No,College,Far,Female
29,97,High,Medium,No,7,86,Medium,Yes,0,Medium,Medium,Public,Positive,3,No,College,Near,Female
16,95,Low,Medium,Yes,5,65,High,Yes,0,Medium,Medium,Private,Neutral,3,No,College,Near,Female
9,65,Medium,Medium,No,4,88,Low,Yes,1,Low,Medium,Public,Positive,3,No,College,Near,Male
26,67,Medium,Low,Yes,10,71,High,Yes,3,Low,Medium,Public,Neutral,3,No,Postgraduate,Near,Male
16,74,High,High,Yes,6,90,Medium,Yes,1,Low,Medium,Private,Negative,4,Yes,High School,Near,Female
25,72,Low,Low,Yes,6,78,Low,Yes,8,Medium,High,Public,Positive,4,No,High School,Near,Male
8,85,Medium,Low,Yes,9,54,Low,Yes,1,Low,High,Private,Positive,3,No,High School,Near,Male
25,96,Medium,High,Yes,5,69,Low,Yes,0,Low,Medium,Public,Neutral,4,No,High School,Moderate,Male
13,98,High,High,Yes,8,67,Medium,Yes,1,Medium,Medium,Private,Positive,4,No,Postgraduate,Moderate,Female
24,86,Medium,High,Yes,10,91,Low,Yes,0,Low,High,Private,Positive,4,No,College,Near,Female
20,94,Medium,High,Yes,10,81,Low,Yes,1,Medium,High,Public,Neutral,5,Yes,High School,Far,Female
14,81,Low,Medium,No,6,89,Medium,No,6,Low,High,Private,Neutral,3,No,College,Near,Female
18,68,Medium,High,No,7,69,Medium,Yes,1,Low,High,Public,Neutral,4,Yes,High School,Moderate,Female
24,81,Medium,Medium,Yes,6,85,Medium,No,1,Medium,High,Public,Neutral,4,No,College,Moderate,Male
21,82,High,High,Yes,7,53,Low,Yes,0,High,Medium,Public,Positive,2,No,Postgraduate,Near,Male
24,90,Medium,Low,Yes,9,52,Low,Yes,0,Low,Medium,Public,Negative,3,Yes,College,Near,Female
32,69,High,High,Yes,5,64,Medium,Yes,0,Medium,Medium,Public,Negative,3,No,Postgraduate,Near,Female
11,75,Medium,Medium,No,8,89,Medium,Yes,2,High,High,Private,Positive,4,No,College,Moderate,Male
30,75,Medium,Medium,No,7,77,Medium,Yes,0,Low,Medium,Public,Positive,2,No,High School,Moderate,Male
21,98,Medium,High,Yes,9,70,Medium,Yes,0,Low,High,Public,Positive,1,No,College,Near,Male
15,78,Medium,High,Yes,9,95,High,Yes,1,High,High,Public,Positive,3,No,High School,Near,Male
12,90,High,High,Yes,6,75,Low,No,2,Medium,Medium,Public,Neutral,3,No,Postgraduate,Near,Male
19,90,High,Low,No,7,81,Medium,Yes,4,High,High,Public,Neutral,4,Yes,College,Near,Female
26,71,Medium,Low,Yes,8,99,Medium,Yes,1,Medium,High,Public,Positive,3,No,High School,Far,Male
19,83,Low,Low,No,8,76,Low,Yes,3,Low,Low,Public,Neutral,3,No,Postgraduate,Near,Female
29,96,Low,Low,No,4,89,Medium,Yes,2,Low,High,Public,Neutral,2,No,High School,Far,Female
11,79,Medium,Medium,No,8,71,Low,Yes,1,Medium,Medium,Private,Positive,2,No,College,Moderate,Female
20,98,High,High,Yes,9,52,Medium,Yes,0,Medium,Medium,Private,Positive,3,No,College,Far,Male
12,69,High,Medium,Yes,7,92,Low,Yes,1,Medium,Medium,Public,Neutral,3,No,College,Near,Female
22,63,Medium,High,Yes,8,97,High,Yes,5,Medium,Medium,Private,Neutral,3,No,High School,Near,Male
25,96,Low,Medium,No,9,72,Low,Yes,0,Low,Medium,Private,Positive,3,No,High School,Near,Male
17,94,Medium,Medium,Yes,7,75,Medium,Yes,1,Low,High,Public,Positive,3,No,Postgraduate,Moderate,Male
4,100,High,Low,No,8,71,Low,Yes,2,Low,Medium,Private,Negative,4,No,High School,Moderate,Female
21,87,Medium,High,No,7,100,Low,Yes,1,Low,Medium,Public,Positive,3,No,High School,Near,Male
23,97,Medium,High,No,7,95,Medium,Yes,0,Medium,High,Private,Positive,4,No,Postgraduate,Moderate,Female
22,93,Medium,Medium,Yes,6,52,Medium,Yes,1,Low,Medium,Public,Negative,3,No,College,Near,Female
27,94,Low,Medium,Yes,7,89,Medium,Yes,3,Low,Medium,Private,Positive,2,No,College,Near,Female
14,83,Medium,Medium,Yes,10,80,Medium,Yes,1,Medium,High,Private,Neutral,3,Yes,College,Near,Female
24,75,High,High,Yes,6,51,High,No,1,Medium,High,Public,Negative,3,No,High School,Near,Male
27,97,High,High,No,8,72,Medium,Yes,6,Low,Medium,Public,Neutral,2,No,College,Near,Female
9,77,Medium,Medium,No,7,57,Low,Yes,2,Medium,Low,Public,Negative,3,No,High School,Near,Male
22,82,Low,Medium,Yes,9,94,High,Yes,0,Medium,Medium,Public,Positive,4,No,High School,Moderate,Female
17,78,Medium,Low,Yes,9,51,High,Yes,1,Low,Medium,Private,Neutral,3,No,High School,Moderate,Male
20,83,High,Low,Yes,6,94,Medium,Yes,1,Low,Medium,Public,Neutral,2,No,High School,Near,Male
22,79,Low,Low,Yes,6,97,Low,Yes,3,High,Medium,Public,Negative,3,No,High School,Moderate,Male
17,62,High,Low,Yes,6,54,Low,Yes,2,Medium,High,Public,Neutral,3,No,College,Near,Male
16,95,High,Low,Yes,6,86,Medium,Yes,0,Low,High,Private,Neutral,3,No,High School,Near,Male
20,78,Medium,Medium,No,6,77,Medium,Yes,3,Medium,Medium,Private,Positive,3,No,High School,Moderate,Male
13,84,Medium,Medium,No,8,98,Low,No,2,Medium,Medium,Public,Positive,2,No,College,Moderate,Female
13,66,High,Medium,Yes,6,90,Medium,Yes,2,Low,Medium,Public,Positive,3,Yes,High School,Moderate,Male
24,60,Medium,Medium,No,6,85,Low,Yes,1,High,Medium,Public,Neutral,2,No,Postgraduate,Moderate,Male
13,70,Low,Medium,Yes,6,96,High,Yes,2,Medium,Medium,Private,Negative,5,No,Postgraduate,Moderate,Male
24,88,Low,Medium,No,8,58,Medium,Yes,1,Low,High,Public,Negative,3,No,High School,Near,Male
23,64,Low,Medium,Yes,7,69,High,Yes,4,High,Medium,Public,Positive,3,No,High School,Moderate,Male
10,96,High,High,Yes,7,92,Medium,Yes,1,Low,Low,Public,Neutral,1,No,High School,Near,Female
16,69,Medium,High,Yes,6,55,Medium,Yes,1,Medium,High,Public,Negative,1,No,High School,Moderate,Male
27,68,Medium,Medium,Yes,5,97,Low,Yes,1,Medium,Medium,Public,Negative,4,No,College,Near,Male
14,67,High,Low,No,9,87,Medium,Yes,1,Medium,Medium,Private,Positive,3,No,High School,Near,Male
17,61,Medium,High,No,7,72,Low,Yes,1,Medium,High,Public,Neutral,2,No,High School,Moderate,Male
23,91,High,High,No,10,67,High,Yes,2,Low,Medium,Public,Positive,2,No,College,Near,Male
25,95,Medium,Low,No,8,57,Low,Yes,4,Low,Medium,Public,Neutral,3,No,High School,Moderate,Female
18,85,Medium,Low,Yes,10,55,High,Yes,3,Medium,High,Public,Neutral,3,No,High School,Near,Male
16,68,Medium,High,Yes,8,71,Medium,Yes,1,High,High,Private,Neutral,3,No,High School,Moderate,Male
29,71,High,Medium,No,7,92,Low,Yes,1,Low,Medium,Public,Positive,3,No,High School,Near,Female
30,79,High,High,Yes,6,77,Medium,Yes,1,Low,Medium,Public,Positive,2,No,High School,Near,Male
26,98,Low,Medium,Yes,6,73,Medium,Yes,2,Low,Low,Public,Negative,3,No,High School,Near,Female
21,70,High,High,No,9,66,Medium,Yes,1,Medium,Low,Public,Neutral,4,No,College,Moderate,Male
15,89,High,Low,Yes,7,58,Low,Yes,2,Low,Medium,Public,Negative,3,No,High School,Moderate,Male
15,78,Low,Medium,Yes,8,100,Low,Yes,0,Low,Medium,Public,Negative,3,Yes,High School,Near,Female
23,72,Low,High,Yes,8,51,Medium,Yes,2,Low,Medium,Private,Positive,3,No,College,Far,Male
23,78,Medium,Medium,Yes,8,66,Medium,Yes,1,Medium,High,Public,Neutral,1,No,College,Moderate,Female
28,63,Medium,Low,No,6,88,High,Yes,4,Medium,High,Public,Neutral,4,No,High School,Far,Male
24,92,Medium,High,No,9,76,Medium,Yes,2,High,Medium,Public,Positive,2,No,High School,Near,Female
11,70,Medium,Low,Yes,7,66,Low,Yes,1,Medium,High,Public,Negative,3,No,High School,Near,Female
26,89,Medium,Low,No,7,100,Low,Yes,0,Medium,Low,Public,Neutral,3,No,High School,Near,Female
14,63,Medium,Medium,No,8,81,Low,Yes,0,Medium,Low,Private,Positive,5,No,High School,Near,Female
18,98,Low,Medium,Yes,7,65,Medium,Yes,1,High,Medium,Private,Neutral,4,No,Postgraduate,Near,Female
22,68,Medium,High,No,4,92,High,Yes,2,High,Medium,Public,Neutral,3,No,High School,Near,Male
32,95,Medium,High,Yes,9,58,Medium,Yes,2,Medium,Medium,Private,Positive,4,No,High School,Near,Male
39,92,Medium,Medium,No,9,73,Medium,Yes,1,Medium,Medium,Public,Negative,4,No,Postgraduate,Moderate,Male
24,99,High,Medium,No,4,92,Low,Yes,2,High,Medium,Private,Neutral,3,No,High School,Far,Male
19,79,Low,Medium,Yes,5,99,High,Yes,1,Low,Medium,Private,Negative,4,No,College,Moderate,Female
23,89,Low,High,No,10,69,Low,Yes,5,Medium,Medium,Public,Neutral,4,No,High School,Near,Male
25,75,Low,High,No,7,57,High,Yes,4,Low,High,Public,Positive,5,No,College,Near,Male
18,67,Medium,High,Yes,7,78,Low,Yes,2,Medium,Medium,Public,Negative,3,Yes,High School,Near,Female
31,78,High,High,Yes,6,97,Low,Yes,0,Medium,High,Public,Neutral,3,No,High School,Near,Male
21,67,Medium,Medium,Yes,5,83,Medium,Yes,1,Low,High,Private,Neutral,5,No,High School,Near,Male
23,99,Medium,Medium,Yes,7,80,Low,Yes,3,Low,Low,Private,Neutral,2,No,High School,Near,Male
24,64,Medium,Medium,Yes,8,65,Medium,Yes,0,Medium,Medium,Public,Positive,3,No,College,Near,Female
23,84,Medium,Low,Yes,7,80,Medium,Yes,1,Medium,High,Private,Positive,3,No,College,Moderate,Female
25,85,Medium,Low,Yes,8,94,Medium,Yes,3,Medium,High,Public,Positive,3,No,High School,Moderate,Male
16,82,Medium,High,Yes,10,69,Medium,Yes,2,Low,Medium,Public,Positive,4,No,College,Near,Male
17,86,Low,Medium,No,6,62,Low,Yes,2,Medium,High,Public,Positive,4,No,High School,Near,Female
13,65,High,Medium,No,7,74,Low,Yes,0,High,Medium,Public,Neutral,2,Yes,High School,Moderate,Male
23,82,Medium,Medium,No,9,69,Medium,Yes,0,High,Medium,Public,Positive,3,No,High School,Near,Female
25,71,Medium,High,Yes,6,73,Medium,Yes,1,Low,Medium,Private,Neutral,4,No,High School,Near,Female
23,98,Medium,Low,No,7,55,Medium,Yes,3,High,High,Private,Neutral,4,No,High School,Near,Male
30,90,High,Medium,No,10,67,High,Yes,2,Medium,Medium,Private,Neutral,6,No,High School,Near,Male
20,99,Low,Medium,No,6,91,Medium,Yes,2,Medium,Low,Public,Negative,4,No,High School,Near,Male
24,62,Low,High,No,9,70,Low,Yes,2,Low,Medium,Public,Positive,2,No,College,Moderate,Female
13,71,Medium,Medium,No,7,98,Medium,Yes,0,Medium,Medium,Public,Positive,3,No,College,Near,Male
18,68,Medium,High,Yes,10,85,High,Yes,3,Low,Medium,Public,Neutral,3,No,High School,Near,Male
24,60,Medium,Medium,Yes,5,68,Medium,Yes,0,Medium,Low,Public,Neutral,3,No,Postgraduate,Near,Female
25,70,High,High,Yes,7,63,Medium,Yes,1,Medium,High,Private,Positive,3,No,College,Moderate,Male
18,87,Medium,High,Yes,5,84,Medium,Yes,2,Medium,Low,Private,Positive,4,No,Postgraduate,Near,Male
20,69,High,Medium,No,6,65,Medium,Yes,1,Low,Medium,Public,Neutral,2,No,High School,Near,Female
11,80,Medium,Medium,Yes,6,96,Low,Yes,1,Low,High,Public,Neutral,3,No,High School,Near,Male
18,96,High,Medium,No,7,56,Low,Yes,2,Medium,Medium,Private,Neutral,1,No,College,Near,Female
25,88,Medium,High,No,5,51,Medium,Yes,1,Medium,Low,Public,Neutral,1,No,High School,Near,Female
23,76,Medium,Medium,Yes,7,61,Medium,Yes,3,Medium,Low,Public,Positive,4,No,High School,Near,Male
23,75,High,Medium,Yes,8,80,High,Yes,0,Low,High,Private,Neutral,4,No,High School,Moderate,Female
20,78,Low,Medium,Yes,5,92,Low,Yes,1,Medium,Medium,Public,Positive,3,No,High School,Far,Male
20,67,High,High,No,6,59,Low,Yes,1,Medium,Medium,Private,Negative,4,No,College,Near,Female
16,85,Medium,Low,No,10,79,Low,Yes,1,High,Medium,Private,Neutral,3,No,College,Near,Male
24,75,High,Low,No,7,57,Medium,Yes,0,Medium,Medium,Public,Neutral,1,No,Postgraduate,Near,Male
23,94,Medium,Low,Yes,4,78,Medium,Yes,2,High,High,Public,Neutral,4,No,High School,Moderate,Male
23,90,High,Medium,Yes,5,51,Medium,Yes,0,Low,High,Public,Negative,1,No,High School,Near,Male
17,84,Low,Medium,Yes,7,78,Low,Yes,0,High,High,Public,Neutral,5,Yes,College,Moderate,Female
7,75,Medium,High,Yes,7,76,Medium,Yes,0,Medium,Low,Private,Positive,4,No,College,Moderate,Female
27,68,High,Medium,No,6,52,Medium,Yes,1,Medium,Low,Private,Neutral,5,No,Postgraduate,Far,Female
17,91,High,Low,Yes,10,84,Medium,Yes,7,Low,High,Public,Neutral,4,Yes,College,Moderate,Male
15,79,Low,Medium,Yes,10,79,Medium,Yes,2,Low,Medium,Private,Neutral,4,No,College,Moderate,Male
24,69,Medium,High,Yes,7,81,Low,Yes,3,Medium,Medium,Private,Neutral,4,No,High School,Near,Female
18,68,Medium,Medium,Yes,8,76,High,Yes,2,High,Medium,Public,Neutral,3,No,Postgraduate,Near,Male
26,67,Low,High,No,8,86,Medium,Yes,2,Low,Medium,Public,Negative,2,Yes,High School,Near,Female
24,91,Medium,Low,Yes,9,76,High,Yes,1,Low,Low,Public,Positive,4,No,College,Near,Female
24,69,High,Low,Yes,6,96,Medium,Yes,4,High,Medium,Public,Positive,4,No,College,Moderate,Male
12,81,Medium,High,No,10,97,Low,Yes,1,Low,,Private,Positive,5,No,High School,Near,Female
27,78,Medium,Medium,Yes,7,86,Medium,Yes,3,Medium,,Public,Positive,2,No,High School,Moderate,Female
22,83,High,High,No,8,96,Medium,No,2,Medium,High,Public,Positive,0,No,College,Near,Female
18,95,Low,High,No,7,96,Medium,Yes,2,Medium,High,Private,Positive,4,Yes,High School,Moderate,Male
21,95,Medium,Medium,No,7,63,Medium,Yes,1,Low,Medium,Private,Positive,4,No,Postgraduate,Near,Male
9,78,High,Medium,Yes,7,100,Low,Yes,2,Medium,Medium,Public,Positive,2,No,High School,Near,Male
22,61,High,Medium,No,5,63,Low,Yes,1,Low,Medium,Public,Positive,3,No,Postgraduate,Near,Male
14,77,High,High,No,4,51,Low,Yes,5,Low,Medium,Public,Positive,3,No,College,Moderate,Male
12,84,High,Medium,Yes,7,98,High,Yes,1,Low,Medium,Public,Positive,3,No,High School,Near,Female
11,82,Low,Low,No,6,61,Low,Yes,2,Medium,Medium,Public,Neutral,2,No,High School,Near,Female
27,86,Medium,Medium,Yes,8,79,Medium,Yes,2,Low,High,Private,Positive,4,No,College,Near,Male
16,66,High,High,No,8,99,Medium,Yes,1,Low,High,Private,Positive,3,No,High School,Moderate,Male
29,86,Low,Low,Yes,7,52,Medium,Yes,1,Low,Medium,Public,Positive,3,No,College,Near,Female
17,67,Low,Medium,No,9,63,High,Yes,1,Low,High,Public,Negative,4,No,College,Far,Male
10,90,High,Medium,Yes,7,80,Low,Yes,0,Medium,Medium,Public,Neutral,5,No,High School,Near,Female
13,74,High,High,Yes,5,88,Low,Yes,3,Low,Medium,Private,Neutral,3,Yes,College,Near,Female
27,88,Medium,Medium,Yes,7,90,Medium,Yes,3,Medium,Medium,Public,Positive,4,No,Postgraduate,Moderate,Female
19,62,High,Medium,Yes,9,94,Medium,Yes,0,High,Low,Public,Neutral,4,No,Postgraduate,Near,Female
17,76,High,Medium,Yes,4,58,Medium,Yes,4,Medium,Medium,Private,Neutral,2,No,Postgraduate,Moderate,Female
21,88,High,Low,Yes,7,69,Medium,Yes,4,Medium,Medium,Private,Neutral,3,No,College,Near,Male
23,69,High,Low,Yes,8,86,High,Yes,0,Medium,High,Public,Neutral,4,No,College,Far,Male
27,92,Medium,Medium,Yes,10,86,High,Yes,0,Low,Low,Private,Positive,3,No,High School,Moderate,Male
29,85,High,Medium,Yes,9,65,High,No,4,Low,Medium,Private,Neutral,4,No,Postgraduate,Moderate,Male
18,84,Medium,Medium,Yes,7,65,Medium,Yes,2,Medium,Medium,Public,Negative,3,No,High School,Near,Female
12,74,High,Low,Yes,8,66,Low,Yes,1,Low,Medium,Public,Positive,2,No,High School,Near,Male
18,79,High,Medium,Yes,4,95,Low,Yes,1,Low,High,Public,Negative,2,No,High School,Moderate,Female
22,84,Low,High,Yes,5,95,Medium,Yes,2,Low,High,Public,Neutral,3,No,High School,Moderate,Male
14,79,Medium,Medium,Yes,8,51,Medium,Yes,0,Medium,High,Public,Negative,4,No,,Near,Male
14,88,Medium,Medium,Yes,7,66,Medium,Yes,4,Medium,High,Public,Positive,3,No,High School,Near,Female
22,77,High,Low,Yes,7,70,Medium,Yes,2,Medium,Medium,Private,Positive,4,No,Postgraduate,Near,Male
20,68,High,Low,Yes,7,99,High,Yes,0,Low,Medium,Public,Positive,2,Yes,College,Moderate,Female
20,69,Medium,High,Yes,7,97,Medium,Yes,3,Medium,High,Public,Positive,3,Yes,College,Near,Female
15,60,Medium,Medium,Yes,7,81,Low,Yes,4,Low,High,Public,Positive,2,No,High School,Near,Male
19,72,High,Medium,Yes,5,52,Low,Yes,1,Low,Medium,Public,Positive,2,No,High School,Near,Male
14,90,Medium,High,Yes,7,60,Medium,Yes,2,Medium,Medium,Public,Neutral,4,No,Postgraduate,Near,Male
25,92,Low,High,No,5,72,Medium,Yes,1,Medium,Medium,Public,Positive,4,No,High School,Near,Female
26,68,Medium,High,No,6,98,Low,Yes,2,Medium,Medium,Private,Neutral,3,No,College,Far,Female
9,98,High,Medium,No,9,55,Low,Yes,3,Low,Medium,Public,Positive,2,No,High School,,Male
14,80,High,Low,Yes,7,90,High,Yes,2,Low,High,Public,Negative,2,No,College,Far,Female
11,97,Medium,High,Yes,8,60,Medium,Yes,0,Medium,Low,Private,Positive,3,No,High School,Near,Male
16,88,Low,High,No,7,75,Low,Yes,2,Medium,Medium,Public,Neutral,4,No,Postgraduate,Near,Female
19,89,Medium,Medium,Yes,6,88,Low,Yes,1,Medium,High,Public,Positive,2,No,High School,Near,Female
11,63,High,High,Yes,5,85,High,No,0,Low,High,Public,Positive,4,Yes,High School,Moderate,Female
14,69,Medium,Medium,Yes,6,89,High,Yes,2,High,High,Private,Positive,5,No,High School,Moderate,Female
14,60,Medium,Medium,Yes,7,91,Medium,Yes,1,Low,High,Private,Negative,3,No,Postgraduate,Near,Male
21,89,Low,Low,Yes,8,65,Medium,Yes,2,Low,Low,Public,Neutral,3,No,College,Near,Female
20,74,High,Medium,No,7,68,High,Yes,3,Medium,,Public,Positive,4,No,High School,Far,Male
16,91,Medium,Low,No,8,91,Low,Yes,2,Medium,Medium,Public,Neutral,2,No,High School,Far,Female
21,74,Medium,Medium,Yes,5,52,Medium,Yes,3,Medium,Medium,Private,Positive,1,No,High School,Near,Male
17,93,High,Medium,No,8,76,Low,Yes,0,Low,Medium,Private,Negative,3,No,High School,Moderate,Female
18,65,High,Medium,Yes,5,96,Medium,Yes,1,High,Medium,Private,Neutral,2,No,High School,Near,Female
30,67,Medium,Medium,Yes,8,94,Medium,Yes,1,Medium,Medium,Public,Neutral,2,No,College,Near,Female
28,74,Medium,High,No,8,90,High,Yes,2,Medium,Medium,Public,Positive,3,No,Postgraduate,Near,Male
12,76,Medium,Low,Yes,4,51,Medium,Yes,0,Low,Medium,Private,Neutral,1,No,High School,Near,Female
25,74,Low,High,Yes,8,94,High,Yes,0,Low,Medium,Public,Positive,4,No,High School,Moderate,Female
25,91,Low,Medium,Yes,8,96,Medium,Yes,3,Medium,Medium,Public,Neutral,3,No,High School,Near,Female
13,64,Medium,High,Yes,9,83,Low,Yes,1,High,Medium,Public,Positive,4,No,High School,Near,Male
25,74,Low,Medium,Yes,6,65,High,Yes,0,High,Medium,Public,Neutral,1,No,High School,Moderate,Male
29,93,High,High,No,7,74,Medium,Yes,3,Medium,High,Private,Positive,3,No,High School,Near,Male
13,63,Low,Medium,No,8,88,Medium,Yes,0,Low,Medium,Private,Negative,2,No,High School,Near,Male
14,98,Medium,Medium,Yes,8,91,Low,Yes,0,Low,Medium,Public,Negative,4,No,High School,Moderate,Male
26,99,Medium,Medium,Yes,8,67,Medium,Yes,4,Medium,Medium,Private,Positive,4,Yes,High School,Near,Male
22,64,Medium,High,No,6,66,Low,Yes,1,Medium,Medium,Public,Neutral,4,No,College,Near,Male
23,72,Medium,High,No,8,87,Low,Yes,3,Medium,Low,Public,Neutral,3,No,High School,Near,Male
22,75,High,Medium,Yes,8,84,Low,Yes,3,High,Medium,Public,Negative,3,No,College,Near,Male
22,91,Medium,Low,Yes,7,76,Medium,Yes,1,Low,High,Public,Neutral,3,No,College,Moderate,Female
12,84,High,High,Yes,6,71,Medium,No,2,Medium,Medium,Public,Positive,3,No,College,Moderate,Male
26,86,Medium,High,Yes,6,83,Medium,Yes,2,Low,Medium,Public,Positive,4,No,High School,Near,Male
27,90,Low,Medium,No,9,52,Low,No,2,Low,High,Public,Positive,2,Yes,College,Near,Male
19,65,Medium,High,Yes,8,54,Medium,Yes,0,Low,High,Private,Neutral,3,No,High School,Far,Female
20,93,Medium,Low,No,7,79,Medium,Yes,1,Medium,Low,Public,Neutral,3,No,Postgraduate,Near,Female
11,88,High,High,Yes,7,61,Low,Yes,2,Medium,Medium,Public,Neutral,3,No,Postgraduate,Near,Male
23,83,High,High,Yes,4,89,Low,Yes,1,Medium,Medium,Public,Negative,3,No,High School,Far,Male
23,96,Low,Medium,Yes,7,89,Medium,Yes,1,Low,Medium,Private,Positive,3,No,College,Far,Female
20,88,Low,Medium,Yes,5,85,Medium,Yes,2,Medium,Medium,Public,Negative,3,No,High School,Near,Male
27,68,Medium,Medium,Yes,7,95,Low,Yes,0,Medium,Medium,Public,Positive,4,No,High School,Near,Male
18,77,High,Medium,Yes,9,57,Low,Yes,1,Low,High,Public,Negative,2,No,Postgraduate,Near,Male
23,80,Low,High,No,6,63,Low,Yes,0,High,Medium,Private,Positive,2,No,High School,Near,Male
14,62,Medium,High,Yes,7,63,Medium,Yes,2,Low,Medium,Public,Positive,2,No,College,Moderate,Female
20,98,Medium,Medium,Yes,8,89,High,Yes,3,High,Medium,Public,Negative,2,Yes,College,Near,Male
19,65,Medium,High,Yes,7,76,Medium,No,0,Medium,Medium,Public,Neutral,3,No,Postgraduate,Near,Female
21,88,Medium,Medium,Yes,6,63,Low,Yes,1,Medium,Medium,Public,Neutral,3,No,High School,Near,Female
18,80,Medium,High,Yes,7,57,Medium,Yes,2,Low,Low,Public,Positive,3,No,Postgraduate,Far,Female
19,61,Medium,High,Yes,8,95,High,Yes,4,Medium,Medium,Private,Positive,3,No,College,Near,Male
25,97,Low,High,Yes,7,85,High,Yes,3,High,Medium,Public,Neutral,1,No,Postgraduate,Near,Male
17,94,Low,Low,No,7,76,High,Yes,3,Low,High,Public,Neutral,3,Yes,College,Far,Male
10,81,Low,Medium,Yes,9,98,Medium,Yes,2,Low,Medium,Public,Neutral,2,No,College,Near,Male
30,69,Medium,Medium,No,8,92,Medium,Yes,2,Medium,Low,Public,Neutral,3,No,High School,Near,Female
28,65,Medium,Medium,Yes,5,59,High,Yes,2,Low,Medium,Private,Neutral,5,No,High School,Near,Male
12,75,Medium,Medium,Yes,8,75,High,Yes,1,Low,Medium,Private,Negative,2,No,College,Near,Female
24,70,Medium,High,Yes,8,74,Low,Yes,2,Medium,High,Public,Negative,3,No,High School,Near,Male
17,80,Medium,Medium,Yes,5,92,Medium,Yes,0,Low,Medium,Private,Negative,4,No,Postgraduate,Near,Female
22,99,Medium,Medium,Yes,4,57,High,Yes,2,Medium,High,Public,Positive,3,No,College,Near,Female
22,83,Medium,Medium,Yes,5,73,High,No,0,Low,Medium,Public,Positive,3,No,High School,Near,Male
19,96,Medium,Medium,No,7,82,Medium,Yes,1,High,Medium,Public,Neutral,4,No,Postgraduate,Near,Male
15,86,Low,Medium,No,9,97,Medium,Yes,2,Medium,Medium,Public,Negative,4,No,High School,Near,Male
16,79,High,Low,Yes,6,95,Medium,Yes,0,High,Medium,Public,Neutral,5,No,College,Near,Male
15,94,Low,Low,Yes,8,77,Medium,Yes,1,High,High,Private,Positive,1,No,College,Near,Male
15,79,High,Medium,Yes,4,80,Medium,Yes,1,High,Medium,Private,Negative,4,No,High School,Far,Male
20,95,High,Low,Yes,7,93,Low,No,0,Low,High,Public,Neutral,2,No,High School,Near,Male
16,72,Medium,Low,No,6,87,Medium,No,2,Medium,Low,Private,Positive,4,No,High School,Near,Female
24,65,High,High,No,10,94,Medium,Yes,2,Medium,Medium,Public,Neutral,2,No,Postgraduate,Moderate,Male
29,94,Low,High,Yes,4,95,Medium,Yes,1,Medium,Medium,Public,Positive,5,No,High School,Near,Male
17,83,Low,Medium,Yes,7,92,Low,Yes,3,Low,Medium,Public,Neutral,2,Yes,,Moderate,Male
21,96,Medium,Medium,Yes,4,50,Medium,Yes,1,Low,Low,Private,Positive,2,No,Postgraduate,Moderate,Male
23,98,Medium,High,No,6,66,Medium,Yes,1,Low,Medium,Public,Neutral,1,No,High School,Moderate,Male
23,62,Medium,Low,Yes,4,70,High,Yes,3,Medium,High,Public,Positive,2,No,College,Moderate,Female
20,80,Medium,Medium,No,10,84,Medium,Yes,1,Medium,Medium,Public,Positive,4,No,College,Near,Male
24,75,Low,Medium,No,6,65,Medium,No,0,Medium,Medium,Public,Positive,5,No,College,Moderate,Male
23,85,Medium,High,No,7,66,Low,No,0,High,High,Public,Neutral,2,No,College,Near,Male
13,92,Medium,High,Yes,7,70,Low,Yes,4,Low,Medium,Public,Neutral,3,No,High School,Near,Male
25,71,Medium,Medium,Yes,5,98,Low,Yes,0,Low,Medium,Public,Positive,1,No,Postgraduate,Far,Male
25,82,High,Medium,No,9,72,High,Yes,0,High,Medium,Public,Positive,0,No,College,Near,Female
15,88,Medium,Medium,No,8,57,Medium,Yes,1,High,Medium,Private,Positive,2,No,High School,Far,Male
20,65,Medium,High,Yes,8,50,Medium,Yes,0,Low,Medium,Public,Positive,5,No,High School,Near,Male
24,93,Medium,High,No,5,62,Medium,Yes,1,Low,Medium,Public,Neutral,1,No,College,Near,Female
19,84,High,Medium,No,9,97,Low,Yes,1,High,Medium,Public,Negative,3,Yes,High School,Near,Male
26,98,Low,High,Yes,9,98,Low,Yes,4,Low,Low,Public,Positive,2,No,College,Moderate,Male
34,74,High,Low,Yes,7,76,Medium,Yes,2,Low,High,Public,Positive,2,No,College,Near,Female
15,64,Medium,Medium,Yes,8,82,Low,Yes,0,Low,Medium,Public,Negative,3,No,High School,Near,Male
12,80,Medium,Low,No,7,90,Medium,Yes,3,Low,Medium,Public,Neutral,3,No,High School,Near,Female
22,63,High,Low,No,5,53,High,Yes,2,High,Medium,Public,Neutral,1,No,Postgraduate,Moderate,Male
24,99,High,Medium,Yes,7,69,Medium,Yes,0,Medium,Medium,Private,Positive,3,No,High School,Near,Male
19,62,Medium,High,Yes,6,82,Medium,Yes,0,Low,High,Public,Negative,3,Yes,College,Moderate,Male
29,90,Low,Medium,Yes,7,95,Medium,Yes,0,High,High,Public,Neutral,2,Yes,High School,Near,Male
12,81,High,Medium,Yes,9,86,Medium,Yes,2,Medium,High,Public,Negative,2,No,Postgraduate,Near,Male
24,75,Medium,Low,Yes,5,68,High,Yes,2,Medium,Medium,Public,Neutral,2,No,Postgraduate,Near,Male
16,63,Medium,Medium,No,6,95,High,Yes,1,Medium,,Public,Negative,4,No,College,Far,Female
30,85,Low,Medium,No,6,83,Medium,Yes,2,Medium,Medium,Public,Positive,3,No,College,Near,Female
32,83,Medium,Medium,Yes,6,92,Low,Yes,1,High,Medium,Public,Neutral,3,No,High School,Near,Male
15,71,High,Medium,No,6,69,High,No,3,Medium,High,Public,Positive,3,No,Postgraduate,Moderate,Female
17,96,Medium,Medium,Yes,7,50,Low,Yes,1,Medium,Medium,Private,Negative,4,No,High School,Near,Female
25,72,High,Medium,Yes,8,58,Medium,Yes,0,Low,Medium,Public,Negative,4,No,College,Moderate,Female
18,78,Low,Medium,No,8,96,Medium,Yes,4,High,Medium,Public,Positive,4,Yes,College,Near,Male
20,82,Low,Low,Yes,7,52,Low,Yes,0,Medium,Medium,Private,Neutral,3,No,College,Near,Female
20,64,Medium,Medium,Yes,8,80,High,Yes,1,Medium,Medium,Private,Positive,3,No,High School,Near,Male
8,97,High,Medium,Yes,10,70,High,Yes,0,Low,Low,Public,Neutral,1,No,High School,Near,Male
20,75,High,High,Yes,7,71,High,Yes,1,Medium,High,Public,Positive,4,No,College,Moderate,Male
16,63,High,High,No,9,70,Low,Yes,2,Medium,High,Private,Negative,5,No,College,Moderate,Female
17,75,Low,High,Yes,8,53,Medium,Yes,1,Low,High,Public,Positive,3,No,College,Near,Female
29,84,High,Medium,Yes,10,56,High,Yes,3,Low,High,Public,Neutral,4,No,Postgraduate,Far,Female
12,81,High,Medium,No,8,53,Low,Yes,1,Medium,High,Private,Positive,3,No,College,Near,Male
25,88,Low,High,Yes,6,53,Medium,Yes,2,Medium,High,Public,Negative,4,No,College,Near,Female
18,62,Medium,Medium,Yes,7,54,Medium,Yes,2,Medium,High,Private,Positive,3,No,Postgraduate,Moderate,Male
18,71,Medium,Low,Yes,7,85,Low,Yes,1,Low,Low,Public,Neutral,2,No,High School,Moderate,Male
25,93,Medium,High,No,8,56,High,Yes,0,Low,Low,Private,Neutral,3,No,High School,Near,Male
22,63,High,Low,No,6,63,Low,Yes,1,Medium,Low,Public,Negative,2,No,Postgraduate,Moderate,Male
23,94,Low,Low,Yes,9,83,Medium,Yes,2,Low,Medium,Private,Positive,2,No,High School,Near,Female
26,64,Medium,High,No,7,56,Medium,Yes,3,Medium,Medium,Public,Positive,3,No,High School,,Male
18,93,Medium,High,Yes,8,96,Medium,Yes,2,Medium,Low,Public,Positive,2,No,High School,Moderate,Female
16,74,Medium,High,Yes,7,74,Low,Yes,4,Low,Low,Private,Positive,3,No,High School,Near,Male
13,84,High,Medium,No,7,98,Medium,No,0,Low,Low,Public,Neutral,4,Yes,High School,Near,Male
15,66,Medium,High,Yes,7,60,High,Yes,2,High,Medium,Private,Negative,3,No,High School,Moderate,Female
38,63,Medium,High,No,8,52,High,Yes,1,Medium,Medium,Private,Positive,3,No,College,Moderate,Male
27,69,High,High,Yes,10,80,Medium,No,1,Medium,High,Public,Positive,4,Yes,High School,Near,Female
12,65,High,High,Yes,4,66,Medium,Yes,0,Medium,High,Public,Neutral,2,No,High School,Near,Female
12,72,Medium,Medium,Yes,8,79,High,Yes,1,High,Medium,Public,Positive,3,No,College,Far,Male
23,81,Medium,Low,Yes,7,74,Medium,Yes,0,Low,Medium,Public,Neutral,0,No,Postgraduate,Near,Female
23,84,Medium,High,Yes,7,73,Medium,Yes,1,High,Medium,Public,Positive,4,No,High School,Near,Male
23,92,High,Medium,Yes,4,93,High,Yes,0,High,Medium,Public,Negative,4,No,High School,Near,Female
18,86,High,Medium,No,8,60,Medium,Yes,2,Low,High,Private,Neutral,1,No,College,Near,Male
19,84,Medium,High,Yes,7,75,Low,Yes,1,Low,Medium,Public,Negative,2,No,College,Far,Male
22,76,Medium,Medium,Yes,6,71,Medium,Yes,0,Low,High,Private,Neutral,2,No,High School,Moderate,Male
21,79,Low,Medium,Yes,7,84,Low,Yes,2,Medium,Medium,Private,Neutral,3,No,High School,Near,Male
7,77,Low,Medium,Yes,7,53,High,Yes,4,Low,Medium,Private,Positive,2,No,College,Moderate,Female
19,94,Medium,Low,No,4,76,Medium,Yes,4,Low,High,Private,Negative,3,No,High School,Moderate,Female
15,69,Medium,Medium,Yes,7,74,High,Yes,2,Low,Medium,Private,Neutral,5,No,Postgraduate,Near,Female
21,60,Low,High,No,8,99,Low,Yes,0,Low,Low,Private,Positive,3,No,High School,Near,Male
38,86,High,Medium,No,6,88,High,Yes,1,Low,High,Public,Negative,4,No,High School,Moderate,Female
22,68,Medium,Low,Yes,7,58,Medium,Yes,0,Medium,Medium,Public,Neutral,3,No,Postgraduate,Near,Male
18,96,High,High,No,7,75,High,Yes,2,Medium,High,Public,Negative,2,No,,Near,Male
26,94,Medium,Medium,No,9,89,Medium,Yes,0,Low,Medium,Public,Neutral,3,Yes,High School,Near,Female
23,63,High,Medium,No,7,76,Medium,Yes,2,Medium,High,Public,Positive,1,No,High School,Far,Male
23,64,Medium,High,Yes,8,68,Low,Yes,3,Low,High,Public,Neutral,3,No,High School,Near,Female
24,80,Medium,Medium,Yes,7,69,Low,Yes,0,Medium,High,Private,Positive,3,No,College,Far,Male
32,84,Medium,High,Yes,10,68,Medium,Yes,1,Low,Medium,Public,Positive,5,No,High School,Near,Male
13,71,Medium,High,Yes,6,51,Low,Yes,4,High,Medium,Public,Positive,4,No,College,Moderate,Female
23,89,High,High,No,6,87,Medium,Yes,4,Medium,High,Private,Neutral,3,No,College,Near,Female
14,84,Medium,Medium,No,7,81,Medium,Yes,0,High,Medium,Public,Neutral,2,No,College,Near,Female
23,73,Medium,Medium,No,6,63,Medium,Yes,1,High,Medium,Public,Positive,3,No,High School,Near,Male
14,61,Medium,Medium,No,5,82,Low,No,0,Low,Medium,Public,Neutral,0,No,High School,Near,Female
17,90,High,High,No,8,65,Medium,Yes,2,Low,High,Public,Positive,3,No,Postgraduate,Moderate,Male
18,69,Low,High,Yes,4,62,High,Yes,1,Medium,Low,Public,Neutral,3,No,High School,Moderate,Male
26,93,Low,High,No,6,87,Medium,Yes,1,Medium,High,Public,Positive,3,No,College,Near,Female
26,77,High,Medium,Yes,5,90,Medium,Yes,1,Medium,Medium,Private,Neutral,2,No,High School,Far,Female
13,83,Low,Medium,Yes,7,81,Medium,Yes,4,Low,Medium,Public,Negative,5,No,College,Near,Female
20,95,Low,Medium,No,4,89,Medium,Yes,3,Low,Medium,Public,Negative,3,Yes,High School,Near,Male
16,95,Medium,Low,No,8,68,Low,No,2,Medium,High,Public,Neutral,4,No,High School,Near,Female
12,75,Medium,High,No,8,54,Low,Yes,1,Medium,High,Public,Negative,3,No,High School,Near,Female
19,68,Medium,Medium,Yes,5,80,Medium,Yes,0,Medium,Medium,Public,Neutral,3,Yes,High School,Moderate,Male
18,91,Medium,Medium,No,7,63,Medium,Yes,1,Medium,Medium,Public,Negative,4,No,College,Near,Male
35,77,High,High,Yes,8,89,Medium,Yes,5,High,Medium,Public,Positive,4,No,College,Near,Female
23,68,High,Low,Yes,8,68,Medium,Yes,1,Medium,Medium,Public,Neutral,2,No,College,Near,Male
12,96,High,High,Yes,5,84,Low,Yes,3,High,Medium,Public,Positive,4,No,Postgraduate,Near,Female
17,68,Medium,Low,Yes,5,78,Medium,Yes,4,Low,Low,Public,Positive,2,No,College,Near,Male
26,61,Low,High,Yes,9,91,Medium,No,0,High,High,Private,Positive,4,No,College,Near,Female
33,61,High,Medium,No,6,92,Medium,Yes,1,Medium,Medium,Public,Positive,4,No,High School,Near,Female
10,85,Low,Low,Yes,6,53,High,Yes,1,Low,Medium,Private,Neutral,3,Yes,High School,Moderate,Male
9,86,High,Medium,No,8,65,High,Yes,0,Medium,Medium,Public,Positive,3,No,College,Near,Female
31,72,Low,High,Yes,5,94,High,Yes,2,Low,Low,Public,Positive,2,No,High School,Near,Male
22,73,High,Medium,Yes,7,70,Low,No,2,Low,Medium,Public,Positive,3,No,College,Near,Male
15,74,High,Medium,Yes,8,76,Medium,Yes,1,Medium,Low,Public,Neutral,4,No,High School,Far,Male
23,87,Medium,High,No,5,59,Medium,Yes,1,High,Low,Public,Neutral,4,No,College,Near,Male
4,62,Medium,Medium,No,6,78,High,Yes,3,High,,Public,Neutral,2,No,High School,Far,Female
20,97,Medium,High,Yes,5,63,Medium,Yes,0,Low,,Public,Negative,3,No,College,Far,Female
22,69,Medium,Medium,Yes,6,91,Low,Yes,0,High,High,Private,Neutral,1,Yes,High School,Moderate,Male
26,100,Low,Medium,No,9,60,Medium,Yes,2,Medium,Medium,Public,Positive,4,No,High School,Near,Male
14,67,Medium,Medium,Yes,9,68,Low,Yes,1,Low,Medium,Public,Neutral,3,Yes,High School,Near,Male
21,91,Medium,Medium,Yes,7,55,High,Yes,2,High,Medium,Private,Neutral,3,No,High School,Near,Female
14,69,Medium,Low,Yes,8,79,Medium,Yes,1,High,Medium,Public,Negative,1,No,Postgraduate,Moderate,Female
22,63,Medium,Medium,Yes,8,97,Medium,Yes,1,High,High,Public,Neutral,3,No,High School,Moderate,Female
15,95,Medium,Medium,Yes,6,59,Low,Yes,0,Medium,,Private,Positive,5,No,High School,Far,Female
18,94,Low,Medium,Yes,7,51,Medium,Yes,1,Low,Medium,Public,Neutral,3,Yes,College,Moderate,Male
14,76,High,Medium,Yes,5,71,Medium,Yes,1,Low,Medium,Public,Negative,3,No,High School,Near,Male
24,88,High,Medium,Yes,6,87,Medium,Yes,1,High,Low,Private,Positive,3,No,High School,Near,Female
25,82,Medium,Medium,Yes,7,99,High,Yes,3,Low,High,Public,Neutral,2,No,High School,Near,Female
19,94,Low,High,No,5,53,Medium,Yes,1,Medium,Medium,Public,Neutral,3,No,High School,Near,Female
20,73,High,Medium,Yes,5,89,Medium,Yes,2,Medium,High,Public,Positive,5,Yes,High School,Moderate,Female
11,81,Low,Medium,Yes,6,68,High,Yes,2,High,Medium,Private,Negative,3,No,Postgraduate,Far,Female
18,79,Low,Medium,Yes,9,58,Medium,Yes,3,Medium,High,Public,Negative,3,No,High School,Near,Female
20,74,Medium,High,Yes,9,60,Medium,No,1,Low,Medium,Public,Positive,3,No,High School,Moderate,Female
36,96,Medium,Low,No,7,96,Medium,Yes,1,Low,High,Public,Positive,3,No,College,Moderate,Female
13,67,Low,Medium,Yes,8,90,Medium,Yes,2,Low,Medium,Private,Negative,2,No,High School,Near,Male
29,66,High,High,No,6,66,Medium,Yes,0,Medium,Medium,Private,Negative,3,No,Postgraduate,Near,Male
26,83,Medium,Medium,No,4,97,Low,Yes,2,Low,High,Public,Negative,4,No,College,Moderate,Male
22,86,High,Medium,No,6,55,Medium,Yes,5,High,Low,Private,Negative,3,No,Postgraduate,Near,Female
31,68,Low,High,Yes,7,66,Low,Yes,0,Low,Medium,Public,Positive,3,No,High School,Near,Male
22,76,High,Low,Yes,7,83,Low,Yes,0,Low,Medium,Public,Positive,1,No,College,Near,Male
22,98,Medium,Medium,Yes,7,100,Low,Yes,0,Low,Medium,Public,Neutral,3,No,High School,Far,Male
20,70,Low,Medium,No,7,73,Medium,Yes,0,Low,Medium,Public,Negative,5,No,High School,Near,Female
27,87,High,Low,Yes,6,91,Low,Yes,4,High,Medium,Public,Neutral,4,No,High School,Moderate,Male
27,90,High,Medium,No,8,96,High,Yes,0,Medium,Medium,Public,Negative,4,No,High School,Moderate,Male
16,78,Low,Medium,Yes,5,50,Medium,Yes,2,Low,Medium,Private,Positive,2,No,College,Moderate,Male
12,98,High,Low,Yes,8,64,Medium,No,5,Low,Medium,Public,Neutral,5,No,College,Near,Female
19,89,Medium,Medium,Yes,6,55,Medium,Yes,0,Medium,High,Public,Positive,2,No,Postgraduate,Moderate,Male
15,78,High,High,Yes,10,89,Low,Yes,0,Medium,Medium,Public,Neutral,3,No,High School,Near,Male
20,83,High,High,Yes,7,78,High,Yes,3,Low,Medium,Private,Neutral,2,No,College,Near,Female
27,88,Low,Medium,Yes,6,55,Low,No,2,Low,Medium,Public,Positive,5,No,High School,Far,Male
17,84,Low,Low,Yes,6,71,Low,Yes,0,Medium,Medium,Private,Negative,4,Yes,High School,Near,Male
20,95,Medium,Medium,No,6,76,Medium,Yes,0,Low,High,Private,Positive,4,No,High School,Moderate,Female
20,74,High,Medium,Yes,8,85,Medium,Yes,2,Low,Medium,Public,Positive,0,No,High School,Near,Male
25,72,Medium,High,Yes,7,89,Medium,Yes,2,Low,High,Public,Positive,3,No,Postgraduate,Near,Female
7,69,Medium,High,Yes,8,54,High,Yes,1,Medium,High,Public,Positive,2,No,High School,Far,Male
16,62,Low,Medium,No,8,74,Medium,Yes,2,High,High,Private,Neutral,3,No,High School,Moderate,Male
21,62,High,Low,Yes,7,58,Medium,Yes,2,Low,High,Public,Positive,1,No,College,Near,Female
27,95,Medium,High,No,8,88,High,Yes,3,Medium,Medium,Private,Positive,2,No,High School,Far,Female
17,87,High,High,Yes,9,83,Medium,Yes,0,Low,High,Public,Neutral,2,No,College,Moderate,Male
9,86,High,Medium,No,8,86,Medium,Yes,1,Low,High,Public,Neutral,1,No,High School,Near,Male
24,85,Low,Medium,Yes,7,54,Medium,No,2,Medium,Low,Public,Neutral,3,No,College,Moderate,Female
16,94,Medium,Medium,Yes,8,76,Low,Yes,3,Medium,Medium,Public,Negative,4,No,Postgraduate,Near,Female
13,79,High,High,No,5,92,Medium,Yes,3,Medium,Medium,Public,Neutral,3,No,High School,Near,Male
16,95,Low,Low,No,10,86,Medium,Yes,4,High,Medium,Public,Positive,2,No,College,Near,Female
19,74,High,High,No,8,93,High,Yes,1,Medium,Medium,Public,Negative,3,No,High School,Near,Male
16,97,High,Low,Yes,8,60,Medium,Yes,0,Low,High,Public,Positive,3,No,High School,Near,Male
7,88,Medium,High,Yes,7,64,Low,Yes,2,Medium,High,Public,Neutral,4,No,Postgraduate,Moderate,Male
25,70,Medium,Medium,Yes,4,72,Medium,Yes,0,Low,Low,Public,Neutral,4,No,College,Moderate,Male
28,83,Medium,Medium,Yes,7,76,Medium,Yes,1,Medium,Medium,Public,Positive,3,No,College,Near,Male
24,81,Medium,Low,Yes,7,63,Medium,Yes,1,Low,Medium,Public,Positive,3,No,High School,Moderate,Male
13,66,Low,Medium,Yes,6,69,Low,Yes,2,Low,Medium,Private,Positive,4,No,High School,Near,Male
19,84,Medium,Medium,Yes,6,84,Medium,Yes,3,Medium,High,Public,Neutral,2,No,Postgraduate,Moderate,Male
20,73,Medium,Medium,No,6,82,Low,Yes,1,Medium,High,Private,Negative,3,No,College,Near,Male
24,62,Medium,Medium,Yes,8,56,Medium,Yes,0,Medium,Medium,Private,Positive,2,No,College,Moderate,Male
24,98,Medium,Low,Yes,9,99,High,Yes,2,Low,High,Public,Neutral,2,No,Postgraduate,Far,Female
16,86,High,Medium,Yes,7,78,Low,Yes,1,Low,Medium,Private,Positive,4,No,Postgraduate,Moderate,Male
20,95,Medium,Medium,Yes,6,74,Medium,Yes,1,High,Low,Public,Positive,4,No,High School,Far,Female
23,87,Medium,Medium,Yes,6,98,Medium,Yes,3,Medium,Medium,Public,Neutral,3,No,College,Near,Male
29,74,High,Medium,Yes,7,57,Medium,No,3,Medium,Medium,Private,Positive,2,No,High School,Moderate,Male
24,81,Medium,Medium,No,7,77,Medium,Yes,0,High,Medium,Private,Positive,3,No,High School,Near,Male
25,87,High,Medium,Yes,8,90,Medium,Yes,1,Low,Medium,Public,Negative,4,No,High School,Near,Female
21,98,Low,Low,Yes,6,70,Medium,Yes,1,Medium,Medium,Public,Positive,3,No,High School,Moderate,Male
28,70,High,Low,Yes,8,87,High,Yes,3,Low,Medium,Public,Neutral,3,No,Postgraduate,Moderate,Male
22,95,Medium,Low,Yes,8,95,Medium,No,2,Low,High,Private,Neutral,4,No,High School,Near,Female
15,97,High,Medium,Yes,6,63,Low,Yes,2,Medium,Medium,Public,Neutral,3,No,High School,Near,Female
28,87,High,Medium,Yes,4,62,High,Yes,2,Low,High,Public,Positive,4,No,High School,Near,Female
24,97,Medium,Medium,Yes,6,68,Low,Yes,1,Medium,High,Public,Neutral,4,No,College,Near,Male
17,76,Medium,High,No,9,71,Medium,Yes,0,Medium,High,Public,Neutral,3,No,Postgraduate,Near,Male
17,98,High,Medium,No,4,56,Medium,Yes,2,Low,Low,Private,Positive,3,No,High School,Near,Female
22,88,Low,Medium,Yes,9,62,Medium,Yes,1,High,Medium,Private,Negative,3,No,College,Near,Male
23,62,High,Low,No,4,94,Medium,Yes,0,Medium,Low,Private,Positive,3,No,Postgraduate,Far,Female
21,96,Low,High,Yes,6,78,Low,Yes,2,Medium,High,Private,Neutral,3,No,High School,Moderate,Female
22,79,High,Medium,Yes,6,63,Medium,Yes,1,Medium,High,Public,Neutral,4,No,High School,Near,Female
30,78,Medium,High,Yes,10,97,Medium,Yes,1,Low,Low,Private,Positive,2,No,High School,Far,Male
26,83,Medium,High,Yes,7,89,Medium,Yes,3,Low,Medium,Private,Positive,3,No,High School,Moderate,Male
21,66,Low,High,Yes,7,68,High,Yes,2,Low,Medium,Public,Positive,1,No,High School,Near,Female
26,79,Medium,High,No,6,88,Medium,Yes,1,Low,High,Public,Positive,3,Yes,College,Near,Male
14,93,Medium,Medium,No,8,80,Low,Yes,2,Low,Medium,Private,Positive,4,No,Postgraduate,Near,Male
22,61,Medium,Medium,No,6,84,Low,Yes,0,Medium,Medium,Public,Positive,2,No,Postgraduate,Near,Male
31,71,Low,High,Yes,7,66,Medium,Yes,3,Low,Medium,Private,Negative,1,No,High School,Near,Male
19,60,High,High,Yes,6,60,High,Yes,1,Low,Medium,Public,Positive,2,No,College,Near,Male
15,77,Low,Medium,Yes,8,63,Medium,Yes,0,Medium,Medium,Public,Neutral,1,No,High School,Near,Female
16,89,High,Medium,No,8,54,Medium,Yes,2,Low,High,Private,Positive,2,No,College,Moderate,Male
13,92,Medium,High,No,6,74,High,Yes,2,Low,Medium,Private,Neutral,2,No,College,Near,Male
15,98,Medium,Medium,No,6,70,Low,Yes,1,Medium,High,Private,Positive,3,No,High School,Moderate,Male
18,84,Medium,Low,Yes,6,50,Medium,Yes,4,High,High,Private,Negative,3,No,Postgraduate,Near,Male
12,70,Medium,Medium,Yes,7,93,Medium,Yes,1,Low,High,Public,Neutral,4,No,High School,Far,Female
20,97,Medium,Low,Yes,8,84,Low,Yes,4,Medium,Medium,Public,Positive,5,No,High School,Near,Female
25,91,Low,Medium,No,7,72,Medium,Yes,1,Medium,High,Private,Neutral,3,No,College,Far,Male
15,83,Medium,High,No,4,98,Low,Yes,3,Low,High,Public,Positive,3,No,High School,Moderate,Female
29,88,Low,Medium,Yes,8,97,Medium,Yes,4,Low,High,Public,Negative,3,Yes,College,Moderate,Male
23,97,Low,High,Yes,5,55,Medium,Yes,0,Medium,Low,Public,Neutral,3,No,High School,Moderate,Female
26,88,Low,High,No,6,81,Medium,Yes,1,High,Medium,Public,Positive,2,No,High School,Near,Male
16,75,Medium,High,Yes,7,91,Low,Yes,2,Low,Low,Public,Positive,5,No,High School,Far,Male
25,89,Medium,High,No,7,59,Medium,Yes,1,Low,Medium,Public,Neutral,4,Yes,High School,Near,Male
13,62,Medium,Medium,Yes,8,56,Low,Yes,1,Low,High,Public,Positive,4,Yes,High School,Near,Female
25,75,Medium,Medium,Yes,6,63,Low,Yes,3,High,Medium,Private,Neutral,4,No,High School,Near,Male
21,76,Low,High,No,6,64,Medium,Yes,1,Medium,Medium,Public,Neutral,4,No,High School,Near,Female
23,67,Medium,Medium,No,7,98,Low,Yes,4,Low,Medium,Private,Neutral,3,No,High School,Moderate,Male
13,61,Medium,Medium,Yes,8,89,Low,Yes,4,Low,Medium,Private,Neutral,4,No,High School,Far,Female
15,65,Medium,Medium,No,8,53,Medium,Yes,2,Low,Medium,Public,Negative,3,No,College,Near,Male
24,86,High,Medium,No,7,89,Low,Yes,2,Low,Medium,Public,Negative,3,No,Postgraduate,Far,Female
14,92,Medium,High,Yes,9,58,High,Yes,1,High,Low,Public,Positive,2,No,High School,Near,Male
23,100,Medium,Medium,Yes,9,68,Medium,Yes,4,High,High,Private,Negative,3,No,Postgraduate,Near,Male
12,74,Medium,High,Yes,8,66,Low,Yes,1,Low,Medium,Public,Negative,4,No,High School,Near,Female
25,84,Medium,Medium,Yes,5,64,Medium,Yes,0,Low,Medium,Public,Negative,3,No,College,Moderate,Female
13,97,High,Medium,No,8,65,High,Yes,1,Low,Medium,Private,Positive,2,No,High School,Near,Female
23,67,High,Low,Yes,7,88,Medium,Yes,1,Low,Medium,Private,Positive,4,No,High School,Near,Male
24,89,Medium,High,Yes,6,63,Medium,Yes,2,High,Medium,Private,Positive,3,No,College,Near,Male
16,90,High,Low,No,6,90,Medium,Yes,2,High,Medium,Public,Neutral,3,No,High School,Near,Male
23,64,Medium,High,Yes,7,55,Medium,Yes,0,Medium,Medium,Public,Positive,4,No,High School,Moderate,Male
22,94,Medium,High,No,6,80,Low,Yes,0,High,Medium,Private,Positive,2,No,Postgraduate,Near,Male
17,93,Low,Medium,Yes,7,93,Low,Yes,2,Medium,Medium,Private,Positive,4,No,High School,Near,Male
14,61,Medium,High,No,7,54,Medium,Yes,3,Low,Medium,Public,Positive,2,Yes,High School,Near,Female
8,64,High,Medium,No,7,82,High,Yes,0,High,Medium,Public,Neutral,1,Yes,Postgraduate,Near,Female
22,62,High,Low,No,8,76,Medium,Yes,1,Medium,Low,Public,Neutral,3,No,High School,Near,Male
11,73,Medium,Medium,No,7,67,Medium,No,3,Medium,High,Private,Positive,5,Yes,Postgraduate,Near,Male
21,80,Medium,Medium,Yes,6,55,High,Yes,1,High,High,Public,Negative,3,No,Postgraduate,Moderate,Male
18,81,Medium,Medium,Yes,4,84,Low,Yes,1,Medium,Medium,Private,Positive,4,No,College,Near,Female
24,71,High,Medium,No,8,65,Medium,Yes,1,Low,Medium,Private,Negative,2,No,High School,Near,Male
18,96,Medium,High,No,7,67,Medium,Yes,1,High,Medium,Public,Positive,2,No,High School,Near,Female
18,75,Medium,Medium,Yes,7,86,Low,Yes,1,Low,Medium,Private,Negative,3,No,High School,Near,Male
24,62,Medium,Medium,No,9,97,Medium,Yes,1,Medium,Medium,Private,Negative,2,No,Postgraduate,Near,Male
22,72,High,Medium,Yes,5,67,Low,Yes,2,Medium,Medium,Public,Neutral,4,No,College,Near,Female
22,81,High,Medium,No,7,87,Low,Yes,0,Low,Medium,Public,Neutral,2,No,High School,Near,Female
23,76,Low,Medium,Yes,6,98,Medium,Yes,1,Low,High,Public,Neutral,3,No,College,Moderate,Male
11,71,Low,Medium,Yes,8,55,Medium,Yes,1,Low,Medium,Public,Negative,3,No,College,Near,Female
25,65,High,High,Yes,4,76,High,Yes,1,High,Medium,Private,Neutral,1,No,High School,Moderate,Female
24,93,High,Medium,Yes,8,51,High,Yes,4,Medium,Medium,Private,Positive,2,Yes,High School,Near,Male
14,100,Medium,Low,Yes,8,91,High,Yes,0,Low,High,Public,Neutral,3,No,High School,Near,Female
19,73,Medium,Medium,Yes,6,64,Low,Yes,1,High,Medium,Public,Positive,3,No,College,Moderate,Female
20,75,High,Medium,Yes,7,67,Low,Yes,1,Low,Medium,Private,Positive,4,No,High School,Near,Female
19,85,High,High,No,6,84,Low,Yes,3,Medium,Medium,Private,Negative,3,No,Postgraduate,Near,Male
22,89,High,High,Yes,8,89,Medium,Yes,0,Medium,Medium,Private,Neutral,3,No,High School,Moderate,Male
29,76,Medium,High,Yes,8,70,Low,No,1,Low,Low,Public,Neutral,4,No,College,Moderate,Female
26,96,High,Medium,No,5,83,Medium,Yes,0,Medium,High,Public,Positive,2,No,High School,Far,Male
12,82,Low,Medium,No,5,98,Medium,Yes,0,Low,High,Public,Neutral,1,No,High School,Moderate,Male
24,78,High,Low,Yes,9,94,Low,Yes,0,Low,High,Public,Neutral,4,No,High School,Moderate,Female
28,86,Low,Medium,No,10,85,Medium,Yes,6,Low,High,Public,Neutral,2,No,High School,Near,Male
22,98,Medium,Medium,No,8,97,Low,Yes,1,High,Medium,Private,Positive,1,Yes,Postgraduate,Near,Female
27,92,Medium,Medium,No,8,94,Medium,No,1,Low,Medium,Private,Negative,4,No,College,Near,Female
32,62,High,Medium,No,7,86,Low,Yes,0,Low,Medium,Public,Positive,2,No,High School,Near,Female
26,73,Medium,Medium,No,7,96,High,Yes,0,Medium,High,Private,Neutral,3,No,High School,Near,Female
21,79,Low,Medium,Yes,8,91,High,Yes,1,Low,Medium,Public,Positive,3,No,High School,Moderate,Male
26,73,High,High,No,7,75,Low,Yes,3,Low,Medium,Public,Positive,5,No,College,Near,Male
21,88,Medium,Low,No,9,75,High,No,1,Medium,High,Private,Neutral,2,No,Postgraduate,Moderate,Female
20,93,Medium,Medium,Yes,7,50,Medium,Yes,1,High,High,Public,Positive,4,No,College,Near,Male
18,89,High,Low,Yes,7,52,Medium,Yes,1,High,High,Public,Positive,3,No,Postgraduate,Near,Female
29,100,Medium,Medium,Yes,7,87,Medium,No,3,Low,Medium,Public,Negative,5,No,College,Near,Female
15,71,High,Low,No,7,78,Medium,Yes,0,Medium,Medium,Private,Positive,3,No,High School,Near,Male
29,95,Medium,Low,Yes,9,88,Medium,Yes,0,Medium,High,Public,Neutral,2,No,High School,Near,Female
23,91,High,Low,Yes,7,97,Low,Yes,2,Low,Medium,Public,Neutral,3,No,College,Moderate,Male
12,74,High,Medium,No,7,73,Medium,Yes,1,Low,Medium,Public,Neutral,5,No,High School,,Male
22,89,Medium,Medium,Yes,7,54,Medium,Yes,1,High,Medium,Public,Positive,3,No,High School,Near,Female
7,64,High,High,No,6,81,Medium,Yes,2,Low,Low,Private,Positive,3,No,Postgraduate,Moderate,Female
24,92,Medium,Medium,Yes,5,55,Medium,No,1,Medium,Medium,Public,Neutral,4,No,College,Near,Male
25,81,High,Low,Yes,9,81,Low,Yes,2,Low,Medium,Public,Neutral,3,No,High School,Near,Male
16,72,High,Medium,Yes,9,76,High,Yes,6,Low,Low,Public,Negative,3,No,High School,Near,Male
21,86,Medium,Medium,Yes,9,86,High,Yes,2,Medium,Medium,Public,Neutral,3,No,Postgraduate,Near,Male
32,86,Medium,Medium,Yes,5,68,Low,Yes,1,Medium,Medium,Public,Negative,4,No,High School,Moderate,Male
17,68,High,Medium,No,9,57,Medium,Yes,2,Medium,Low,Public,Neutral,3,No,High School,Moderate,Male
14,61,Low,High,No,10,62,Medium,Yes,0,High,Medium,Public,Negative,4,No,College,Moderate,Female
29,77,Medium,Medium,No,9,84,Medium,Yes,0,Low,High,Public,Neutral,3,No,College,Near,Female
32,83,Medium,Medium,Yes,9,74,Medium,Yes,3,Low,Medium,Public,Neutral,3,No,College,Moderate,Male
20,95,Low,Low,Yes,8,77,Medium,Yes,1,High,High,Public,Positive,2,No,High School,Near,Male
26,97,High,Low,Yes,6,66,Medium,Yes,2,Medium,Medium,Public,Positive,1,No,College,Near,Female
28,81,Medium,High,Yes,8,92,Medium,Yes,1,High,Medium,Public,Positive,3,No,College,Near,Female
16,90,Medium,Medium,No,5,100,Medium,Yes,1,Low,Medium,Public,Positive,3,No,High School,Moderate,Female
17,78,High,Medium,Yes,6,66,Medium,Yes,2,Low,Medium,Public,Positive,4,No,College,Moderate,Male
27,90,Medium,High,No,7,86,High,Yes,2,Medium,Medium,Public,Positive,3,No,College,Moderate,Male
30,68,Medium,High,No,7,59,Medium,Yes,3,Low,Medium,Public,Positive,3,No,College,Moderate,Male
23,75,High,Medium,No,8,87,Low,Yes,1,Medium,High,Public,Positive,2,No,College,Near,Female
15,85,High,Medium,No,4,72,Medium,Yes,4,Low,High,Private,Neutral,4,No,College,Near,Male
32,61,High,High,Yes,7,80,Medium,Yes,0,Low,Medium,Public,Positive,4,Yes,College,Moderate,Female
17,89,Low,High,No,8,62,Medium,Yes,1,Low,High,Public,Positive,1,No,High School,Moderate,Male
18,93,Low,Low,Yes,8,93,Medium,Yes,3,Low,High,Public,Negative,3,No,Postgraduate,Moderate,Male
22,76,Medium,Medium,Yes,8,59,Medium,Yes,1,Low,Medium,Public,Positive,2,No,College,Near,Female
29,78,Low,Medium,Yes,7,96,High,Yes,5,Low,Medium,Public,Positive,4,No,College,Moderate,Male
25,94,Medium,Low,Yes,6,53,Low,Yes,1,Medium,Medium,Public,Negative,3,No,,Near,Female
22,91,Medium,Medium,Yes,8,64,Medium,Yes,1,Low,High,Public,Positive,3,Yes,High School,Moderate,Male
23,72,Medium,Medium,Yes,7,78,Medium,Yes,1,Low,Medium,Private,Neutral,3,No,High School,Near,Male
20,73,Medium,Low,Yes,8,93,High,Yes,1,Low,High,Public,Negative,4,No,High School,Far,Male
23,87,Medium,Medium,No,8,79,High,Yes,2,Low,High,Public,Neutral,2,No,Postgraduate,Near,Male
5,83,Medium,Medium,Yes,7,61,Medium,Yes,2,Low,Medium,Public,Negative,4,No,High School,Moderate,Male
18,66,Low,Medium,Yes,6,93,Medium,Yes,1,Low,Medium,Public,Neutral,3,Yes,College,Near,Female
21,72,Medium,High,Yes,9,80,Low,Yes,1,Medium,Medium,Public,Neutral,3,No,High School,Near,Female
13,96,Medium,High,No,8,62,Medium,Yes,0,High,Medium,Private,Neutral,2,No,Postgraduate,Near,Male
22,88,High,High,Yes,10,78,Medium,Yes,0,Medium,High,Private,Positive,2,No,High School,Moderate,Male
19,99,High,Medium,Yes,8,84,High,Yes,0,High,Medium,Public,Positive,4,No,High School,Near,Female
31,91,High,Medium,Yes,8,84,Low,Yes,2,Low,Medium,Public,Negative,2,No,High School,Near,Male
29,98,Medium,High,No,5,86,Low,Yes,2,Medium,Medium,Private,Negative,4,No,High School,Far,Male
17,69,Low,High,Yes,7,95,Medium,Yes,1,Low,High,Private,Positive,2,No,High School,Moderate,Male
19,91,Low,High,Yes,7,91,Medium,Yes,1,High,High,Public,Neutral,3,No,High School,Near,Female
20,61,High,Medium,Yes,8,80,Medium,Yes,1,Low,High,Public,Positive,3,No,High School,Near,Male
17,87,Medium,Medium,No,8,52,Low,Yes,1,Medium,Medium,Public,Positive,5,No,College,Near,Male
21,79,Medium,High,Yes,8,87,Medium,Yes,1,Low,High,Public,Neutral,2,No,Postgraduate,Moderate,Male
15,74,Low,High,No,10,99,Low,No,0,Low,Medium,Private,Neutral,3,No,College,Moderate,Male
13,94,Low,High,Yes,6,65,High,Yes,2,Medium,Medium,Public,Neutral,2,No,Postgraduate,Moderate,Male
24,94,High,Low,Yes,8,80,High,No,1,Low,Medium,Public,Neutral,4,No,High School,Near,Female
24,61,Medium,Medium,Yes,8,88,Low,Yes,1,Low,Medium,Private,Positive,4,No,High School,Moderate,Female
15,84,Medium,Medium,No,10,82,Medium,Yes,1,High,Low,Private,Negative,2,Yes,High School,Near,Male
25,75,Low,High,Yes,8,96,High,Yes,1,Low,Medium,Private,Neutral,0,No,College,Near,Male
16,77,Medium,High,Yes,8,74,Medium,Yes,0,High,Low,Private,Neutral,2,No,College,Moderate,Female
22,93,High,Medium,No,8,77,Medium,Yes,0,High,Medium,Public,Neutral,1,No,High School,,Female
25,72,Medium,Medium,Yes,8,52,Low,Yes,0,Medium,Medium,Private,Positive,2,No,Postgraduate,Near,Male
20,98,High,Low,Yes,9,95,Low,Yes,1,Low,Medium,Public,Positive,2,No,High School,Moderate,Female
23,67,Medium,Medium,Yes,6,63,High,Yes,3,Low,High,Private,Neutral,3,No,High School,Near,Male
17,87,Medium,Medium,No,6,99,Medium,Yes,2,Low,Medium,Private,Neutral,2,No,Postgraduate,Near,Male
19,87,High,High,No,10,60,High,Yes,2,Medium,Low,Private,Positive,3,No,High School,Moderate,Male
19,70,High,High,No,4,63,Medium,Yes,1,Low,Medium,Private,Neutral,3,No,College,Far,Female
16,73,Medium,Medium,Yes,7,74,Low,Yes,1,Low,High,Public,Positive,3,No,High School,Moderate,Male
19,93,Low,Medium,Yes,7,83,Medium,Yes,1,Medium,Medium,Public,Positive,3,No,High School,Near,Female
11,90,Medium,Medium,Yes,7,72,High,Yes,3,Medium,Medium,Public,Negative,3,No,High School,Near,Female
17,73,Low,Medium,Yes,9,68,Low,Yes,2,Medium,Medium,Public,Positive,3,Yes,College,Near,Female
18,81,Low,High,Yes,8,77,Low,Yes,1,Medium,High,Public,Positive,3,No,College,Moderate,Male
18,62,Medium,High,No,6,98,Low,Yes,3,Medium,Medium,Private,Neutral,1,No,College,Near,Male
19,68,Medium,Medium,Yes,6,98,Low,Yes,2,Low,Medium,Public,Positive,1,No,High School,Moderate,Female
20,79,High,Medium,No,7,66,Low,Yes,3,High,Medium,Public,Negative,3,No,College,Near,Female
23,63,Low,Medium,Yes,9,84,High,Yes,0,High,Medium,Public,Neutral,3,No,High School,Near,Female
25,94,High,Medium,No,7,86,Low,No,2,Low,Medium,Private,Negative,4,No,College,Moderate,Male
16,89,High,Medium,Yes,7,83,High,Yes,0,Low,High,Public,Positive,4,No,Postgraduate,Moderate,Male
13,98,High,Low,Yes,6,56,Medium,Yes,1,High,Low,Public,Negative,3,No,College,Moderate,Female
14,88,High,High,Yes,8,77,Medium,Yes,2,Medium,Medium,Public,Positive,3,No,College,Far,Male
17,98,High,Medium,No,7,88,Medium,Yes,2,Low,High,Private,Negative,4,No,High School,Far,Male
18,82,High,High,No,6,60,Medium,Yes,5,Medium,High,Public,Negative,3,No,College,,Male
15,84,Medium,Low,Yes,9,67,Medium,Yes,1,Medium,High,Private,Negative,3,No,College,Moderate,Male
12,99,Medium,High,Yes,10,60,Medium,Yes,0,Low,Low,Public,Negative,1,No,High School,Moderate,Male
17,86,High,High,Yes,7,94,Medium,Yes,2,Medium,Medium,Public,Neutral,3,No,High School,Moderate,Male
21,61,Medium,Low,Yes,7,93,Low,Yes,1,Low,High,Private,Negative,5,No,High School,Near,Male
24,89,Low,Medium,No,5,58,Medium,Yes,3,High,,Public,Positive,3,No,High School,Near,Female
17,96,High,High,Yes,8,88,Medium,Yes,4,Low,Low,Private,Positive,4,No,Postgraduate,Near,Male
18,92,Medium,Medium,Yes,8,68,Low,Yes,2,High,High,Private,Positive,3,No,High School,Near,Male
14,83,High,Medium,No,7,84,Medium,Yes,1,Low,Medium,Public,Neutral,3,No,High School,Near,Female
20,87,Low,High,Yes,6,75,Medium,Yes,0,Low,Medium,Public,Positive,3,Yes,Postgraduate,Near,Male
15,100,Medium,Low,No,10,74,Medium,Yes,2,Medium,Medium,Public,Negative,5,No,High School,Far,Male
23,64,Medium,Medium,Yes,8,94,Low,Yes,2,Medium,Medium,Private,Positive,5,No,High School,Moderate,Female
9,87,High,Medium,No,6,82,Medium,Yes,0,Low,Medium,Public,Negative,3,No,College,Near,Female
18,71,Low,Medium,Yes,8,62,Medium,Yes,3,High,High,Public,Positive,2,No,College,Near,Male
22,86,High,Medium,Yes,7,56,Medium,Yes,1,High,Medium,Private,Positive,4,No,High School,Moderate,Male
21,84,Low,Medium,No,7,97,Medium,Yes,2,Low,Low,Public,Neutral,4,No,High School,Moderate,Female
36,66,Low,High,Yes,8,58,High,Yes,1,Medium,Medium,Public,Positive,3,No,College,Far,Male
22,68,Medium,Medium,No,4,87,High,Yes,2,Medium,Medium,Public,Neutral,3,No,Postgraduate,Far,Female
14,85,Medium,Medium,No,4,75,High,Yes,2,High,Medium,Public,Negative,1,Yes,High School,Far,Female
19,65,Medium,Medium,No,9,57,Low,Yes,1,Medium,Medium,Public,Positive,2,Yes,High School,Near,Female
9,71,Low,High,Yes,7,89,Medium,Yes,0,Low,Medium,Public,Negative,2,No,High School,Near,Male
20,93,Medium,Medium,Yes,6,95,Low,Yes,1,Medium,High,Public,Negative,4,No,College,Moderate,Male
15,73,Medium,High,No,5,56,Medium,Yes,1,Medium,Medium,Public,Positive,2,No,Postgraduate,Near,Female
25,80,High,Low,No,7,53,Medium,Yes,1,Medium,Medium,Private,Neutral,3,No,College,Moderate,Male
17,98,Low,Medium,No,7,92,Medium,Yes,0,High,Medium,Private,Positive,0,No,College,Near,Male
19,69,Medium,Low,Yes,9,75,Medium,Yes,2,Medium,Low,Public,Negative,5,No,High School,Moderate,Female
16,76,Medium,Medium,No,8,84,High,Yes,1,High,High,Public,Neutral,4,No,High School,Near,Male
30,84,High,Medium,Yes,7,72,Medium,Yes,3,Medium,Medium,Public,Positive,2,No,High School,Near,Male
18,90,High,High,No,8,71,High,No,0,Low,Medium,Public,Neutral,3,No,High School,Near,Female
31,96,High,High,Yes,9,65,High,Yes,0,Low,Medium,Private,Positive,2,No,High School,Far,Male
25,97,Low,Medium,Yes,8,78,Medium,Yes,0,Medium,Medium,Public,Neutral,3,No,High School,Near,Male
23,91,High,Low,Yes,8,58,Medium,Yes,0,Medium,Medium,Public,Positive,2,No,High School,Far,Male
22,69,High,High,No,7,86,Low,Yes,1,High,Medium,Public,Positive,4,Yes,High School,Moderate,Female
22,61,High,Medium,No,6,77,Low,Yes,1,Medium,Medium,Public,Positive,4,No,Postgraduate,Moderate,Male
8,75,Medium,Medium,No,5,92,Medium,Yes,5,High,High,Public,Positive,4,No,High School,Moderate,Male
18,66,High,Medium,Yes,5,96,Medium,Yes,0,Low,Medium,Public,Neutral,5,No,High School,Moderate,Female
25,88,Medium,Medium,Yes,8,95,Low,Yes,1,High,High,Public,Neutral,4,No,High School,Near,Female
20,86,Medium,Medium,Yes,8,80,High,Yes,2,Medium,Medium,Public,Neutral,2,No,College,Near,Male
12,62,Medium,Medium,Yes,9,66,Medium,Yes,1,Low,Medium,Private,Neutral,2,No,College,Moderate,Female
20,93,Medium,Medium,Yes,8,68,Medium,Yes,1,Low,Low,Public,Neutral,3,No,High School,Moderate,Male
30,70,Medium,High,Yes,9,83,Medium,Yes,1,High,Medium,Private,Neutral,2,No,Postgraduate,Near,Female
27,77,Medium,Medium,Yes,7,86,Low,Yes,1,High,Medium,Public,Neutral,3,No,High School,Moderate,Male
20,87,High,Medium,Yes,8,58,Low,Yes,2,Low,Medium,Public,Negative,2,Yes,Postgraduate,Near,Male
26,77,Medium,Medium,Yes,5,100,Low,Yes,1,Low,High,Private,Positive,5,No,High School,Near,Female
18,78,Medium,High,No,7,55,High,Yes,0,High,Medium,Public,Negative,3,No,High School,Near,Male
10,63,Medium,Medium,No,4,80,Medium,Yes,0,Low,Medium,Public,Positive,3,No,College,Near,Male
14,76,High,Low,No,7,77,Low,No,2,High,Medium,Public,Positive,4,No,College,Near,Male
29,91,Medium,Medium,No,9,80,Low,Yes,0,Low,High,Public,Negative,4,No,High School,Near,Female
18,97,Low,Low,Yes,7,77,Medium,Yes,4,Low,Low,Private,Neutral,4,No,Postgraduate,Near,Male
19,77,High,Low,No,8,53,Medium,Yes,1,Low,Medium,Private,Positive,3,No,High School,Near,Male
18,77,Low,Medium,No,7,100,Medium,Yes,2,High,High,Private,Positive,3,Yes,High School,Near,Male
31,88,Low,Medium,Yes,6,99,Low,Yes,2,High,Low,Public,Negative,3,No,Postgraduate,Near,Male
30,98,Medium,High,No,7,76,High,Yes,1,Low,Medium,Public,Neutral,3,No,College,Near,Male
33,71,Medium,Low,Yes,9,60,Medium,Yes,0,Medium,Medium,Public,Positive,4,Yes,High School,Near,Male
19,78,Low,High,Yes,8,59,Medium,Yes,2,High,Medium,Public,Positive,1,No,High School,Near,Male
22,92,Medium,Medium,No,6,53,Medium,Yes,4,High,Medium,Public,Neutral,4,Yes,High School,Near,Male
11,84,High,Medium,No,5,81,Low,Yes,1,Low,Medium,Private,Negative,3,No,High School,Moderate,Female
29,64,Medium,High,Yes,7,74,Medium,Yes,0,High,Medium,Public,Positive,2,No,Postgraduate,Near,Female
13,85,Low,High,Yes,6,71,Medium,Yes,1,Low,Medium,Public,Positive,3,No,High School,Near,Female
21,67,High,Medium,Yes,7,76,Medium,Yes,1,Medium,High,Private,Neutral,2,Yes,High School,Near,Male
13,80,Medium,Medium,Yes,5,94,High,Yes,1,Medium,Medium,Private,Positive,3,No,High School,Near,Female
16,81,Medium,High,No,9,54,Medium,Yes,3,Medium,High,Public,Negative,3,No,Postgraduate,Moderate,Male
15,95,Medium,Medium,No,7,77,High,Yes,0,Low,Medium,Private,Neutral,3,No,High School,Near,Female
16,78,Medium,Low,No,7,85,Medium,Yes,4,Medium,Medium,Public,Neutral,2,Yes,High School,Near,Male
17,71,Medium,Low,Yes,6,99,Low,Yes,4,Medium,Medium,Public,Positive,3,Yes,Postgraduate,Near,Male
17,69,High,Medium,Yes,7,87,Low,Yes,2,Low,Medium,Public,Neutral,3,No,College,Near,Male
25,95,Medium,Medium,Yes,7,77,High,No,0,Low,High,Public,Neutral,3,No,Postgraduate,Near,Male
13,67,Medium,High,Yes,6,88,Medium,Yes,0,Low,Medium,Public,Neutral,3,No,College,Moderate,Female
21,77,High,Low,Yes,7,100,Low,Yes,2,High,High,Public,Positive,4,No,College,Near,Female
27,67,High,High,Yes,9,94,High,Yes,0,High,Low,Public,Positive,2,No,College,Near,Female
17,91,Low,Medium,Yes,4,54,High,Yes,3,Low,Medium,Public,Neutral,4,No,College,Moderate,Female
16,79,High,Medium,Yes,7,79,High,Yes,2,High,High,Public,Positive,2,No,High School,Moderate,Male
19,74,Medium,Low,Yes,6,89,Medium,No,0,High,Medium,Public,Neutral,2,No,High School,Moderate,Male
27,74,Medium,High,Yes,9,84,Low,Yes,3,High,Medium,Private,Negative,3,No,College,Near,Female
21,94,Medium,Medium,No,7,71,Low,No,1,Low,High,Private,Neutral,2,No,Postgraduate,Near,Male
17,82,Medium,Medium,Yes,5,66,Medium,Yes,1,Medium,Low,Public,Positive,3,No,High School,Near,Female
23,89,Low,High,No,7,81,Medium,Yes,2,Low,High,Public,Neutral,2,No,Postgraduate,Moderate,Male
13,96,Medium,High,No,8,71,Low,Yes,1,Medium,Low,Public,Positive,3,No,High School,Near,Male
24,96,Medium,Medium,No,10,70,Medium,Yes,0,High,Medium,Public,Negative,4,No,High School,Near,Female
22,73,Low,High,Yes,4,92,Medium,Yes,0,Low,Medium,Public,Positive,4,No,Postgraduate,Moderate,Male
18,98,Medium,High,Yes,5,66,Medium,Yes,0,Medium,Medium,Private,Negative,0,No,Postgraduate,,Male
15,61,High,Low,Yes,9,82,Medium,Yes,2,Medium,High,Public,Positive,2,No,Postgraduate,Near,Male
15,75,High,Medium,No,5,94,Low,No,1,Low,Medium,Public,Negative,3,Yes,High School,Moderate,Female
23,96,Medium,Medium,No,7,81,Medium,Yes,1,Low,Medium,Private,Positive,2,No,Postgraduate,Moderate,Male
27,71,High,Medium,Yes,6,75,Medium,Yes,2,Medium,High,Private,Neutral,4,No,High School,,Male
16,71,Medium,High,Yes,6,52,Low,Yes,0,High,High,Public,Neutral,1,No,High School,Far,Male
23,72,Low,Medium,Yes,7,84,High,Yes,0,Medium,Medium,Public,Positive,4,No,High School,Near,Male
7,84,Medium,High,Yes,7,100,Low,Yes,3,Low,Medium,Private,Negative,4,Yes,High School,Moderate,Male
16,78,Low,High,No,9,90,Medium,Yes,3,Low,Medium,Public,Negative,3,No,Postgraduate,Moderate,Male
20,89,High,Medium,Yes,9,82,Medium,Yes,2,High,High,Public,Neutral,3,No,College,Near,Female
15,96,High,High,Yes,8,73,Medium,Yes,3,Medium,Medium,Private,Negative,3,No,College,Near,Female
14,87,Medium,High,Yes,7,61,Medium,Yes,0,Low,Medium,Public,Neutral,3,No,High School,Far,Male
16,68,Medium,Medium,Yes,7,85,Medium,Yes,1,Medium,Medium,Public,Positive,2,No,College,Near,Female
22,97,Medium,High,Yes,8,59,Medium,Yes,1,Low,Medium,Public,Negative,3,No,High School,Near,Male
19,71,Medium,High,Yes,9,94,High,Yes,1,High,Medium,Private,Positive,4,No,High School,Near,Male
7,66,High,Low,Yes,8,68,High,Yes,0,Low,Medium,Public,Negative,2,Yes,College,Moderate,Male
7,64,Medium,High,No,9,70,High,Yes,4,Low,Low,Public,Neutral,4,Yes,High School,Far,Male
16,83,Low,Low,Yes,6,61,Medium,Yes,0,Medium,High,Public,Neutral,4,No,College,Near,Male
23,65,High,Medium,Yes,9,74,Medium,Yes,2,Medium,High,Private,Neutral,3,No,College,Moderate,Male
4,66,Low,High,No,8,84,Low,Yes,2,Low,High,Public,Neutral,3,No,Postgraduate,Near,Female
17,72,High,High,Yes,6,65,Low,Yes,3,Low,High,Public,Positive,2,No,Postgraduate,Far,Male
17,71,Medium,High,Yes,7,85,Low,Yes,2,Low,Low,Private,Negative,2,No,College,,Female
28,84,Medium,Medium,Yes,7,81,Medium,Yes,1,Medium,High,Public,Negative,3,No,College,Near,Male
18,93,Low,Medium,Yes,7,69,Medium,Yes,0,Low,Medium,Public,Neutral,2,No,College,Near,Male
22,90,Medium,Medium,Yes,7,66,Low,Yes,0,Low,Medium,Public,Positive,1,No,Postgraduate,Near,Male
21,70,High,Medium,Yes,5,93,High,Yes,1,Low,Medium,Public,Neutral,3,No,College,Near,Male
7,70,Medium,Medium,Yes,6,51,Medium,Yes,0,High,Medium,Private,Neutral,1,No,High School,Moderate,Female
25,99,High,High,No,7,86,Low,No,3,Medium,Medium,Public,Positive,3,No,College,Near,Female
21,60,Medium,Medium,Yes,6,71,Low,Yes,0,Medium,Low,Public,Negative,4,Yes,High School,Far,Male
23,95,High,Medium,No,6,86,Low,Yes,0,Medium,High,Public,Neutral,3,No,High School,Moderate,Female
44,68,High,Low,No,9,75,Low,Yes,3,Medium,High,Private,Negative,2,No,High School,Moderate,Female
7,98,Medium,Medium,No,7,54,High,Yes,0,Medium,High,Private,Neutral,2,No,High School,Near,Female
30,74,Medium,Low,No,10,99,Medium,Yes,1,High,Medium,Private,Positive,2,No,High School,Moderate,Male
18,78,High,Medium,Yes,7,54,Low,No,4,Low,High,Public,Neutral,4,Yes,College,Moderate,Female
22,88,Medium,Medium,Yes,9,58,Low,Yes,3,Low,Medium,Private,Negative,2,No,College,Moderate,Male
20,84,High,Low,No,7,71,Medium,Yes,5,Low,High,Private,Positive,2,No,High School,Far,Female
17,73,Medium,Medium,Yes,6,97,High,Yes,1,Medium,High,Public,Positive,3,No,High School,Near,Male
17,82,High,Medium,Yes,7,65,Medium,Yes,1,Medium,Medium,Public,Positive,5,No,High School,Near,Male
22,89,Low,Medium,Yes,9,78,Medium,Yes,0,Medium,Medium,Public,Positive,3,No,,Moderate,Male
11,62,High,Medium,Yes,7,76,High,Yes,3,High,Medium,Private,Neutral,3,Yes,High School,Moderate,Male
25,60,Medium,High,Yes,8,67,Medium,Yes,1,Medium,High,Public,Neutral,2,No,College,Near,Female
18,78,High,Low,Yes,7,85,High,Yes,3,Low,Low,Public,Negative,2,No,College,Near,Male
13,65,Medium,High,No,7,75,Low,Yes,2,Medium,High,Private,Neutral,4,No,High School,Moderate,Male
17,87,Medium,High,Yes,7,79,Medium,Yes,3,Low,Medium,Public,Neutral,4,Yes,High School,Near,Female
28,69,High,Low,No,6,61,Low,Yes,2,Medium,High,Public,Positive,1,Yes,High School,Near,Male
17,77,High,Medium,Yes,7,96,Medium,Yes,1,Low,Low,Private,Positive,3,No,College,Near,Male
22,68,High,High,Yes,8,56,Medium,No,3,Medium,Medium,Private,Positive,1,No,Postgraduate,Near,Male
16,82,Medium,Medium,Yes,7,85,Medium,Yes,1,High,Medium,Public,Neutral,4,No,High School,Near,Male
25,65,Medium,Low,No,7,94,Low,Yes,1,Low,High,Public,Positive,3,No,High School,Far,Male
24,61,Medium,Medium,No,8,54,Medium,Yes,1,Low,Medium,Public,Neutral,2,Yes,,Moderate,Male
31,62,Medium,Medium,Yes,7,51,Medium,Yes,2,Medium,Medium,Public,Neutral,1,No,College,Far,Female
19,98,Low,High,Yes,7,67,High,Yes,1,Medium,Medium,Private,Negative,4,No,High School,Moderate,Female
24,66,Medium,High,No,8,89,Medium,Yes,0,Medium,High,Public,Positive,2,No,College,Near,Male
21,88,High,Low,No,7,86,Medium,Yes,1,Low,Medium,Private,Positive,2,No,High School,Moderate,Male
28,63,Medium,Medium,Yes,7,91,Medium,Yes,1,Low,Medium,Private,Positive,1,No,High School,Far,Male
16,64,High,Medium,Yes,8,70,Low,Yes,3,High,High,Private,Negative,3,No,High School,Far,Female
24,80,Medium,High,No,7,100,Medium,Yes,1,High,High,Public,Neutral,3,No,Postgraduate,Moderate,Male
19,79,High,Medium,Yes,7,68,Medium,Yes,2,High,High,Public,Negative,1,No,College,Near,Female
20,98,Medium,High,Yes,7,90,Medium,Yes,2,Medium,Medium,Public,Positive,4,No,,Near,Male
21,98,High,Medium,Yes,7,68,High,Yes,0,Medium,Medium,Public,Positive,3,Yes,College,Near,Female
22,91,Medium,High,No,5,61,Medium,Yes,3,Low,High,Public,Neutral,2,No,Postgraduate,Far,Male
19,84,High,Medium,Yes,7,67,Low,Yes,0,Medium,Low,Public,Positive,3,No,Postgraduate,Near,Female
21,78,Medium,High,No,10,60,Medium,Yes,3,High,Medium,Public,Negative,5,No,High School,Moderate,Male
29,74,Medium,Medium,No,6,56,Low,Yes,2,Low,High,Public,Neutral,3,No,Postgraduate,Near,Female
26,98,Low,High,Yes,6,68,Medium,Yes,1,Low,Medium,Private,Neutral,1,No,Postgraduate,Moderate,Male
25,84,Medium,Medium,Yes,10,57,Low,Yes,4,Medium,Medium,Public,Positive,2,No,College,Near,Male
17,83,High,Medium,No,6,75,Medium,Yes,2,Medium,Medium,Public,Positive,3,Yes,High School,Near,Male
15,69,Low,Medium,Yes,9,52,Medium,Yes,0,High,Medium,Public,Neutral,3,No,College,Near,Female
26,62,High,Low,Yes,7,72,Low,Yes,1,Medium,Medium,Public,Neutral,3,No,College,Moderate,Female
25,98,Low,Medium,No,7,98,Medium,Yes,1,Medium,Medium,Public,Negative,4,No,Postgraduate,Near,Male
29,73,High,Medium,No,7,68,Low,Yes,1,Low,High,Private,Positive,4,Yes,High School,Moderate,Male
16,78,High,Low,Yes,8,57,High,Yes,1,Medium,Medium,Public,Negative,3,No,College,Near,Male
19,65,Medium,Low,Yes,5,65,High,Yes,1,High,Medium,Public,Positive,6,No,College,Moderate,Female
10,93,Low,Medium,Yes,7,90,Medium,Yes,0,Low,Medium,Private,Positive,2,No,High School,Near,Female
18,61,Medium,Medium,No,6,66,Medium,Yes,1,Medium,High,Public,Positive,2,No,High School,Moderate,Female
26,93,Low,Medium,No,4,69,Medium,Yes,2,Low,Medium,Public,Neutral,3,No,High School,Near,Male
17,66,Medium,Medium,Yes,9,89,Medium,No,1,Medium,High,Public,Positive,4,No,High School,Moderate,Female
24,95,Medium,Low,No,4,63,Low,Yes,3,Low,Medium,Public,Positive,3,No,High School,Near,Female
19,89,Medium,Low,No,10,74,Medium,Yes,1,Low,Medium,Public,Positive,2,No,High School,Moderate,Female
22,67,Low,High,Yes,8,53,Medium,Yes,0,Medium,High,Public,Negative,3,No,High School,Far,Male
13,83,Low,Low,No,5,59,High,Yes,4,Low,Medium,Private,Neutral,2,No,High School,Near,Female
21,73,Low,Medium,Yes,9,60,High,Yes,2,Medium,Medium,Public,Positive,3,No,College,Near,Male
2,67,Medium,Medium,No,6,73,Low,Yes,1,Low,Medium,Private,Positive,2,No,College,Moderate,Male
19,94,Medium,High,Yes,6,91,Medium,Yes,1,Low,Medium,Public,Negative,3,No,High School,Moderate,Male
10,76,Medium,Low,No,4,68,Medium,Yes,1,High,Low,Private,Neutral,6,No,College,Near,Male
27,76,Medium,High,Yes,6,69,High,Yes,0,Medium,High,Public,Neutral,1,No,,Near,Male
25,67,High,Medium,Yes,6,65,Medium,Yes,1,Low,Medium,Public,Negative,3,No,High School,Near,Male
23,75,Medium,Low,Yes,8,66,Medium,Yes,5,Medium,Low,Public,Neutral,3,No,High School,Near,Male
29,95,High,Medium,No,9,70,Medium,No,1,Low,Medium,Private,Positive,2,No,Postgraduate,Near,Female
14,75,Medium,Medium,Yes,5,95,Medium,Yes,0,Medium,Medium,Public,Positive,3,No,College,Moderate,Male
30,98,Low,Medium,No,7,51,High,Yes,0,Low,Medium,Public,Positive,2,No,High School,Near,Male
26,98,Medium,Medium,Yes,4,81,Low,Yes,1,Low,Medium,Public,Positive,4,No,Postgraduate,Near,Male
19,66,Medium,High,No,7,94,Low,Yes,1,High,Medium,Public,Positive,4,No,High School,Moderate,Female
27,67,High,Medium,Yes,10,71,Medium,Yes,1,Low,High,Public,Neutral,3,No,High School,Near,Female
13,95,Medium,Medium,Yes,4,83,Low,No,1,Low,High,Public,Neutral,4,No,College,Moderate,Male
15,76,High,High,Yes,5,79,Medium,Yes,4,Medium,Medium,Public,Neutral,4,No,Postgraduate,Moderate,Female
16,60,Medium,High,Yes,8,67,Low,Yes,0,Low,Medium,Public,Neutral,3,No,High School,Near,Male
17,71,Medium,Low,No,8,57,Medium,Yes,3,Medium,High,Private,Positive,4,No,High School,Near,Female
14,84,Low,High,No,6,61,Low,Yes,1,High,Medium,Public,Positive,2,No,College,Far,Male
27,92,Low,Medium,Yes,9,53,Low,Yes,2,Low,Medium,Public,Negative,2,No,College,Far,Male
18,65,Medium,Low,No,6,88,Medium,Yes,1,Medium,Medium,Private,Positive,1,Yes,College,Near,Male
22,64,Medium,Medium,Yes,10,77,High,Yes,5,Medium,Medium,Public,Neutral,3,Yes,High School,Near,Male
17,97,High,Low,Yes,8,89,Medium,Yes,1,Low,Medium,Public,Neutral,4,No,College,Near,Male
9,90,High,Medium,Yes,9,65,Low,Yes,3,Medium,Medium,Public,Positive,3,No,High School,Near,Female
22,84,Medium,Medium,Yes,8,90,Medium,Yes,2,Medium,Medium,Public,Positive,2,No,College,Near,Female
9,91,Medium,Medium,No,8,65,High,Yes,0,Medium,Medium,Public,Positive,4,No,High School,Moderate,Male
20,77,Low,Medium,No,8,56,Medium,Yes,1,Medium,High,Public,Positive,4,No,College,Moderate,Male
12,90,Medium,High,Yes,9,77,Medium,Yes,3,Medium,Medium,Public,Positive,3,No,Postgraduate,Near,Male
32,75,High,Medium,Yes,7,97,High,Yes,1,Medium,Medium,Private,Neutral,3,No,College,Moderate,Male
25,70,Medium,Medium,No,6,71,Low,Yes,0,Low,Medium,Public,Neutral,2,No,College,Near,Female
21,89,High,High,Yes,7,76,Medium,Yes,1,Medium,Medium,Public,Positive,2,No,High School,Near,Male
28,77,High,High,Yes,6,73,Low,Yes,3,Medium,High,Private,Negative,3,No,College,Near,Female
15,99,Medium,High,Yes,6,73,High,Yes,1,High,High,Public,Negative,5,No,Postgraduate,Near,Male
23,74,Low,Low,No,9,61,Low,Yes,0,Medium,Low,Public,Positive,4,No,Postgraduate,Near,Male
21,97,Medium,Medium,No,8,71,High,Yes,2,High,High,Public,Neutral,1,No,College,Moderate,Male
22,97,Low,Medium,No,8,75,Medium,Yes,1,Medium,Medium,Private,Positive,4,No,Postgraduate,Near,Male
28,70,Medium,Medium,Yes,9,87,Low,Yes,0,Low,Medium,Public,Neutral,3,No,High School,Moderate,Male
24,92,High,Low,No,8,57,Medium,Yes,3,Medium,Medium,Private,Positive,3,No,College,Near,Female
22,77,Medium,Medium,Yes,10,79,High,Yes,2,Medium,Low,Public,Neutral,2,No,High School,Near,Male
10,97,High,High,No,4,83,Low,Yes,1,Low,High,Public,Neutral,2,No,Postgraduate,Near,Male
14,78,High,Medium,Yes,6,69,High,Yes,0,Medium,Medium,Public,Positive,5,No,College,Moderate,Female
19,90,High,Medium,Yes,6,77,Medium,Yes,0,High,Medium,Public,Neutral,4,No,Postgraduate,Near,Male
21,79,Medium,Low,No,5,86,Low,Yes,1,High,,Private,Positive,2,No,High School,Moderate,Female
13,69,High,High,No,7,73,Low,Yes,1,Medium,Low,Private,Positive,2,No,High School,Far,Male
34,68,Medium,Medium,No,7,67,High,Yes,0,Medium,Medium,Private,Neutral,2,No,High School,Moderate,Male
29,77,Medium,Low,Yes,10,91,High,Yes,2,Low,Medium,Public,Negative,4,No,Postgraduate,Near,Female
24,90,High,High,No,8,99,High,Yes,0,Low,Medium,Public,Neutral,3,No,College,Moderate,Female
20,84,High,High,No,6,61,Medium,Yes,3,Medium,Medium,Private,Neutral,2,No,High School,Near,Male
19,88,Medium,High,No,8,94,High,Yes,1,Medium,Medium,Public,Neutral,3,No,High School,Moderate,Male
14,71,High,High,No,4,77,Medium,Yes,0,Medium,Medium,Public,Negative,3,No,High School,Near,Female
20,79,Medium,Medium,Yes,7,72,Low,No,1,Medium,Medium,Public,Negative,3,No,High School,Near,Male
22,62,Medium,High,Yes,7,95,Medium,Yes,2,Medium,Medium,Public,Negative,2,No,High School,Near,Male
13,93,Low,Medium,No,6,96,High,Yes,2,High,Medium,Private,Negative,3,No,High School,Near,Female
22,100,Medium,Medium,Yes,7,64,Medium,Yes,2,Low,Medium,Private,Positive,3,No,College,Near,Female
19,76,Medium,Low,Yes,6,68,Medium,Yes,2,High,Medium,Public,Positive,3,No,High School,Moderate,Female
9,60,Medium,Low,Yes,6,93,Medium,Yes,3,Low,High,Private,Neutral,2,No,High School,Moderate,Female
15,67,Medium,Medium,No,8,75,Medium,Yes,0,High,High,Public,Negative,4,No,Postgraduate,Near,Female
18,86,Low,Low,Yes,9,64,Low,Yes,3,Low,High,Public,Positive,3,No,High School,Near,Female
31,84,Low,Medium,Yes,8,98,Low,Yes,1,Medium,Medium,Public,Positive,4,No,Postgraduate,Near,Female
23,92,Medium,Medium,Yes,6,61,Low,Yes,4,Low,Medium,Public,Positive,4,No,College,Near,Male
12,70,Medium,Medium,Yes,6,81,Low,Yes,1,Low,Medium,Public,Negative,2,Yes,High School,Far,Male
23,91,Medium,Low,Yes,6,71,Medium,Yes,5,Low,High,Public,Neutral,3,No,High School,Moderate,Female
11,88,Medium,Low,Yes,7,73,Low,Yes,1,Medium,Low,Private,Neutral,3,Yes,College,Near,Female
26,73,Medium,Medium,No,6,55,Medium,Yes,1,Medium,Low,Public,Positive,4,No,Postgraduate,Near,Male
17,82,Low,Medium,Yes,9,63,Medium,Yes,2,Low,Medium,Private,Neutral,2,No,College,Moderate,Male
19,66,Medium,Low,No,7,58,Medium,Yes,5,Medium,Low,Public,Positive,4,No,College,Moderate,Female
28,78,High,Medium,No,8,87,Low,Yes,2,Low,Medium,Public,Positive,2,No,Postgraduate,Near,Male
12,95,Medium,High,Yes,5,85,Medium,Yes,2,High,Medium,Public,Negative,2,No,College,Near,Male
12,77,Medium,Low,Yes,6,90,Medium,Yes,2,Medium,Low,Public,Neutral,2,No,High School,Near,Female
16,94,Low,Medium,No,8,85,Medium,Yes,3,Low,High,Public,Neutral,2,No,High School,Near,Female
26,84,Medium,Medium,Yes,8,56,Medium,No,1,Medium,Medium,Public,Negative,2,No,College,Near,Female
11,68,Medium,High,Yes,5,99,Medium,Yes,1,High,Medium,Public,Neutral,4,No,Postgraduate,Near,Female
3,83,High,Low,Yes,7,59,Low,Yes,2,Medium,High,Public,Positive,5,No,High School,Moderate,Male
17,80,Medium,Medium,Yes,7,68,Medium,Yes,0,Medium,Medium,Private,Negative,5,Yes,College,Near,Female
23,76,Medium,High,Yes,6,85,Low,Yes,2,Low,Medium,Public,Positive,3,Yes,High School,Far,Male
27,65,Medium,Medium,Yes,8,57,Medium,Yes,2,Low,Low,Public,Negative,4,No,Postgraduate,Near,Female
17,77,Low,Medium,Yes,5,59,Medium,Yes,2,Medium,High,Private,Neutral,4,No,High School,Near,Male
18,63,High,Low,No,6,94,Medium,Yes,2,Medium,High,Public,Neutral,2,Yes,High School,Near,Male
27,64,Medium,High,No,8,67,Medium,Yes,0,Low,Medium,Public,Positive,3,No,High School,Near,Male
9,77,Low,High,Yes,7,83,Medium,Yes,1,Low,High,Private,Neutral,4,Yes,High School,Far,Male
18,72,Medium,Medium,Yes,7,93,Medium,Yes,1,Medium,Medium,Public,Positive,3,No,College,Near,Female
21,97,Medium,Low,No,7,99,Medium,Yes,1,High,Medium,Public,Negative,3,No,Postgraduate,Near,Female
23,75,Low,Low,Yes,8,61,High,Yes,2,Low,Medium,Public,Positive,2,No,High School,Far,Female
17,90,Medium,Medium,Yes,8,56,Low,Yes,0,Medium,Medium,Private,Neutral,4,No,College,Near,Female
20,81,Medium,Medium,No,8,87,Medium,Yes,1,High,Medium,Private,Neutral,3,No,High School,Near,Male
5,88,Medium,Medium,No,7,59,Medium,Yes,3,Low,Medium,Public,Negative,3,No,College,Near,Female
16,70,Low,Medium,Yes,6,79,High,Yes,0,High,High,Public,Negative,3,No,College,Near,Female
23,98,High,High,Yes,6,77,Medium,Yes,1,Low,High,Public,Neutral,1,No,Postgraduate,Near,Female
14,81,Low,Medium,Yes,5,78,Medium,Yes,2,High,High,Public,Positive,4,No,Postgraduate,Near,Male
20,93,Medium,Medium,Yes,6,82,Low,No,1,Medium,High,Public,Positive,3,Yes,High School,Moderate,Female
23,75,High,High,Yes,6,93,Medium,No,2,Medium,Low,Public,Neutral,3,No,Postgraduate,Moderate,Female
18,64,Low,Medium,Yes,9,64,Medium,Yes,4,Low,Medium,Public,Negative,4,Yes,High School,Near,Male
21,87,Low,High,Yes,5,78,High,Yes,1,Low,Medium,Private,Positive,2,No,High School,Near,Female
14,60,Low,Low,Yes,9,67,Low,Yes,3,High,High,Public,Positive,3,No,High School,Near,Female
19,79,Medium,High,Yes,7,66,Low,Yes,3,High,Medium,Public,Positive,3,Yes,High School,Near,Male
24,68,Low,High,No,7,51,Medium,Yes,0,Low,Low,Private,Neutral,4,No,High School,Near,Female
21,85,Medium,Medium,No,8,80,Medium,Yes,3,Low,High,Public,Positive,3,Yes,College,Moderate,Female
16,99,Medium,Medium,No,5,99,Low,No,0,Low,Medium,Private,Neutral,5,No,College,Moderate,Female
21,79,Medium,Low,Yes,6,88,Low,Yes,2,High,Medium,Public,Neutral,1,No,High School,Near,Male
24,93,Low,Medium,Yes,5,62,High,Yes,1,High,Medium,Private,Negative,3,No,College,Moderate,Female
8,80,High,Medium,No,6,86,Medium,Yes,2,Low,Medium,Public,Neutral,3,No,High School,Near,Male
27,80,Low,Low,No,6,65,Low,Yes,1,Low,Medium,Public,Positive,4,No,Postgraduate,Near,Male
18,97,Medium,High,No,9,88,Low,Yes,1,High,Medium,Public,Neutral,3,Yes,High School,Near,Female
23,96,Low,High,Yes,6,93,Low,Yes,5,Low,Medium,Public,Negative,4,No,High School,Near,Female
27,91,Low,High,No,4,67,Medium,Yes,1,High,High,Private,Neutral,2,No,High School,Moderate,Female
12,72,Medium,Medium,No,6,50,High,Yes,1,Low,Medium,Public,Positive,3,No,College,Near,Male
16,82,Medium,Medium,Yes,8,65,High,Yes,2,Low,Medium,Private,Positive,5,Yes,Postgraduate,Near,Male
18,69,Medium,High,Yes,9,60,Medium,Yes,3,Low,Medium,Public,Negative,2,No,College,Far,Female
15,78,Medium,Medium,Yes,7,81,Medium,Yes,0,Medium,Low,Public,Neutral,2,No,High School,Near,Male
30,79,High,Medium,No,6,65,Medium,Yes,1,Low,Medium,Public,Negative,4,No,Postgraduate,Near,Female
15,93,Medium,Medium,Yes,7,52,Medium,Yes,3,Low,Medium,Public,Negative,5,No,College,Near,Female
17,96,Medium,Medium,No,8,77,Medium,Yes,1,Medium,Medium,Public,Neutral,3,No,Postgraduate,Near,Female
21,77,Medium,Low,Yes,5,94,Low,Yes,1,Medium,High,Public,Negative,3,No,High School,Far,Male
13,61,Low,Low,No,7,73,Low,Yes,2,High,Medium,Public,Positive,2,No,High School,Near,Female
18,94,Medium,Medium,Yes,7,69,Medium,Yes,1,Medium,High,Public,Positive,2,No,High School,Far,Female
22,67,Medium,Medium,Yes,7,59,High,Yes,2,Low,High,Public,Positive,3,No,Postgraduate,Near,Male
18,85,Medium,High,No,7,69,Medium,Yes,2,Low,Medium,Private,Positive,4,No,High School,Near,Male
19,61,Medium,Medium,No,6,67,Low,Yes,1,Medium,Medium,Public,Positive,1,No,College,Near,Male
17,76,High,Medium,No,8,100,Low,No,0,High,Medium,Private,Neutral,4,No,High School,Moderate,Male
11,99,High,Medium,Yes,7,52,Medium,Yes,0,High,High,Private,Neutral,5,No,College,Near,Female
22,64,Medium,Medium,Yes,7,62,Medium,Yes,3,Low,Medium,Private,Neutral,4,No,Postgraduate,Moderate,Female
31,77,High,Low,Yes,5,53,High,Yes,1,Medium,Medium,Public,Neutral,2,No,High School,Near,Female
20,72,High,Low,Yes,8,93,Medium,Yes,4,Low,High,Public,Positive,2,No,High School,Near,Male
21,96,High,Medium,Yes,6,71,High,No,3,Medium,Medium,Public,Negative,3,No,High School,Near,Female
24,95,Medium,Low,Yes,9,90,Medium,Yes,3,Low,Low,Public,Positive,4,No,High School,Moderate,Male
12,70,High,Medium,No,5,85,High,Yes,1,High,Medium,Public,Positive,3,No,Postgraduate,Near,Female
30,63,Medium,High,Yes,8,96,Medium,Yes,4,Low,Medium,Private,Positive,3,No,Postgraduate,Near,Female
21,85,Medium,Medium,No,4,51,Low,Yes,2,Low,Medium,Public,Neutral,3,No,College,Near,Female
30,73,High,Low,No,4,60,Medium,Yes,0,Low,Low,Private,Positive,4,No,High School,Moderate,Female
16,87,High,High,Yes,6,85,Medium,Yes,2,Medium,High,Public,Neutral,1,No,High School,,Female
31,61,Medium,Medium,No,4,79,Medium,Yes,0,Low,Low,Public,Positive,3,No,High School,Moderate,Female
25,65,High,Low,Yes,8,85,Medium,Yes,2,Low,Medium,Public,Negative,3,No,Postgraduate,Near,Female
23,87,Medium,Low,No,7,79,Medium,Yes,2,Medium,Medium,Public,Neutral,2,No,High School,Far,Male
21,68,Medium,Medium,No,9,79,Low,Yes,1,High,High,Private,Negative,4,No,Postgraduate,Moderate,Female
19,94,Medium,Medium,No,7,97,Medium,Yes,0,Medium,Medium,Public,Neutral,3,No,High School,Near,Female
27,62,High,Low,No,7,96,Medium,Yes,2,Low,Medium,Public,Neutral,4,No,High School,Near,Male
21,69,High,Medium,Yes,7,52,Low,Yes,0,Low,Medium,Public,Negative,3,No,Postgraduate,Near,Male
8,100,High,High,Yes,6,71,Medium,Yes,0,Low,High,Public,Positive,2,No,Postgraduate,Near,Female
13,77,Low,Medium,Yes,6,76,Low,No,1,Medium,Low,Private,Neutral,4,No,College,Moderate,Male
19,88,Low,Medium,Yes,5,68,High,Yes,1,Low,Low,Public,Positive,5,No,High School,Moderate,Male
22,67,Low,Medium,No,8,52,Medium,Yes,1,Medium,Low,Public,Negative,2,Yes,College,Moderate,Female
20,84,Low,Low,No,7,74,Low,Yes,1,High,Medium,Public,Neutral,3,No,Postgraduate,Near,Female
27,89,Medium,Medium,Yes,7,99,Medium,Yes,0,Medium,High,Public,Positive,2,No,High School,Near,Female
8,73,Medium,High,Yes,10,54,Medium,Yes,2,Medium,Medium,Public,Positive,3,No,High School,Near,Male
21,93,Low,Low,Yes,6,91,Low,Yes,1,High,Medium,Public,Negative,3,No,Postgraduate,Near,Male
9,84,High,High,Yes,7,60,High,Yes,1,Low,Medium,Private,Positive,3,No,College,Moderate,Male
25,76,Medium,Medium,Yes,7,79,Medium,Yes,2,Medium,Medium,Public,Positive,2,No,College,Near,Male
19,82,High,Medium,No,9,69,Low,Yes,2,Medium,Medium,Private,Neutral,3,No,College,Moderate,Male
23,83,Medium,Low,No,7,67,Medium,Yes,3,Low,Low,Public,Negative,4,No,High School,Moderate,Female
15,67,Medium,Medium,Yes,7,94,Low,Yes,0,High,Low,Private,Positive,2,No,Postgraduate,Moderate,Male
28,76,Medium,Medium,Yes,10,99,High,Yes,1,Medium,Medium,Public,Neutral,3,No,High School,Near,Male
26,74,Medium,Medium,No,6,69,Medium,Yes,2,Low,High,Public,Positive,4,No,Postgraduate,Moderate,Male
24,76,Medium,Medium,Yes,7,82,Medium,Yes,2,Medium,Medium,Public,Positive,4,No,College,Far,Male
19,90,Medium,Medium,No,8,78,Medium,Yes,1,Low,Medium,Private,Neutral,3,No,High School,Moderate,Male
23,79,High,High,Yes,6,54,Low,Yes,1,Low,Medium,Public,Neutral,1,No,High School,Moderate,Male
16,98,High,Low,Yes,8,52,Medium,Yes,3,Low,High,Public,Neutral,3,No,College,Moderate,Female
25,72,Medium,Medium,No,6,89,Low,Yes,3,Low,High,Public,Neutral,5,No,High School,Near,Male
30,77,Medium,Low,Yes,9,70,Medium,Yes,0,Medium,High,Public,Neutral,1,No,High School,Moderate,Male
26,91,High,Medium,Yes,8,65,Low,Yes,0,Medium,High,Public,Neutral,2,No,High School,Moderate,Male
16,82,High,High,No,7,99,Low,Yes,3,Medium,Medium,Public,Positive,3,No,Postgraduate,Moderate,Male
22,82,Medium,Low,No,5,54,Medium,Yes,2,Medium,Medium,Public,Neutral,2,No,College,Moderate,Male
12,62,High,High,Yes,6,63,High,Yes,0,Low,Medium,Private,Negative,2,No,High School,Near,Male
23,76,Low,High,Yes,7,93,Medium,Yes,2,Low,Medium,Public,Negative,2,No,College,Near,Male
23,71,Low,Medium,Yes,8,71,Low,Yes,1,Low,Low,Public,Neutral,2,No,Postgraduate,Near,Female
9,100,Low,Low,No,7,79,Medium,Yes,1,Low,Medium,Public,Positive,2,No,Postgraduate,Near,Male
13,72,Low,High,Yes,8,52,Medium,Yes,3,High,High,Private,Positive,4,No,High School,,Male
18,95,Medium,High,No,8,96,Medium,Yes,3,Medium,Low,Public,Negative,6,No,Postgraduate,Near,Male
18,87,Low,Low,No,8,57,Medium,No,3,High,High,Public,Positive,4,No,High School,Near,Male
13,74,High,High,Yes,7,61,Medium,Yes,2,Low,Medium,Public,Positive,3,No,High School,Moderate,Male
22,82,Medium,High,Yes,7,58,Medium,Yes,0,Medium,Medium,Public,Negative,4,No,College,Near,Male
22,94,Medium,Medium,Yes,7,75,Low,Yes,0,Low,High,Public,Neutral,3,No,High School,Near,Male
19,95,Low,High,Yes,6,91,High,Yes,1,Medium,High,Public,Neutral,4,No,College,Near,Male
15,66,Medium,Medium,No,9,63,Medium,Yes,3,Medium,Medium,Private,Neutral,3,No,High School,Near,Male
26,74,Low,Medium,No,8,57,Medium,Yes,0,Medium,Medium,Private,Positive,1,No,High School,Near,Male
30,73,High,Medium,Yes,9,70,Low,Yes,0,Medium,Medium,Public,Negative,4,No,College,Near,Male
17,62,High,Low,No,6,99,Medium,Yes,2,Medium,Medium,Private,Negative,3,No,High School,Far,Female
16,84,Medium,High,Yes,8,51,Low,Yes,0,Medium,Medium,Public,Negative,3,No,Postgraduate,Near,Female
23,94,Low,Low,Yes,9,75,Medium,Yes,3,Low,Medium,Private,Neutral,2,No,Postgraduate,Moderate,Female
18,75,High,Medium,Yes,9,83,Medium,Yes,2,Low,Medium,Public,Positive,4,Yes,Postgraduate,Moderate,Female
19,90,Medium,High,Yes,5,90,Low,Yes,0,Low,Medium,Public,Neutral,2,No,College,Far,Female
24,85,Medium,Medium,Yes,7,87,High,Yes,2,Medium,Medium,Private,Neutral,2,No,High School,Near,Female
9,75,Medium,Medium,No,7,54,Low,Yes,2,Low,Medium,Public,Positive,4,No,High School,Near,Female
28,66,High,Medium,Yes,9,73,Medium,Yes,2,Low,Medium,Public,Positive,2,No,College,Near,Male
20,88,Medium,Medium,No,4,54,Low,Yes,0,High,Low,Public,Negative,4,No,High School,Near,Male
18,94,High,High,Yes,5,81,Medium,Yes,0,High,Low,Public,Negative,5,No,High School,Near,Female
19,87,Low,Medium,No,9,54,Low,Yes,3,Low,High,Public,Positive,4,No,High School,Moderate,Female
20,61,Low,Medium,No,6,52,Medium,Yes,2,Low,Low,Private,Negative,2,No,Postgraduate,Near,Male
10,69,Medium,Medium,Yes,5,65,Low,Yes,0,Medium,Medium,Private,Positive,3,No,High School,Near,Female
29,63,Low,Low,Yes,9,97,High,No,3,Medium,High,Public,Negative,3,No,High School,Near,Male
20,83,Medium,Low,Yes,5,85,Medium,Yes,1,High,High,Public,Neutral,2,No,College,Far,Male
23,90,Low,Low,No,9,50,Low,Yes,4,Medium,Medium,Private,Neutral,3,No,High School,Moderate,Male
26,64,Medium,Medium,No,5,64,Medium,Yes,2,High,Medium,Public,Negative,1,No,High School,Near,Male
14,94,Medium,Medium,No,5,51,Medium,Yes,0,Medium,High,Public,Neutral,3,No,College,Near,Male
23,82,High,Low,No,7,65,High,Yes,1,Medium,High,Public,Negative,3,No,High School,Near,Female
18,88,High,Low,Yes,6,84,Medium,Yes,1,Medium,High,Public,Positive,3,No,Postgraduate,Moderate,Female
25,99,High,Medium,Yes,7,88,Medium,Yes,3,Low,Medium,Private,Positive,4,No,College,Moderate,Female
7,63,High,High,Yes,10,90,Medium,Yes,0,Low,Medium,Private,Positive,2,Yes,High School,Moderate,Male
19,96,Medium,Medium,Yes,7,95,High,Yes,3,Medium,High,Private,Negative,3,No,College,Near,Female
16,65,Medium,Low,No,9,68,Medium,Yes,1,High,Medium,Public,Neutral,3,No,High School,Moderate,Male
23,76,High,High,No,7,93,Medium,Yes,0,Medium,Medium,Private,Negative,6,No,High School,Moderate,Male
23,94,Medium,High,No,8,86,Medium,Yes,1,Low,High,Public,Neutral,0,No,College,Far,Female
16,96,Medium,Medium,Yes,4,77,High,Yes,1,High,High,Public,Positive,2,No,High School,Near,Male
16,80,High,Medium,Yes,8,98,High,Yes,2,Medium,High,Private,Positive,4,No,Postgraduate,Near,Male
19,84,Medium,Medium,No,8,97,High,Yes,2,Medium,Medium,Public,Neutral,1,Yes,College,Near,Male
15,88,High,High,Yes,6,95,Medium,Yes,2,Low,Medium,Public,Negative,4,No,High School,Near,Female
25,93,Medium,Medium,Yes,10,60,Low,Yes,1,Medium,Medium,Public,Positive,3,No,College,Moderate,Male
18,65,Medium,High,Yes,6,60,Low,Yes,0,Medium,High,Private,Neutral,3,No,High School,Moderate,Female
3,92,High,Low,Yes,5,95,High,Yes,3,Medium,Medium,Public,Neutral,1,No,Postgraduate,Near,Female
18,79,Medium,Medium,No,8,70,High,Yes,3,Medium,Medium,Public,Positive,3,No,College,Near,Female
14,78,High,High,Yes,5,90,Medium,Yes,1,Medium,Medium,Public,Neutral,3,No,Postgraduate,Near,Female
10,77,High,High,No,7,84,Low,Yes,2,Low,High,Private,Neutral,1,No,High School,Far,Male
13,80,Medium,High,No,9,88,Medium,Yes,1,High,High,Public,Positive,3,No,Postgraduate,Near,Male
21,98,Low,High,Yes,8,51,Medium,Yes,0,Medium,Medium,Public,Neutral,3,No,High School,Near,Male
28,82,Medium,High,No,7,71,Low,Yes,1,Medium,High,Public,Neutral,3,No,High School,Near,Male
22,98,Medium,Medium,Yes,6,93,Medium,Yes,4,Low,Medium,Public,Neutral,4,No,High School,Near,Female
16,67,High,Medium,Yes,9,74,Medium,Yes,1,High,High,Public,Positive,3,No,Postgraduate,Moderate,Male
23,89,Low,Medium,No,5,85,Low,Yes,0,Low,Medium,Public,Positive,3,No,Postgraduate,Moderate,Male
17,92,Low,Medium,Yes,8,88,High,No,1,High,Medium,Public,Neutral,3,No,High School,Near,Female
16,87,Low,Medium,Yes,10,56,Low,Yes,2,Medium,High,Private,Neutral,0,No,Postgraduate,Moderate,Female
13,84,Medium,Medium,Yes,8,58,High,Yes,2,Low,Low,Public,Neutral,3,No,Postgraduate,Near,Female
9,83,High,Low,Yes,7,86,Medium,Yes,0,Low,Medium,Public,Negative,1,No,College,Far,Female
18,94,Low,Low,Yes,7,53,Low,Yes,3,Medium,High,Private,Neutral,2,No,High School,Near,Female
21,93,Medium,High,Yes,6,67,High,Yes,1,Medium,High,Public,Positive,3,No,Postgraduate,Near,Female
19,65,Medium,Low,Yes,6,96,Medium,Yes,2,Medium,High,Private,Neutral,2,No,Postgraduate,Near,Male
18,94,High,Low,No,7,79,High,Yes,2,High,Medium,Private,Neutral,4,No,High School,Near,Female
14,77,High,Medium,Yes,8,96,Medium,Yes,3,Medium,Medium,Public,Neutral,2,No,Postgraduate,Near,Male
24,70,High,Medium,Yes,9,65,Medium,Yes,3,Medium,Low,Private,Positive,3,No,High School,Moderate,Male
12,95,Low,Medium,Yes,4,82,High,Yes,2,Low,Medium,Public,Negative,3,No,High School,Moderate,Male
25,77,Medium,Low,No,4,64,Low,Yes,3,Low,Medium,Public,Neutral,4,Yes,College,Near,Female
14,92,High,Low,Yes,9,56,Low,Yes,1,Medium,Medium,Public,Neutral,4,No,High School,Moderate,Female
15,71,High,High,No,7,100,Low,Yes,2,Low,Low,Public,Neutral,4,No,High School,Near,Male
11,60,Medium,High,No,7,59,High,Yes,2,Low,Medium,Public,Positive,1,No,College,Moderate,Male
17,80,High,Low,Yes,8,59,Medium,Yes,0,High,High,Public,Negative,4,No,College,Near,Female
26,64,High,Medium,Yes,7,92,Low,Yes,2,Low,High,Private,Positive,4,No,College,Moderate,Female
23,90,Medium,Medium,Yes,10,90,Low,Yes,3,Low,Medium,Public,Positive,5,No,High School,Near,Male
26,71,Low,High,No,8,99,Medium,No,1,Medium,Medium,Public,Positive,3,No,College,Near,Male
23,78,Medium,Medium,Yes,6,54,High,Yes,0,Low,Medium,Public,Neutral,3,No,Postgraduate,Near,Female
13,63,High,Medium,No,6,55,High,Yes,0,Medium,Low,Public,Positive,4,No,Postgraduate,Near,Male
18,71,Medium,Medium,No,7,72,High,Yes,0,High,High,Public,Positive,5,No,College,Moderate,Female
15,91,High,Medium,No,6,80,Medium,Yes,0,Low,Medium,Private,Positive,3,No,Postgraduate,Near,Male
28,66,Medium,Medium,No,10,52,Low,Yes,0,Low,High,Public,Positive,3,No,High School,Near,Male
13,86,Low,Medium,No,7,58,Medium,No,0,Medium,Medium,Private,Positive,3,No,High School,Near,Male
25,97,Low,High,Yes,5,85,Medium,Yes,2,High,Medium,Public,Positive,2,No,,Near,Male
25,87,High,Medium,Yes,8,83,Medium,Yes,0,Medium,High,Private,Positive,4,No,College,Moderate,Male
31,92,Medium,Medium,Yes,9,54,Medium,No,1,Low,Medium,Private,Positive,3,No,College,Near,Male
18,64,Low,High,Yes,9,97,Medium,Yes,2,Medium,Medium,Public,Negative,3,No,High School,Moderate,Female
24,70,High,High,No,6,63,Low,No,0,Low,Medium,Public,Neutral,3,No,High School,Near,Male
34,96,Medium,Medium,Yes,5,94,High,Yes,1,Medium,High,Public,Negative,5,Yes,High School,Moderate,Female
16,89,High,Medium,No,9,96,Medium,Yes,2,Medium,Low,Public,Positive,3,No,College,Far,Male
11,86,Medium,Medium,No,5,75,Medium,Yes,1,Medium,Low,Public,Neutral,4,No,Postgraduate,Moderate,Female
9,87,Low,Low,No,8,71,Low,No,0,Low,High,Public,Neutral,1,No,College,Moderate,Male
24,77,Medium,Medium,Yes,6,64,Medium,Yes,2,High,Medium,Public,Positive,4,No,High School,Near,Male
9,62,High,High,Yes,9,90,High,Yes,4,High,Medium,Public,Neutral,4,No,College,Far,Male
18,91,Low,Medium,Yes,5,60,Low,Yes,0,High,High,Private,Positive,4,No,High School,Moderate,Male
23,87,High,Low,No,6,81,Low,Yes,5,Medium,High,Private,Neutral,2,No,High School,Far,Female
21,79,Medium,Low,Yes,8,78,Low,Yes,1,Low,High,Public,Positive,4,No,College,Moderate,Female
23,96,Medium,Medium,Yes,8,62,Medium,Yes,0,Low,High,Public,Neutral,4,No,High School,Moderate,Female
21,73,Medium,Medium,Yes,9,99,Medium,Yes,2,Medium,High,Public,Neutral,3,No,Postgraduate,Near,Male
28,72,High,Medium,Yes,8,92,Low,Yes,1,Medium,Medium,Public,Negative,2,No,High School,Near,Female
14,95,Medium,Medium,Yes,8,51,Medium,Yes,5,Medium,Medium,Private,Positive,4,No,College,Near,Female
16,92,Medium,Low,No,9,71,High,Yes,2,Low,Medium,Private,Neutral,2,No,High School,Moderate,Female
15,81,High,Medium,No,5,68,Low,No,0,Medium,High,Public,Positive,3,No,High School,Near,Female
25,65,Low,Medium,No,6,94,Medium,Yes,1,Low,High,Public,Negative,4,No,College,Near,Male
25,69,Low,Medium,Yes,5,63,Medium,Yes,1,High,Medium,Private,Neutral,2,No,High School,Near,Male
23,86,Low,Medium,Yes,4,100,Medium,Yes,0,Low,High,Public,Negative,3,No,Postgraduate,Near,Male
27,75,Medium,Medium,No,8,60,Medium,Yes,4,Medium,Medium,Public,Positive,2,No,Postgraduate,Moderate,Female
13,93,Medium,High,No,9,62,Low,Yes,0,Low,Medium,Private,Neutral,3,No,High School,Moderate,Male
30,98,High,High,Yes,8,83,High,No,1,Low,High,Public,Neutral,3,No,High School,Near,Female
29,92,Medium,High,No,8,58,Low,Yes,2,Medium,Low,Private,Neutral,3,No,College,Near,Male
24,75,Medium,Low,No,7,94,Medium,Yes,2,Medium,High,Public,Negative,4,No,High School,Near,Male
31,92,High,Medium,Yes,7,55,Medium,Yes,3,Low,High,Public,Positive,3,No,High School,Near,Male
10,74,Medium,Medium,Yes,10,99,High,Yes,2,Medium,High,Public,Neutral,3,No,College,Near,Male
17,67,High,High,Yes,9,94,Medium,Yes,2,Low,Low,Private,Positive,3,No,High School,Near,Female
16,61,Medium,High,No,6,92,High,Yes,4,High,High,Public,Neutral,3,No,High School,Near,Male
24,75,Low,High,Yes,9,70,High,Yes,5,High,High,Public,Negative,5,No,College,Near,Female
14,96,Medium,Low,No,9,76,Medium,Yes,0,Low,High,Public,Neutral,3,No,High School,Moderate,Male
25,70,Low,High,No,8,73,High,Yes,1,Low,Low,Public,Negative,2,No,Postgraduate,Near,Male
28,68,Low,High,Yes,8,99,Medium,Yes,1,High,Medium,Public,Neutral,3,No,High School,Near,Female
24,99,Medium,Low,Yes,8,52,Low,Yes,1,Low,High,Public,Negative,2,No,High School,Near,Male
22,61,Medium,Medium,Yes,5,69,Low,Yes,2,Low,High,Public,Neutral,2,No,,Far,Female
14,91,Low,Medium,No,5,98,High,Yes,0,High,High,Public,Neutral,3,No,High School,Near,Female
15,73,Medium,Medium,No,8,68,Medium,Yes,1,High,Medium,Public,Neutral,3,No,,Near,Female
27,61,Medium,Medium,No,5,70,Medium,Yes,2,Low,Low,Public,Neutral,2,No,College,Near,Male
25,97,Medium,High,Yes,5,82,High,Yes,1,Low,High,Public,Negative,5,No,College,Moderate,Male
20,66,Low,High,Yes,4,95,High,Yes,2,High,Medium,Public,Neutral,2,No,High School,Moderate,Female
17,82,Medium,High,No,6,65,Low,Yes,4,Low,Medium,Private,Positive,3,No,High School,Moderate,Female
8,71,High,Medium,Yes,8,97,Medium,Yes,3,Medium,Medium,Private,Neutral,1,Yes,High School,Near,Female
14,63,Medium,Medium,Yes,8,64,High,Yes,1,Low,Medium,Public,Neutral,3,No,High School,Moderate,Male
31,62,Medium,Medium,Yes,8,91,High,Yes,4,High,High,Public,Positive,4,No,High School,Moderate,Male
12,65,Low,Medium,Yes,6,64,Medium,Yes,1,Medium,Medium,Public,Positive,3,No,College,Near,Female
21,63,Medium,Low,Yes,7,54,Low,Yes,1,Medium,Medium,Private,Positive,3,No,College,Moderate,Female
26,90,High,High,Yes,8,91,Medium,Yes,1,High,High,Private,Neutral,4,Yes,High School,Near,Male
12,79,Medium,Medium,No,8,73,Medium,Yes,2,Medium,Medium,Private,Neutral,4,No,High School,Near,Male
21,74,Low,Low,Yes,6,70,Low,Yes,2,Low,High,Public,Positive,3,No,High School,Moderate,Female
26,77,Low,Low,No,7,71,Medium,Yes,1,Medium,High,Public,Neutral,4,No,Postgraduate,Moderate,Male
20,97,High,High,Yes,4,81,Medium,Yes,1,Medium,Medium,Public,Positive,2,Yes,High School,,Male
37,96,High,Medium,Yes,7,63,Medium,Yes,0,Medium,High,Private,Positive,4,No,High School,Near,Male
10,89,Medium,Medium,Yes,6,62,Medium,Yes,4,Low,Medium,Public,Positive,3,No,Postgraduate,Moderate,Male
26,95,Medium,High,No,9,74,Low,Yes,3,Low,Medium,Private,Neutral,3,Yes,High School,Near,Female
19,73,High,Medium,No,6,52,Medium,Yes,1,Medium,Medium,Public,Positive,3,No,High School,Near,Male
25,75,Low,Low,Yes,7,82,Medium,Yes,3,Medium,High,Private,Negative,4,No,Postgraduate,Near,Male
23,85,Medium,Medium,Yes,6,91,Low,Yes,1,Low,High,Public,Neutral,3,No,High School,Far,Male
16,85,High,Low,Yes,6,86,Low,Yes,3,High,High,Private,Neutral,2,No,High School,Far,Male
21,79,Medium,Low,No,8,73,Medium,Yes,1,Low,Low,Public,Neutral,2,No,High School,Near,Female
9,76,Low,High,No,6,78,Low,No,0,Medium,Medium,Public,Negative,4,Yes,Postgraduate,Near,Male
24,99,Medium,Medium,No,10,51,Low,Yes,1,Low,Medium,Public,Neutral,3,No,,Near,Male
22,93,High,Medium,Yes,4,96,High,Yes,1,High,Low,Private,Positive,2,No,College,Near,Male
24,77,Medium,Medium,Yes,8,78,Low,Yes,2,High,High,Private,Positive,3,No,High School,Moderate,Male
26,89,High,Medium,No,7,66,Medium,Yes,0,Low,Medium,Public,Neutral,5,Yes,College,Near,Male
22,71,Medium,Medium,No,7,65,Low,Yes,1,Low,Medium,Public,Neutral,3,No,College,Near,Male
21,64,High,Low,Yes,7,83,High,Yes,2,Low,Low,Public,Neutral,3,No,High School,Moderate,Female
15,74,High,Medium,Yes,8,79,Medium,Yes,0,High,Medium,Public,Negative,3,No,College,Near,Male
16,76,Medium,Medium,No,7,59,Low,Yes,0,Low,Medium,Public,Neutral,2,No,College,Near,Female
27,61,Medium,Medium,Yes,9,70,Medium,Yes,0,Medium,Medium,Public,Neutral,2,No,High School,,Male
29,93,Medium,Medium,Yes,7,84,Medium,Yes,0,High,Medium,Public,Neutral,3,No,College,Moderate,Male
19,74,Medium,Low,Yes,5,65,High,No,1,Low,High,Public,Positive,3,No,High School,Near,Male
20,83,Medium,Medium,Yes,7,75,Medium,Yes,0,Medium,Medium,Public,Neutral,4,No,High School,Near,Female
15,63,High,High,Yes,9,63,Low,No,4,High,High,Private,Negative,3,No,College,Near,Male
27,67,Low,Medium,No,6,54,Medium,Yes,0,Medium,Low,Private,Negative,2,No,High School,Far,Male
24,96,Medium,High,Yes,5,69,Medium,Yes,1,Low,Medium,Public,Positive,4,No,High School,Near,Male
32,84,Medium,Medium,Yes,8,87,Medium,No,2,Medium,Medium,Public,Positive,1,No,High School,Far,Male
15,98,Medium,High,No,8,61,Medium,Yes,4,Low,Medium,Public,Positive,2,No,High School,Moderate,Female
18,100,Medium,Medium,No,6,88,Medium,Yes,2,Medium,Medium,Public,Neutral,2,No,College,Moderate,Male
21,75,High,High,No,7,83,Low,Yes,1,Medium,Medium,Public,Positive,2,No,College,Near,Female
24,72,Medium,Medium,No,7,75,Medium,Yes,3,High,Medium,Private,Neutral,2,No,College,Near,Female
19,94,High,High,No,7,99,Medium,Yes,0,Low,Medium,Public,Neutral,1,Yes,High School,Near,Male
15,100,High,High,No,8,94,High,Yes,2,Medium,High,Public,Negative,3,No,College,Near,Male
25,85,High,Medium,No,6,78,Low,Yes,2,Medium,High,Public,Neutral,1,No,High School,Far,Female
24,92,Medium,High,No,8,78,High,Yes,0,Medium,Medium,Public,Neutral,3,No,High School,Near,Male
15,91,Low,Medium,No,6,64,Low,Yes,1,Low,High,Public,Positive,3,Yes,High School,Near,Male
28,74,Medium,Medium,No,9,96,Low,Yes,0,Medium,Medium,Private,Neutral,3,No,High School,Near,Female
27,83,Medium,Medium,No,10,95,Medium,Yes,0,High,Low,Private,Neutral,4,No,High School,Moderate,Female
21,93,High,Low,No,6,87,Medium,Yes,1,Low,High,Public,Positive,2,No,High School,Near,Female
20,88,Medium,Medium,No,5,56,Medium,Yes,1,Low,Medium,Public,Neutral,4,No,,Near,Female
23,61,Medium,High,Yes,8,85,Medium,Yes,1,Medium,High,Private,Positive,0,No,High School,Near,Male
15,73,Medium,High,No,7,63,Medium,Yes,2,Medium,Medium,Public,Neutral,5,No,Postgraduate,Moderate,Male
20,66,Medium,High,Yes,8,59,Low,Yes,4,Medium,Medium,Public,Positive,3,No,College,Near,Male
7,69,Low,Medium,Yes,6,88,Medium,Yes,0,Low,High,Private,Negative,4,No,Postgraduate,Near,Female
25,96,Low,Medium,No,7,98,Medium,Yes,0,Low,Medium,Public,Positive,2,No,High School,Near,Female
11,61,High,Low,Yes,6,55,Medium,Yes,5,High,Low,Public,Neutral,3,No,High School,Far,Male
29,69,Medium,Medium,Yes,7,58,Medium,Yes,1,Low,Low,Public,Positive,2,No,College,Near,Male
18,72,Low,Low,Yes,5,61,Low,Yes,1,Medium,Medium,Private,Negative,4,No,College,Moderate,Male
19,85,Medium,Medium,Yes,7,98,High,Yes,2,Medium,Medium,Public,Negative,3,Yes,High School,Moderate,Female
16,81,Medium,High,Yes,5,85,High,No,2,Low,Medium,Public,Positive,3,No,College,Near,Male
18,69,Medium,Medium,Yes,6,84,Medium,Yes,2,Low,Medium,Public,Positive,4,No,High School,Near,Male
29,67,High,Low,No,7,75,Medium,No,3,Low,Medium,Public,Neutral,1,No,High School,Near,Female
5,69,Medium,Medium,Yes,8,77,Medium,No,2,Low,High,Public,Negative,2,No,College,Near,Female
28,80,Low,Medium,No,8,65,Low,Yes,2,Low,Medium,Private,Neutral,2,No,College,Near,Male
22,71,High,Medium,No,8,58,Medium,No,2,Low,Medium,Public,Negative,4,No,College,Near,Female
13,98,High,Medium,Yes,5,89,High,Yes,1,High,Medium,Public,Negative,3,No,High School,Near,Male
14,79,Medium,Medium,No,9,74,Medium,Yes,1,Medium,Medium,Public,Neutral,4,No,High School,Near,Male
30,62,Medium,High,Yes,6,63,Medium,Yes,2,Low,High,Public,Positive,4,No,High School,Moderate,Male
14,89,High,Medium,No,6,82,High,Yes,2,Medium,Medium,Public,Negative,4,No,College,Moderate,Female
13,73,Medium,High,Yes,7,60,High,Yes,0,High,High,Public,Neutral,3,No,College,Near,Female
27,86,Medium,Medium,No,6,74,Medium,Yes,2,High,High,Private,Neutral,3,No,High School,Near,Male
22,71,Medium,Medium,Yes,8,60,Low,Yes,1,Medium,High,Public,Neutral,4,No,High School,Moderate,Female
14,83,Medium,High,Yes,8,88,Low,Yes,0,High,Medium,Public,Negative,2,Yes,High School,Moderate,Male
21,91,Medium,Medium,Yes,6,66,High,Yes,0,Medium,Medium,Public,Positive,2,Yes,College,Far,Female
14,97,Medium,Low,No,7,72,High,Yes,1,Low,Low,Public,Neutral,3,No,High School,Near,Female
27,70,Low,Low,Yes,7,88,Medium,No,1,High,Medium,Public,Neutral,3,No,High School,Near,Male
26,73,High,High,Yes,8,83,Low,Yes,2,Medium,Medium,Public,Positive,4,No,College,Near,Male
23,79,Low,Medium,Yes,6,70,Medium,Yes,3,Medium,High,Public,Negative,4,No,Postgraduate,Moderate,Female
22,97,Medium,Medium,Yes,6,54,Medium,No,2,High,Medium,Public,Neutral,2,No,College,Near,Male
31,96,Medium,Low,No,5,96,Low,Yes,3,Low,High,Private,Neutral,2,No,College,,Female
20,64,High,Low,Yes,6,50,High,Yes,0,Low,Medium,Private,Neutral,2,No,High School,Near,Male
13,65,Medium,High,No,5,87,Low,Yes,1,Medium,Medium,Public,Positive,2,Yes,High School,Moderate,Female
23,80,High,High,Yes,6,97,Medium,Yes,0,Medium,Medium,Private,Neutral,3,No,High School,Near,Male
33,64,Low,Medium,Yes,9,65,Medium,Yes,0,Medium,,Public,Negative,2,No,College,Moderate,Male
14,74,Medium,Medium,Yes,8,54,High,Yes,2,Low,Low,Public,Neutral,2,No,High School,Moderate,Male
18,66,High,High,No,9,62,Medium,Yes,2,High,Medium,Public,Neutral,4,No,High School,Moderate,Female
22,85,High,Medium,No,6,66,Low,Yes,0,Low,Medium,Private,Positive,4,No,College,Near,Male
20,98,Medium,High,Yes,4,73,Medium,Yes,2,Medium,Low,Private,Positive,1,No,High School,Far,Male
14,100,Medium,Low,No,7,76,Low,Yes,1,Medium,Medium,Private,Neutral,3,No,Postgraduate,Near,Female
27,75,Low,Medium,No,10,86,Medium,No,3,Medium,Medium,Private,Positive,6,No,Postgraduate,Near,Female
34,84,Medium,High,Yes,6,95,Medium,Yes,1,Low,Medium,Private,Neutral,3,No,Postgraduate,Far,Male
21,94,Medium,Medium,Yes,7,73,Medium,Yes,1,Medium,Medium,Private,Positive,5,No,College,Near,Female
15,65,Low,High,Yes,5,87,Medium,Yes,0,Low,High,Private,Neutral,4,No,High School,Near,Female
11,88,High,Medium,Yes,7,56,Low,Yes,2,Medium,Medium,Public,Neutral,2,No,College,Near,Male
22,76,High,Low,Yes,7,66,Low,Yes,1,Low,High,Private,Positive,4,No,Postgraduate,Near,Male
27,68,Low,High,No,4,56,Medium,Yes,0,Low,High,Public,Neutral,1,No,,Near,Female
23,76,Medium,Low,Yes,5,85,Medium,Yes,1,Medium,Low,Public,Neutral,3,No,High School,Near,Female
20,63,High,High,Yes,5,95,Medium,Yes,2,High,High,Public,Positive,3,No,College,Near,Male
16,88,Medium,High,Yes,5,94,High,Yes,4,Medium,Medium,Private,Positive,6,No,College,Moderate,Male
13,70,Medium,High,Yes,6,66,Medium,Yes,1,Medium,Medium,Public,Negative,4,No,High School,Near,Male
25,72,Medium,High,Yes,8,62,Medium,Yes,2,Low,Medium,Public,Positive,2,No,High School,Near,Female
25,65,Low,Medium,No,6,64,Medium,Yes,1,Medium,Medium,Private,Negative,4,No,College,Near,Male
11,95,Medium,Medium,Yes,9,64,High,Yes,4,Low,Medium,Public,Positive,4,No,High School,Moderate,Male
30,80,High,High,No,6,54,High,Yes,1,High,Medium,Public,Positive,3,No,High School,Moderate,Female
23,83,Medium,Low,Yes,7,57,Medium,No,2,Medium,High,Public,Positive,4,No,High School,Moderate,Female
28,83,Medium,Low,No,8,61,Medium,Yes,1,Low,Medium,Private,Negative,5,Yes,Postgraduate,Near,Male
12,76,Medium,Medium,Yes,9,50,Medium,Yes,2,Medium,High,Public,Negative,3,No,College,Near,Male
12,68,High,Low,No,6,52,Low,Yes,5,High,High,Public,Neutral,3,No,College,Near,Male
19,90,High,High,No,8,85,Medium,Yes,2,Medium,Medium,Public,Neutral,4,No,College,Near,Male
23,65,Low,Medium,Yes,6,81,Low,Yes,2,Low,Medium,Public,Neutral,2,No,High School,Near,Female
31,64,High,Medium,No,10,97,Low,Yes,2,Medium,Medium,Private,Negative,4,No,High School,Far,Female
24,88,Low,Medium,Yes,5,70,Medium,No,1,Low,Medium,Private,Positive,2,No,Postgraduate,Near,Male
19,68,Low,High,Yes,8,72,High,Yes,2,Low,High,Private,Neutral,3,No,College,Far,Male
14,72,Medium,High,No,9,53,Medium,Yes,4,Medium,Medium,Public,Negative,3,No,Postgraduate,Near,Male
27,79,Medium,Low,Yes,5,58,High,Yes,2,Medium,Medium,Private,Neutral,1,No,Postgraduate,Far,Female
14,78,Medium,High,Yes,8,85,Medium,Yes,2,Low,Medium,Private,Negative,4,No,High School,Near,Male
30,88,Medium,Medium,Yes,6,62,High,Yes,4,Low,Medium,Private,Positive,5,No,College,Far,Female
18,85,Low,Medium,Yes,10,89,Medium,Yes,1,High,Medium,Private,Positive,3,No,High School,Near,Female
30,86,Medium,High,No,4,85,High,Yes,2,Medium,Medium,Private,Neutral,5,Yes,Postgraduate,Far,Male
24,89,Medium,Medium,Yes,5,87,Medium,No,3,High,Medium,Public,Neutral,0,No,High School,Near,Female
19,72,Medium,Medium,Yes,5,85,High,Yes,1,Low,Medium,Private,Neutral,4,No,College,Near,Female
17,73,Low,Medium,Yes,5,85,High,Yes,3,Medium,Medium,Public,Positive,1,No,College,Near,Female
18,78,Low,Low,Yes,8,77,Medium,Yes,2,Medium,High,Private,Neutral,4,No,College,Near,Female
23,72,High,Low,Yes,10,84,Low,Yes,2,Low,Medium,Public,Negative,2,No,High School,Moderate,Male
20,99,High,Low,Yes,9,76,High,Yes,2,Low,Medium,Public,Neutral,5,No,College,Far,Male
16,93,Low,Medium,Yes,7,60,Medium,Yes,1,Medium,Medium,Public,Positive,1,No,High School,Moderate,Female
19,67,Medium,Low,No,7,61,High,Yes,1,Medium,,Private,Neutral,4,No,College,Moderate,Female
20,60,Medium,Medium,Yes,6,70,Medium,Yes,2,Low,Medium,Public,Neutral,3,Yes,Postgraduate,Near,Female
7,62,High,Medium,Yes,8,51,Low,Yes,0,Medium,Low,Public,Positive,3,No,College,Moderate,Male
23,70,Medium,High,No,7,94,Low,Yes,3,Medium,High,Public,Neutral,3,No,,Near,Female
14,65,High,Medium,No,7,63,Medium,Yes,2,Low,Medium,Public,Neutral,3,No,High School,Moderate,Male
13,81,Medium,High,No,6,53,Low,Yes,2,Low,Medium,Public,Positive,4,No,High School,Near,Male
10,94,High,Low,No,5,71,Medium,Yes,1,High,Medium,Public,Positive,3,No,High School,Moderate,Male
9,89,Low,High,Yes,7,91,Medium,Yes,1,High,Low,Public,Neutral,3,No,Postgraduate,Near,Male
12,69,High,Low,No,7,70,Medium,Yes,1,Medium,Medium,Private,Positive,4,No,High School,Near,Male
16,76,Medium,High,Yes,6,63,High,Yes,0,Low,Medium,Public,Positive,1,No,High School,Near,Female
32,80,High,Medium,No,6,77,Low,Yes,0,Medium,Medium,Public,Neutral,5,No,College,Near,Male
17,92,Medium,Medium,Yes,8,79,Medium,Yes,1,Low,Medium,Public,Positive,3,No,Postgraduate,Near,Male
21,94,Medium,Medium,No,8,88,Medium,Yes,1,Medium,Medium,Public,Positive,3,No,College,Near,Male
22,96,High,Low,No,10,90,High,Yes,2,Low,Medium,Public,Neutral,3,Yes,College,Moderate,Male
21,80,High,High,Yes,9,85,Low,Yes,1,High,Medium,Public,Negative,3,No,College,Near,Female
20,88,Medium,High,Yes,5,50,Medium,No,2,Low,Medium,Public,Neutral,5,No,High School,Moderate,Male
13,64,Medium,Low,Yes,7,50,High,Yes,0,Medium,Low,Public,Positive,4,No,High School,Near,Male
29,83,High,High,No,5,99,Medium,Yes,0,Medium,High,Public,Neutral,4,No,College,Near,Female
31,70,High,Low,Yes,4,63,High,Yes,1,Medium,Medium,Public,Neutral,2,Yes,High School,Near,Female
10,77,Low,High,Yes,10,64,High,Yes,1,Low,Medium,Private,Negative,3,Yes,College,Near,Female
14,85,Medium,High,No,9,87,High,Yes,0,Medium,Medium,Public,Negative,3,No,College,Near,Female
18,70,High,Low,No,6,79,Medium,Yes,1,Medium,High,Public,Positive,2,No,College,Near,Female
14,62,Medium,Medium,No,9,73,Medium,Yes,1,Low,Medium,Public,Neutral,6,No,High School,Near,Male
23,60,High,Medium,Yes,9,56,Low,No,0,Low,Medium,Private,Negative,4,No,High School,Moderate,Female
16,61,High,Medium,No,4,54,Low,Yes,1,Low,Medium,Private,Neutral,2,No,High School,Near,Female
33,60,High,High,No,8,85,Low,Yes,4,Low,Low,Public,Negative,3,No,High School,Near,Male
27,64,High,Medium,Yes,6,56,Low,Yes,0,Low,High,Public,Neutral,5,No,College,Moderate,Female
21,70,High,High,Yes,8,72,Low,Yes,3,Medium,Low,Public,Neutral,1,No,Postgraduate,Moderate,Female
26,69,High,Low,No,10,87,Low,Yes,2,Medium,Low,Public,Positive,2,No,Postgraduate,Near,Male
27,99,High,Medium,No,9,96,Low,Yes,0,High,Medium,Private,Positive,2,No,College,Moderate,Male
17,72,Low,Medium,No,7,94,Low,Yes,4,Medium,Medium,Public,Positive,2,No,High School,Far,Female
15,65,Medium,High,Yes,9,93,Low,Yes,2,Low,Low,Private,Neutral,3,No,College,Near,Male
20,82,Medium,Low,Yes,4,68,Medium,Yes,2,Low,High,Public,Neutral,3,No,High School,Near,Male
25,94,High,High,No,8,96,High,Yes,6,Medium,Medium,Public,Negative,3,Yes,High School,Far,Female
21,87,Medium,Medium,Yes,8,84,High,Yes,1,Low,Low,Private,Positive,2,No,College,Near,Male
11,72,Low,Medium,No,8,94,High,Yes,1,Low,Low,Public,Positive,2,No,High School,Near,Male
15,82,Medium,Medium,Yes,6,54,Medium,Yes,1,Medium,Medium,Public,Positive,2,No,College,,Female
20,89,High,High,Yes,8,52,Low,Yes,2,Medium,Medium,Public,Negative,3,No,College,Moderate,Female
20,89,High,Medium,Yes,8,71,Medium,Yes,1,Medium,Medium,Public,Negative,1,No,Postgraduate,Far,Male
32,87,High,Medium,Yes,4,91,Medium,Yes,2,High,Medium,Public,Neutral,2,No,High School,Moderate,Female
12,95,Medium,Medium,No,7,70,Medium,Yes,4,Medium,High,Public,Positive,3,No,High School,Far,Male
23,95,Medium,Medium,Yes,6,94,High,Yes,2,Medium,Medium,Public,Neutral,3,No,High School,Near,Male
29,83,Medium,Low,No,8,62,Low,Yes,4,High,Medium,Public,Negative,5,No,College,Near,Male
34,77,Medium,High,No,9,52,Medium,Yes,0,Medium,Medium,Private,Neutral,4,No,High School,Moderate,Female
18,86,Medium,Medium,Yes,6,88,Medium,Yes,2,Medium,High,Public,Neutral,2,No,College,Far,Male
23,93,Medium,High,No,5,81,High,Yes,2,Low,Medium,Private,Negative,1,No,College,Near,Male
23,60,Low,Medium,No,7,72,Low,Yes,3,High,Medium,Public,Neutral,2,No,College,Near,Female
21,100,Medium,Medium,No,5,92,Low,Yes,3,Low,Low,Public,Positive,3,Yes,Postgraduate,Near,Male
19,67,Medium,Medium,No,7,91,Medium,Yes,1,Low,High,Public,Neutral,3,No,High School,Near,Female
23,79,Low,Medium,Yes,7,66,High,Yes,1,High,Medium,Private,Positive,3,No,Postgraduate,Near,Male
5,95,Medium,High,Yes,8,92,Low,Yes,1,Low,High,Private,Neutral,2,No,College,Near,Female
24,69,Medium,High,Yes,7,67,Medium,Yes,2,Medium,High,Public,Negative,4,No,Postgraduate,Far,Male
21,79,Medium,Low,Yes,7,81,Low,Yes,2,Medium,Medium,Public,Neutral,4,No,High School,Near,Male
19,65,Medium,High,Yes,9,60,Low,Yes,1,Low,Medium,Public,Neutral,3,No,Postgraduate,Moderate,Male
32,76,Medium,Medium,No,7,63,Medium,Yes,0,Medium,Low,Public,Positive,3,No,High School,Near,Female
16,67,High,High,Yes,6,72,Medium,Yes,1,Low,High,Public,Positive,3,No,Postgraduate,Near,Female
18,75,Medium,Medium,Yes,7,66,High,Yes,1,High,High,Public,Positive,4,No,High School,Near,Male
32,75,Medium,Low,Yes,6,56,Medium,Yes,3,Medium,Medium,Public,Neutral,2,No,College,Moderate,Female
15,100,High,Medium,Yes,5,74,Medium,Yes,2,High,Medium,Private,Neutral,3,No,Postgraduate,Near,Male
17,100,Medium,Medium,No,5,76,Low,Yes,3,Low,High,Private,Neutral,3,No,Postgraduate,Moderate,Female
19,65,Low,High,No,9,58,Low,Yes,3,Medium,Medium,Public,Negative,4,No,High School,Moderate,Female
25,89,Medium,Low,Yes,6,59,Medium,Yes,2,Low,Medium,Public,Neutral,2,No,College,Near,Female
21,62,Medium,Low,Yes,7,51,Low,Yes,0,Low,Medium,Private,Positive,4,No,High School,Near,Female
12,61,Medium,Low,Yes,7,52,Low,Yes,2,Low,Medium,Public,Positive,2,No,High School,Moderate,Female
17,64,Low,Medium,No,7,68,Medium,Yes,5,Medium,Medium,Private,Neutral,3,No,High School,Near,Male
16,99,High,Medium,No,9,57,High,No,4,Medium,Medium,Public,Positive,3,No,College,Near,Female
20,98,Low,Medium,Yes,7,96,Low,No,1,Low,High,Public,Positive,3,No,College,Near,Female
23,68,High,Medium,No,6,60,Medium,Yes,1,Low,Medium,Public,Neutral,3,No,High School,Near,Female
23,66,High,Low,No,6,53,Low,Yes,2,Medium,Medium,Public,Positive,1,No,College,Far,Male
9,70,High,Medium,Yes,8,70,Low,Yes,1,Medium,Medium,Public,Positive,3,No,College,Near,Male
26,81,High,Low,No,8,60,High,Yes,2,Low,High,Public,Positive,5,No,Postgraduate,Near,Female
22,83,Low,High,Yes,8,53,Medium,No,0,Low,Low,Public,Negative,2,No,Postgraduate,Near,Female
28,69,High,High,No,7,88,Low,Yes,2,Low,Medium,Public,Neutral,2,No,High School,Moderate,Male
23,90,Medium,High,Yes,5,78,High,No,1,Medium,Medium,Private,Neutral,3,No,High School,Moderate,Male
27,72,High,High,Yes,8,53,Medium,Yes,3,Medium,Low,Public,Neutral,3,No,High School,Far,Female
23,97,Medium,High,No,7,73,Medium,No,3,Low,Medium,Private,Negative,1,No,High School,Moderate,Male
28,86,Medium,Medium,Yes,7,52,Medium,Yes,0,Medium,Medium,Public,Positive,5,No,College,Near,Male
23,77,High,Medium,No,5,68,Low,Yes,0,High,High,Private,Positive,3,Yes,High School,Near,Male
19,92,Low,High,Yes,6,68,Medium,Yes,2,Medium,Medium,Public,Neutral,2,No,High School,Near,Female
34,93,Low,Medium,No,6,91,Low,Yes,2,High,Medium,Public,Neutral,3,No,,Moderate,Female
25,72,Medium,Medium,Yes,8,87,Low,Yes,3,Medium,Low,Public,Positive,3,No,Postgraduate,Moderate,Male
23,74,High,Medium,No,8,95,Medium,Yes,2,Low,Medium,Public,Negative,2,No,College,Far,Female
12,97,Medium,High,Yes,7,57,Low,Yes,0,Low,Medium,Private,Positive,4,No,College,Moderate,Female
12,67,Medium,High,Yes,8,77,Medium,Yes,2,Low,High,Private,Positive,3,No,College,Near,Male
22,62,High,Medium,No,9,51,Medium,Yes,2,Low,Medium,Public,Neutral,2,No,High School,Near,Male
21,78,Low,High,No,8,91,Medium,No,1,Medium,Low,Private,Negative,5,No,Postgraduate,Near,Female
16,92,Medium,High,Yes,8,68,Medium,Yes,1,Medium,High,Public,Positive,2,No,High School,Near,Male
21,91,High,Medium,Yes,6,53,High,Yes,1,Medium,Medium,Public,Positive,3,No,Postgraduate,Near,Female
30,97,Medium,High,Yes,6,66,High,Yes,1,Medium,Medium,Private,Neutral,2,No,College,Near,Male
24,81,Medium,High,Yes,9,64,High,Yes,2,High,Low,Public,Positive,3,No,High School,Near,Male
13,64,Low,Low,No,6,88,Medium,Yes,1,Medium,Medium,Public,Neutral,2,No,College,Moderate,Female
19,84,Low,Medium,Yes,8,56,Medium,Yes,0,Low,Medium,Private,Neutral,3,Yes,High School,Near,Male
15,91,Low,Medium,No,10,78,Low,Yes,2,Medium,High,Public,Neutral,3,No,High School,Near,Female
18,64,Medium,Medium,Yes,8,90,Medium,Yes,1,Low,Medium,Public,Neutral,3,No,High School,Near,Male
18,67,Low,High,Yes,7,87,Medium,Yes,5,Low,Low,Public,Positive,2,No,College,Near,Male
17,60,Medium,Medium,Yes,5,97,Medium,Yes,1,Medium,Medium,Private,Negative,4,No,College,Far,Male
12,84,Low,Medium,No,7,50,Medium,Yes,3,High,High,Public,Neutral,3,No,High School,Near,Male
19,95,High,High,Yes,9,68,Medium,Yes,3,High,Medium,Public,Positive,4,No,College,Far,Male
17,87,High,High,Yes,7,68,High,Yes,1,Medium,High,Public,Positive,2,No,High School,Near,Male
2,99,Medium,Low,Yes,9,52,Low,Yes,0,Medium,Medium,Public,Neutral,4,No,High School,Near,Male
32,63,Medium,High,No,8,91,Medium,No,2,High,Low,Public,Positive,5,Yes,High School,Near,Female
27,96,High,Low,Yes,7,84,Medium,Yes,1,High,Medium,Public,Neutral,3,No,College,Near,Male
18,93,Medium,Medium,No,7,76,Low,Yes,2,Medium,Medium,Private,Neutral,4,No,High School,Near,Female
20,73,High,High,No,5,70,High,Yes,1,Low,High,Public,Negative,2,No,High School,Moderate,Male
13,99,Low,High,Yes,6,95,Medium,No,0,Low,Medium,Public,Positive,4,No,Postgraduate,Near,Male
30,72,High,High,Yes,6,63,Medium,Yes,1,Low,Medium,Public,Neutral,3,No,Postgraduate,Near,Female
31,96,Medium,Low,Yes,8,67,Medium,Yes,2,Medium,Medium,Private,Neutral,3,No,College,Near,Male
21,95,Low,Low,No,7,98,Low,Yes,1,Low,High,Public,Positive,2,No,High School,Near,Male
26,90,High,High,Yes,9,53,Medium,Yes,1,Low,Medium,Private,Neutral,4,No,High School,Far,Male
21,83,High,Low,Yes,7,89,Low,No,0,Low,Low,Public,Neutral,2,No,College,Moderate,Female
12,65,Medium,Low,Yes,6,86,Medium,Yes,1,Medium,Medium,Public,Positive,3,No,Postgraduate,Near,Female
18,81,High,High,No,6,95,Low,Yes,1,Medium,,Public,Positive,3,No,High School,Near,Male
21,74,Low,Medium,No,6,55,High,Yes,3,Low,Medium,Public,Positive,2,No,College,Near,Male
17,92,Medium,Medium,No,7,99,Medium,Yes,1,Medium,Medium,Public,Neutral,2,No,College,Far,Female
19,90,Low,Low,Yes,6,51,High,Yes,1,Low,Medium,Public,Negative,3,Yes,Postgraduate,Near,Male
19,96,Medium,High,Yes,5,67,Medium,Yes,4,High,Medium,Private,Neutral,1,No,High School,Moderate,Male
20,61,High,High,Yes,9,54,Medium,Yes,2,High,Medium,Private,Positive,4,No,Postgraduate,Near,Male
20,92,Medium,Low,No,7,53,Medium,Yes,2,Medium,High,Private,Positive,2,No,College,Far,Male
14,98,Low,Medium,No,7,98,Medium,No,0,Medium,High,Public,Positive,3,No,High School,Near,Male
16,92,Medium,Medium,No,6,86,Low,No,2,Medium,Medium,Private,Neutral,3,Yes,College,Near,Female
12,65,Medium,High,Yes,5,75,High,Yes,0,High,Medium,Private,Negative,2,No,High School,Moderate,Male
26,63,Medium,Medium,Yes,7,55,Medium,Yes,2,Medium,High,Public,Neutral,4,No,High School,Far,Male
7,61,Low,High,Yes,4,76,High,Yes,1,Medium,Medium,Private,Positive,5,No,High School,Far,Female
27,85,High,Medium,Yes,8,66,Medium,Yes,2,Low,High,Private,Neutral,4,Yes,High School,Moderate,Male
28,85,Medium,Medium,Yes,6,64,Low,Yes,1,Low,Medium,Public,Neutral,1,No,High School,Moderate,Male
18,99,Medium,High,Yes,7,81,Low,Yes,1,Medium,Medium,Public,Neutral,3,No,Postgraduate,Near,Male
4,76,Medium,Medium,Yes,8,90,Medium,Yes,2,High,Medium,Public,Positive,2,No,High School,Moderate,Female
18,73,Medium,High,Yes,7,72,Low,Yes,1,Medium,Medium,Private,Neutral,1,Yes,High School,Moderate,Male
20,85,Low,Medium,Yes,5,75,Low,Yes,1,Medium,Medium,Public,Neutral,2,No,College,Near,Male
14,93,Medium,Low,Yes,9,83,Low,Yes,4,Medium,Medium,Public,Neutral,2,No,Postgraduate,,Female
17,97,Medium,Medium,No,5,56,Low,Yes,2,High,Medium,Public,Positive,3,No,High School,Near,Female
29,92,High,Medium,Yes,4,91,Low,Yes,1,High,High,Public,Neutral,4,No,High School,Near,Female
24,77,Low,Medium,No,8,92,High,Yes,0,High,Medium,Public,Neutral,3,No,High School,Moderate,Male
14,85,High,High,Yes,5,77,Medium,Yes,2,Low,High,Public,Positive,3,No,High School,Near,Male
10,94,Low,Medium,No,9,59,Low,Yes,0,Medium,Medium,Public,Positive,2,No,Postgraduate,Near,Male
18,80,Low,High,Yes,8,75,Medium,No,2,Medium,Medium,Public,Negative,4,No,High School,Near,Male
19,69,Medium,Medium,Yes,7,55,Low,Yes,1,Low,Medium,Public,Positive,4,No,College,Near,Female
23,67,Low,Medium,No,6,88,Medium,Yes,2,Medium,Medium,Private,Neutral,4,No,High School,Near,Male
17,60,Medium,Low,No,6,66,Medium,Yes,0,Low,Medium,Public,Positive,2,No,High School,Far,Female
23,89,High,High,Yes,6,66,Low,Yes,0,Low,High,Private,Positive,3,No,High School,Moderate,Male
32,64,Low,Low,Yes,6,97,Medium,Yes,1,Medium,Low,Public,Neutral,5,No,College,Moderate,Male
25,70,Medium,Low,No,9,71,Medium,No,2,Low,Medium,Public,Negative,2,No,College,Near,Female
20,72,Medium,Low,Yes,6,89,Low,Yes,1,Low,Medium,Private,Negative,3,No,High School,Far,Male
19,82,Medium,Medium,Yes,8,82,High,Yes,2,Medium,Medium,Private,Positive,3,No,College,Moderate,Female
18,76,Medium,Medium,No,9,66,High,Yes,1,High,High,Public,Positive,3,No,High School,Near,Female
27,87,High,Low,No,6,56,Medium,Yes,0,Low,High,Public,Neutral,2,No,High School,Moderate,Male
16,62,Low,Medium,Yes,8,90,Low,Yes,2,High,Medium,Public,Neutral,2,No,Postgraduate,Far,Male
20,65,High,Medium,No,6,88,Medium,Yes,0,Medium,High,Public,Negative,4,Yes,High School,Near,Male
20,80,Medium,High,Yes,7,58,Low,No,0,Medium,Medium,Public,Neutral,2,No,College,Near,Female
17,73,Medium,High,Yes,6,62,Low,Yes,2,Low,Medium,Private,Negative,3,No,College,Far,Male
12,72,Medium,Medium,No,6,88,High,Yes,2,High,Medium,Public,Positive,3,No,High School,Near,Female
22,63,Medium,Medium,Yes,7,99,Low,Yes,3,Medium,Medium,Private,Neutral,4,No,High School,Moderate,Male
20,96,Low,Medium,Yes,5,92,Medium,Yes,0,Medium,Medium,Public,Neutral,3,No,College,Near,Female
23,88,Low,High,No,8,84,High,Yes,2,Medium,Medium,Private,Positive,3,Yes,Postgraduate,Near,Female
17,65,Medium,Medium,Yes,5,96,Low,Yes,2,Medium,High,Public,Positive,3,No,College,Moderate,Male
27,63,High,Medium,No,5,64,Medium,No,1,High,High,Public,Positive,4,No,Postgraduate,Near,Male
15,99,Low,High,Yes,7,50,High,No,4,Low,Medium,Public,Positive,2,No,High School,Moderate,Male
30,87,High,High,Yes,6,66,Low,Yes,1,Medium,Medium,Public,Neutral,4,No,High School,Near,Male
10,77,Medium,High,No,8,99,Medium,Yes,0,Medium,High,Public,Neutral,4,Yes,High School,Near,Male
23,88,High,High,No,7,94,Low,No,3,Low,Medium,Private,Positive,1,No,High School,Near,Male
23,90,Medium,High,No,5,53,Medium,Yes,2,Medium,High,Private,Positive,2,No,High School,Near,Female
15,91,Low,High,No,8,75,Medium,Yes,4,Medium,Medium,Public,Neutral,1,No,High School,Near,Female
23,79,High,Medium,Yes,7,54,Medium,Yes,2,Low,Medium,Private,Neutral,4,No,College,Moderate,Female
28,77,Low,High,Yes,7,89,Medium,Yes,3,Low,Medium,Public,Positive,3,Yes,High School,Far,Male
7,60,Medium,High,Yes,10,69,Low,Yes,0,Low,Medium,Private,Positive,3,No,College,Moderate,Female
23,97,Medium,Medium,Yes,9,96,Medium,Yes,2,Medium,High,Private,Neutral,4,No,College,Near,Male
5,84,Medium,Medium,Yes,7,53,Low,No,1,Low,High,Public,Positive,3,No,Postgraduate,Moderate,Male
14,68,High,Low,Yes,5,87,High,Yes,2,Medium,Medium,Public,Positive,3,No,High School,Far,Male
30,97,High,High,No,5,70,Medium,Yes,0,High,Medium,Public,Positive,2,No,Postgraduate,Near,Male
17,97,High,Medium,Yes,9,63,Medium,Yes,2,Low,Medium,Public,Positive,2,No,High School,Near,Male
13,100,High,Medium,No,6,76,Medium,No,0,Low,Low,Public,Positive,5,No,Postgraduate,Near,Male
19,95,Medium,Medium,Yes,7,74,High,No,0,Low,High,Public,Positive,2,No,,Near,Female
32,100,Low,High,Yes,5,67,Medium,No,4,Medium,Medium,Public,Positive,3,No,High School,Far,Male
9,70,High,Medium,No,8,82,Low,No,2,High,High,Public,Negative,2,No,High School,Near,Female
14,94,Medium,Medium,No,9,83,High,Yes,2,Low,High,Public,Positive,3,No,Postgraduate,Moderate,Male
29,93,Low,Medium,Yes,9,54,Medium,No,4,Low,High,Public,Positive,3,No,High School,Near,Male
31,69,Medium,Low,Yes,6,80,Low,Yes,4,Medium,Medium,Public,Negative,2,No,College,Near,Male
19,64,High,Low,Yes,8,86,Low,Yes,3,High,Medium,Private,Neutral,3,No,Postgraduate,Near,Female
13,99,Low,Medium,No,7,54,High,Yes,3,High,Medium,Public,Negative,3,No,High School,Far,Male
33,72,High,Medium,No,8,83,Low,Yes,3,Low,High,Private,Neutral,4,No,High School,Near,Male
30,95,Medium,Medium,Yes,7,90,Medium,Yes,3,Medium,Medium,Public,Neutral,1,No,High School,Moderate,Male
24,60,Low,Medium,Yes,6,92,Low,Yes,3,Medium,Medium,Public,Positive,2,No,College,Near,Male
15,61,High,Low,Yes,9,52,Medium,Yes,1,Medium,Medium,Private,Neutral,3,No,High School,Moderate,Female
20,79,High,High,Yes,7,85,Low,Yes,2,Medium,Medium,Public,Neutral,2,No,College,Moderate,Male
19,70,Medium,Medium,Yes,6,90,Low,Yes,2,Low,Medium,Private,Positive,3,No,High School,Moderate,Male
22,88,Medium,Low,Yes,7,70,Medium,Yes,3,Low,Medium,Public,Positive,2,No,High School,Near,Female
29,83,Medium,Low,Yes,6,77,High,Yes,1,Medium,Medium,Public,Neutral,4,No,High School,Near,Male
25,63,High,Low,Yes,8,63,Medium,Yes,0,Medium,High,Private,Positive,1,Yes,Postgraduate,Near,Female
14,67,Low,Low,Yes,7,66,Low,Yes,0,Low,Medium,Public,Neutral,4,No,High School,Far,Female
28,76,Medium,Medium,Yes,6,75,Low,Yes,0,Medium,High,Public,Positive,2,No,High School,Near,Female
22,67,High,High,No,10,58,Medium,Yes,2,High,Low,Public,Neutral,3,No,Postgraduate,Near,Male
24,92,Medium,Medium,No,5,69,Medium,Yes,2,Medium,Medium,Private,Negative,4,No,High School,Near,Female
29,77,Medium,Medium,Yes,8,65,Medium,Yes,1,Medium,Medium,Public,Neutral,3,No,High School,Near,Male
13,64,High,High,Yes,7,62,Medium,Yes,1,Low,Medium,Public,Neutral,1,No,College,Moderate,Female
20,79,High,Medium,Yes,5,74,Medium,Yes,1,Low,Medium,Public,Neutral,5,No,High School,Far,Male
17,64,High,High,Yes,6,92,Medium,Yes,0,Medium,Medium,Private,Positive,1,No,Postgraduate,Near,Male
11,65,Medium,Low,Yes,5,62,Medium,Yes,2,Medium,High,Public,Neutral,2,No,College,Far,Female
22,70,High,Low,No,10,83,Low,Yes,0,Medium,,Public,Positive,2,No,College,Moderate,Male
35,94,High,Medium,Yes,7,63,Medium,Yes,1,Low,High,Public,Positive,2,No,College,Near,Female
9,97,Low,Medium,Yes,7,57,Medium,Yes,4,Medium,High,Public,Neutral,5,No,High School,Far,Female
20,93,Medium,High,No,10,97,Medium,Yes,1,Low,Medium,Public,Neutral,2,No,Postgraduate,Moderate,Male
24,73,Low,Low,Yes,6,82,Medium,Yes,0,Medium,Medium,Public,Negative,2,Yes,High School,Near,Male
21,71,High,Medium,Yes,9,55,Low,Yes,2,High,High,Public,Positive,1,No,Postgraduate,Moderate,Male
19,82,High,Medium,No,8,82,Low,Yes,2,Low,Medium,Private,Negative,4,No,Postgraduate,Near,Female
12,89,High,Low,Yes,4,59,Low,Yes,2,Low,High,Public,Negative,4,No,High School,Near,Male
21,100,Low,High,No,6,94,Medium,No,1,High,Medium,Public,Positive,3,No,College,Moderate,Female
15,65,Medium,Medium,No,8,62,Medium,Yes,1,Medium,Medium,Public,Neutral,4,No,High School,Moderate,Female
7,62,Low,High,No,7,90,Medium,Yes,1,Medium,Low,Public,Neutral,5,No,College,Moderate,Female
27,88,High,High,Yes,7,60,Medium,Yes,2,Low,Medium,Public,Positive,2,No,High School,Near,Female
26,93,Medium,Medium,Yes,6,78,Medium,Yes,2,Medium,Medium,Public,Neutral,3,No,Postgraduate,Far,Female
20,94,Low,Medium,Yes,6,96,Medium,Yes,2,Medium,Medium,Private,Negative,3,No,College,Near,Male
21,87,Low,Medium,No,7,65,High,Yes,2,Medium,Medium,Public,Negative,3,Yes,College,Near,Male
26,98,Medium,Medium,No,10,54,Medium,Yes,0,Low,High,Private,Neutral,1,No,Postgraduate,Near,Male
21,80,Medium,Low,Yes,6,78,Medium,Yes,0,Medium,Medium,Private,Negative,2,No,Postgraduate,Near,Female
25,97,High,High,No,6,59,Low,Yes,0,Low,High,Public,Positive,2,No,High School,Near,Female
18,99,Medium,Medium,Yes,7,86,Medium,No,1,High,Medium,Public,Neutral,4,No,High School,Moderate,Female
28,94,Medium,Low,Yes,5,80,Medium,Yes,2,High,Medium,Public,Negative,2,No,High School,Moderate,Female
22,72,Low,Low,Yes,8,67,High,Yes,2,Medium,Medium,Public,Negative,4,No,College,Far,Male
21,68,Medium,Medium,Yes,5,85,Medium,No,3,High,Medium,Public,Positive,2,No,College,Moderate,Male
12,82,High,Low,No,5,62,Low,Yes,2,Medium,Medium,Public,Positive,4,No,High School,Near,Male
22,78,Medium,Medium,Yes,5,96,Medium,Yes,0,Low,Medium,Public,Neutral,3,No,High School,Moderate,Male
15,95,Low,Low,No,5,67,High,Yes,3,Medium,Medium,Public,Positive,3,No,High School,Moderate,Female
16,64,High,Low,No,9,88,Medium,Yes,1,Medium,High,Public,Positive,3,No,High School,Near,Male
15,70,Low,Medium,No,8,63,Low,Yes,0,Medium,Medium,Private,Positive,4,No,High School,Moderate,Female
14,90,High,High,Yes,8,86,Medium,Yes,4,Medium,Medium,Private,Negative,2,No,High School,Near,Female
33,64,Medium,Medium,No,8,52,Low,No,3,High,Medium,Public,Positive,4,No,High School,Near,Male
28,73,Medium,High,Yes,7,65,High,Yes,3,High,High,Public,Positive,3,No,Postgraduate,Near,Male
32,75,Low,Low,No,7,55,Medium,Yes,1,Medium,Medium,Public,Neutral,4,No,High School,Moderate,Male
13,85,Low,High,Yes,9,73,High,Yes,3,Medium,High,Public,Positive,2,No,Postgraduate,Moderate,Male
20,66,High,Low,No,9,72,Low,Yes,1,Medium,High,Public,Positive,1,No,College,Near,Female
12,94,High,High,No,5,68,High,Yes,1,High,Medium,Public,Neutral,2,No,High School,Near,Male
16,78,Medium,High,No,10,99,Low,Yes,0,Low,Medium,Public,Positive,4,No,High School,Far,Female
14,97,Low,High,No,5,62,Medium,No,1,Medium,Medium,Public,Neutral,4,Yes,Postgraduate,Far,Female
27,79,High,High,Yes,6,90,Low,Yes,3,Medium,High,Public,Positive,4,No,High School,Near,Male
18,71,Medium,Medium,Yes,7,72,Low,Yes,0,Low,Medium,Public,Neutral,4,No,High School,,Female
26,66,Medium,Medium,Yes,7,67,High,Yes,3,Medium,Medium,Public,Negative,4,No,High School,Moderate,Female
24,60,Medium,Medium,Yes,10,60,Low,Yes,3,Low,High,Private,Neutral,2,No,Postgraduate,Near,Female
34,81,Medium,Medium,Yes,9,82,Low,Yes,1,Medium,High,Public,Negative,2,No,High School,Near,Male
11,64,Medium,Low,Yes,8,67,High,No,1,Medium,Medium,Public,Neutral,2,Yes,College,Near,Male
28,76,Medium,Medium,No,9,91,Medium,Yes,0,Low,High,Private,Neutral,3,No,High School,Moderate,Male
27,84,Medium,Medium,No,8,98,Medium,Yes,0,Low,Medium,Public,Neutral,4,No,High School,Moderate,Male
14,71,High,Low,Yes,6,61,Low,Yes,0,Low,Medium,Public,Positive,3,No,Postgraduate,Near,Female
26,67,Medium,Medium,Yes,8,56,Medium,Yes,1,Medium,Medium,Public,Negative,5,No,College,Near,Female
22,91,Medium,Medium,Yes,7,66,Medium,No,0,High,High,Public,Negative,3,No,College,Near,Female
19,98,Medium,Low,Yes,6,73,Medium,Yes,3,Low,Medium,Private,Negative,3,No,College,Near,Male
15,64,High,Medium,No,9,65,Medium,Yes,2,Medium,Medium,Public,Neutral,2,No,High School,Near,Male
16,66,Low,High,Yes,7,99,Medium,Yes,1,Low,Medium,Public,Positive,3,No,College,Near,Female
32,98,Low,High,No,5,89,Medium,Yes,2,High,Low,Private,Positive,3,No,College,Near,Male
20,62,High,Medium,Yes,6,98,High,Yes,0,High,High,Public,Neutral,3,No,Postgraduate,Near,Male
25,99,Low,Medium,No,8,69,Medium,No,1,Low,High,Public,Positive,3,No,Postgraduate,Moderate,Male
15,60,Medium,Low,No,9,65,Medium,Yes,1,Medium,High,Public,Negative,5,No,College,Moderate,Male
15,95,High,Low,No,8,70,Medium,Yes,2,High,High,Public,Neutral,3,Yes,High School,Near,Female
26,72,Medium,Medium,Yes,8,76,Medium,Yes,1,Medium,Medium,Public,Negative,3,No,Postgraduate,Near,Male
12,98,Low,High,Yes,6,87,Medium,Yes,2,Low,Medium,Private,Neutral,3,No,Postgraduate,Near,Female
18,73,Medium,High,Yes,7,94,High,Yes,1,High,Medium,Private,Neutral,3,No,Postgraduate,Moderate,Female
20,86,High,High,No,7,73,Medium,Yes,3,Low,Low,Public,Neutral,3,Yes,High School,Near,Male
21,63,Medium,Medium,Yes,7,64,Medium,Yes,0,Low,Medium,Public,Negative,3,No,High School,Near,Female
19,70,High,Low,No,7,66,Medium,Yes,1,High,Low,Private,Neutral,4,No,College,Moderate,Male
22,91,High,Medium,No,6,85,Low,Yes,2,Medium,Medium,Private,Positive,2,No,High School,Moderate,Female
24,81,Medium,Medium,Yes,8,78,Medium,Yes,1,Low,Medium,Public,Positive,2,No,High School,Near,Male
24,97,High,Medium,No,5,74,High,Yes,0,Medium,Low,Public,Neutral,5,No,High School,Near,Female
14,77,Medium,Medium,Yes,5,60,Low,Yes,1,High,High,Private,Negative,3,No,Postgraduate,Far,Male
18,95,Medium,High,Yes,6,94,Medium,Yes,6,Low,High,Public,Neutral,3,No,High School,Far,Female
27,78,Medium,High,No,8,89,Low,Yes,0,Low,Medium,Public,Neutral,3,No,Postgraduate,Near,Female
25,99,Low,Medium,No,8,57,Medium,Yes,1,Medium,Low,Private,Positive,3,No,Postgraduate,Moderate,Male
12,98,Medium,High,No,4,68,Medium,Yes,3,Low,High,Public,Neutral,2,No,High School,Near,Female
22,73,Medium,Low,No,8,77,Medium,Yes,1,High,Medium,Public,Neutral,3,No,High School,Far,Male
8,95,Medium,Medium,No,7,73,Low,Yes,2,Medium,Medium,Private,Neutral,2,No,College,Near,Male
20,94,Medium,Medium,Yes,6,70,High,Yes,1,Medium,Medium,Public,Neutral,2,No,High School,Moderate,Female
31,68,High,Medium,No,7,86,Low,Yes,1,Low,Medium,Private,Positive,3,No,High School,Moderate,Female
14,85,Medium,Low,Yes,5,53,Medium,Yes,4,Medium,Medium,Public,Neutral,3,No,High School,Near,Male
15,63,High,Low,Yes,7,74,Medium,Yes,4,Low,Medium,Public,Negative,2,No,High School,Moderate,Male
25,93,High,High,Yes,5,63,Medium,Yes,2,High,Medium,Public,Positive,2,No,Postgraduate,Near,Female
11,67,Medium,Medium,Yes,6,54,Low,Yes,0,Low,Medium,Public,Positive,3,No,High School,Near,Female
16,63,Medium,High,Yes,6,73,Medium,Yes,0,Medium,Medium,Public,Neutral,4,No,College,Near,Male
24,76,Medium,Low,Yes,8,59,Medium,Yes,2,Medium,Medium,Public,Positive,4,No,College,Far,Male
16,83,High,Medium,Yes,7,63,Medium,Yes,0,Medium,Medium,Public,Neutral,3,No,Postgraduate,Near,Female
19,94,Low,Medium,Yes,8,75,Medium,Yes,1,Medium,Medium,Public,Negative,3,No,College,Moderate,Female
24,99,Medium,Medium,Yes,5,99,Medium,Yes,0,Low,Medium,Public,Positive,3,No,High School,Moderate,Female
23,78,Low,Medium,No,7,84,High,Yes,0,Low,Medium,Private,Neutral,3,No,College,Near,Male
22,62,Medium,Medium,Yes,8,64,Medium,Yes,0,Low,Medium,Public,Neutral,3,No,Postgraduate,Near,Female
18,90,Medium,High,Yes,9,69,Medium,Yes,1,High,High,Private,Positive,3,No,College,Moderate,Female
22,83,Low,Medium,Yes,5,70,High,Yes,2,Low,Medium,Public,Positive,3,No,College,Far,Male
19,78,Medium,Medium,Yes,6,58,Medium,Yes,1,Low,Medium,Public,Neutral,3,No,Postgraduate,Near,Male
23,72,High,Medium,No,8,58,Medium,No,2,Low,High,Private,Positive,2,No,College,Near,Female
17,80,High,High,No,9,57,Medium,Yes,4,Low,Medium,Public,Positive,2,No,College,Near,Male
19,74,Medium,Medium,No,7,76,High,Yes,1,High,Medium,Public,Neutral,3,No,College,Near,Female
14,90,High,Medium,Yes,5,84,Medium,Yes,0,Low,Medium,Public,Negative,3,No,Postgraduate,Near,Female
20,82,High,Medium,Yes,5,80,Medium,Yes,3,Low,Medium,Public,Neutral,1,Yes,College,Near,Female
15,95,Low,Medium,Yes,7,99,Low,Yes,0,High,High,Public,Neutral,2,No,High School,Near,Female
13,82,Medium,High,No,8,56,Low,Yes,2,Low,High,Private,Neutral,3,No,Postgraduate,Near,Male
22,70,High,Low,No,7,99,Medium,Yes,1,Low,High,Private,Positive,2,No,High School,Moderate,Male
21,94,Medium,High,No,5,73,Low,Yes,0,Medium,High,Public,Neutral,3,No,Postgraduate,Far,Female
25,82,High,Medium,Yes,9,61,Low,Yes,1,High,Medium,Public,Negative,2,No,High School,Near,Male
17,68,Medium,Medium,Yes,6,97,High,Yes,2,High,Low,Public,Negative,3,No,High School,Moderate,Male
22,85,Low,High,Yes,8,73,High,Yes,1,Medium,Medium,Private,Positive,3,No,College,Near,Male
23,74,Medium,Medium,No,4,67,Medium,Yes,3,High,Medium,Private,Negative,5,No,High School,Far,Male
23,94,Medium,High,Yes,9,61,Medium,No,0,Medium,Medium,Public,Negative,1,Yes,Postgraduate,Moderate,Female
15,78,Medium,Medium,Yes,6,63,High,Yes,1,Medium,Medium,Private,Neutral,2,Yes,College,Moderate,Male
21,89,Medium,Medium,No,9,99,Medium,Yes,0,Medium,Medium,Private,Negative,3,No,High School,Near,Male
22,64,Medium,Medium,No,8,65,Low,Yes,2,Medium,Medium,Private,Neutral,4,No,Postgraduate,Near,Female
20,76,Medium,High,Yes,5,99,Low,No,3,Medium,High,Public,Negative,3,No,Postgraduate,Near,Female
7,99,Low,High,Yes,7,67,Low,No,1,High,High,Private,Neutral,4,No,High School,Near,Female
21,92,High,Low,No,9,62,Medium,Yes,1,Medium,Low,Public,Positive,2,No,High School,Near,Female
33,66,Medium,Medium,Yes,6,59,Medium,Yes,3,High,Medium,Public,Positive,2,No,Postgraduate,Near,Female
18,71,High,Medium,No,9,71,Medium,Yes,1,Medium,High,Public,Positive,3,No,High School,Moderate,Female
16,73,High,Medium,Yes,8,62,Medium,Yes,0,High,High,Private,Neutral,2,No,High School,Near,Female
22,86,Medium,Low,No,9,85,Medium,Yes,1,Medium,Medium,Public,Negative,3,No,Postgraduate,Near,Female
22,90,Low,Medium,No,7,62,Low,Yes,0,Medium,Medium,Public,Positive,3,No,College,Near,Male
27,90,High,High,No,7,92,Medium,Yes,0,Low,Medium,Private,Neutral,3,No,High School,Near,Female
12,80,High,High,Yes,10,92,High,Yes,1,High,High,Public,Positive,3,No,Postgraduate,Moderate,Male
24,92,Low,High,Yes,8,64,High,Yes,1,High,High,Private,Neutral,3,No,College,Near,Male
24,77,High,High,Yes,7,88,Low,Yes,1,High,Medium,Public,Negative,5,No,College,Near,Male
19,65,Low,Medium,No,8,93,Low,Yes,1,Medium,High,Private,Neutral,4,No,College,Near,Male
22,83,Low,High,Yes,6,80,Medium,Yes,2,Medium,Medium,Public,Positive,5,No,High School,Moderate,Female
26,98,Medium,Medium,Yes,7,68,Medium,Yes,4,Low,Medium,Public,Positive,1,No,High School,Near,Female
25,92,Low,High,Yes,9,72,Medium,Yes,1,Low,Medium,Public,Negative,5,No,Postgraduate,Far,Female
13,83,High,Medium,No,7,89,Medium,Yes,1,Low,Medium,Public,Neutral,4,No,Postgraduate,Near,Female
25,86,High,Medium,No,6,65,Medium,Yes,2,Medium,High,Public,Positive,5,No,High School,Moderate,Male
20,97,Medium,High,No,6,67,Low,Yes,1,Low,High,Private,Positive,3,No,Postgraduate,Near,Female
20,77,Low,High,Yes,7,58,High,Yes,0,High,Medium,Public,Neutral,3,No,High School,Near,Male
20,73,Medium,High,No,6,70,Low,Yes,3,High,High,Public,Neutral,4,No,High School,Near,Female
19,99,Medium,High,Yes,5,54,Low,Yes,0,Medium,Medium,Public,Neutral,2,No,Postgraduate,Near,Male
27,95,Medium,Medium,No,5,66,Low,Yes,3,Medium,Medium,Public,Neutral,4,No,High School,Near,Male
19,73,Low,High,Yes,9,69,High,Yes,1,Low,Low,Public,Positive,4,No,Postgraduate,Near,Female
13,79,Medium,High,Yes,7,63,Low,No,3,High,Medium,Private,Neutral,2,No,High School,Near,Female
18,77,Medium,High,Yes,7,55,High,No,3,High,Medium,Private,Neutral,3,Yes,High School,Near,Female
21,66,High,Medium,Yes,6,76,Low,Yes,3,Low,Medium,Private,Neutral,1,No,High School,Moderate,Female
27,98,High,Low,Yes,6,93,Low,Yes,0,Low,Medium,Private,Neutral,4,No,High School,Moderate,Male
24,76,Medium,Medium,Yes,6,67,Medium,Yes,2,High,Medium,Public,Negative,3,No,College,Near,Female
15,95,Medium,Medium,Yes,7,62,High,Yes,0,High,Medium,Public,Negative,3,No,College,Near,Female
35,68,Low,High,Yes,5,64,Medium,Yes,0,High,Low,Public,Positive,4,Yes,High School,Near,Male
22,82,Medium,Medium,Yes,9,93,Low,Yes,2,Low,Medium,Public,Neutral,2,No,High School,Near,Male
28,61,High,Medium,No,7,76,High,Yes,1,Medium,High,Public,Positive,4,No,High School,Moderate,Male
19,91,Medium,High,No,7,57,Low,Yes,3,High,High,Public,Negative,3,No,High School,Moderate,Female
23,83,Low,Low,No,8,85,Medium,Yes,2,Low,Medium,Private,Neutral,2,Yes,High School,Near,Male
25,85,Medium,Medium,No,8,58,Medium,Yes,2,Medium,High,Public,Neutral,4,No,College,Near,Male
27,62,High,Medium,No,6,53,Low,Yes,1,Medium,Medium,Public,Positive,2,No,High School,Moderate,Male
26,68,Medium,Medium,No,8,63,Medium,Yes,2,Low,High,Public,Positive,3,No,High School,Near,Male
25,63,Low,Medium,No,8,58,Medium,Yes,1,High,Medium,Public,Positive,1,No,College,Near,Female
18,72,High,High,Yes,7,80,High,Yes,1,High,High,Public,Negative,2,Yes,High School,Moderate,Female
17,85,Medium,Medium,Yes,9,74,Medium,Yes,1,Medium,Medium,Private,Neutral,2,No,High School,Near,Male
22,83,Medium,Low,Yes,8,86,Medium,Yes,3,Medium,Low,Public,Negative,4,No,High School,Near,Male
26,84,Medium,Medium,No,8,76,Medium,Yes,5,Medium,High,Public,Neutral,2,No,High School,Moderate,Male
19,82,High,Low,No,9,71,Medium,Yes,1,Low,High,Private,Neutral,3,No,College,Near,Female
26,71,High,Medium,Yes,7,76,Medium,Yes,3,Low,Medium,Public,Positive,2,No,Postgraduate,Moderate,Male
29,70,Medium,Low,Yes,7,72,Low,Yes,1,Medium,Medium,Public,Positive,4,No,College,Near,Male
15,65,Low,High,Yes,8,52,Medium,Yes,4,Low,Medium,Private,Neutral,3,Yes,High School,Moderate,Female
15,94,Medium,Medium,No,7,84,Medium,Yes,0,Medium,High,Public,Positive,2,No,High School,Moderate,Male
19,85,Low,Low,Yes,8,98,Medium,Yes,2,Medium,Low,Private,Neutral,4,No,High School,Near,Female
22,67,Low,Medium,Yes,6,71,Low,Yes,1,Medium,High,Public,Neutral,4,No,College,Moderate,Male
17,67,Medium,Medium,Yes,4,71,Medium,Yes,3,Medium,High,Public,Negative,2,No,High School,Moderate,Female
28,95,Low,Medium,No,8,52,High,Yes,3,High,High,Public,Negative,4,No,College,Near,Male
23,90,High,Medium,No,5,95,Low,Yes,2,Low,Medium,Public,Negative,2,No,High School,Moderate,Male
20,86,Low,High,No,6,96,Medium,Yes,1,High,Low,Public,Neutral,2,Yes,High School,Far,Male
11,76,Medium,Medium,Yes,8,91,Low,Yes,1,High,High,Private,Neutral,3,Yes,College,Near,Female
12,70,Low,Medium,Yes,8,55,Medium,Yes,2,Medium,High,Public,Negative,4,No,High School,Near,Female
22,99,Medium,High,Yes,9,95,Medium,Yes,2,Low,Low,Public,Negative,4,Yes,High School,Near,Male
7,92,Low,Medium,Yes,4,51,Medium,Yes,0,High,Medium,Public,Positive,1,No,High School,Near,Female
26,72,Medium,Low,No,7,72,Low,Yes,2,Medium,Low,Public,Neutral,4,No,High School,Near,Female
19,94,High,Low,Yes,7,75,Medium,Yes,2,High,Medium,Public,Negative,5,No,College,Near,Female
39,90,High,High,No,8,92,High,Yes,2,Medium,High,Private,Neutral,1,No,High School,Near,Female
34,72,Medium,High,Yes,9,88,Low,Yes,1,High,Medium,Private,Positive,3,No,Postgraduate,Near,Male
19,77,Low,Medium,No,5,90,Low,Yes,1,Low,High,Private,Neutral,3,No,College,Near,Female
19,67,Low,Medium,Yes,7,93,High,Yes,0,Medium,Medium,Public,Positive,4,No,Postgraduate,Near,Male
26,64,High,Low,Yes,8,74,Low,Yes,3,Medium,High,Public,Neutral,2,No,High School,Near,Male
30,89,Medium,Medium,No,6,89,Medium,Yes,3,High,Medium,Public,Neutral,3,No,Postgraduate,Moderate,Male
10,71,Medium,Low,No,10,53,Low,Yes,4,High,Medium,Private,Positive,3,No,High School,Near,Female
9,93,High,Low,Yes,6,72,Low,Yes,1,Medium,Medium,Public,Positive,2,No,College,Near,Female
16,100,High,High,No,7,52,Medium,Yes,4,Low,Medium,Public,Negative,4,No,High School,Near,Female
23,63,High,Medium,Yes,5,96,Medium,Yes,2,High,Medium,Public,Neutral,2,No,High School,Near,Female
23,79,High,Low,Yes,7,98,Low,Yes,0,Medium,High,Public,Neutral,4,No,College,Near,Female
26,92,Medium,High,No,4,54,Medium,Yes,2,High,Medium,Public,Positive,4,No,High School,Moderate,Male
13,92,High,High,Yes,7,77,Medium,Yes,2,High,Medium,Public,Positive,4,No,Postgraduate,Near,Male
6,90,Medium,Medium,Yes,9,66,Medium,Yes,2,Medium,High,Public,Positive,2,No,High School,Far,Male
25,74,High,High,No,5,67,High,Yes,1,Medium,Medium,Public,Positive,5,No,Postgraduate,Near,Male
15,78,Medium,Medium,No,5,73,Medium,Yes,0,High,High,Private,Positive,1,Yes,College,Near,Male
8,84,Medium,Low,Yes,9,56,Low,Yes,1,Low,Medium,Public,Positive,2,No,High School,Moderate,Male
21,99,Medium,Low,Yes,9,59,Low,Yes,1,High,High,Public,Negative,2,No,College,Moderate,Female
25,73,Low,Medium,Yes,5,79,Medium,Yes,1,Low,Medium,Private,Neutral,5,No,High School,Moderate,Female
19,97,Medium,Low,Yes,10,51,High,Yes,3,Low,High,Public,Neutral,4,No,College,Far,Female
17,71,Medium,Medium,No,8,80,Low,Yes,2,High,Low,Public,Neutral,3,No,High School,Near,Female
19,100,Medium,Low,Yes,9,66,High,Yes,1,High,Medium,Public,Negative,4,Yes,Postgraduate,Moderate,Male
18,87,Medium,Medium,Yes,6,92,Low,Yes,1,Low,Medium,Private,Neutral,4,No,High School,Near,Female
12,79,Medium,Low,No,9,80,Low,Yes,1,High,Medium,Public,Positive,2,No,College,Moderate,Male
16,85,Low,Medium,No,7,85,High,Yes,1,Medium,High,Public,Neutral,2,No,High School,Near,Male
23,71,Medium,Medium,No,7,56,Low,Yes,1,Medium,,Private,Positive,4,No,,Near,Female
22,71,High,Medium,Yes,8,63,Medium,Yes,2,Medium,High,Public,Negative,2,No,High School,Moderate,Male
21,65,Medium,Medium,No,6,100,Medium,Yes,3,Medium,Medium,Public,Neutral,4,No,Postgraduate,Near,Male
14,65,Medium,High,Yes,5,72,Low,Yes,3,Low,High,Private,Negative,2,No,High School,Near,Male
19,74,Medium,High,Yes,7,68,Medium,Yes,2,Low,High,Public,Negative,2,No,High School,Near,Female
7,91,High,Medium,No,7,94,High,No,3,High,Medium,Public,Neutral,3,No,Postgraduate,Moderate,Female
21,84,Medium,Medium,Yes,6,52,Medium,Yes,2,High,High,Public,Negative,5,No,High School,Moderate,Male
29,64,Low,Medium,No,9,77,Medium,Yes,0,Low,High,Public,Negative,2,No,High School,Moderate,Female
11,94,High,Low,Yes,10,61,Medium,Yes,1,Medium,Low,Public,Neutral,3,No,College,Moderate,Male
16,84,High,Low,No,6,68,Low,No,3,Medium,Medium,Private,Neutral,3,No,,Near,Male
22,98,High,Medium,Yes,7,60,Medium,Yes,1,High,Medium,Public,Positive,1,No,High School,Near,Male
28,87,Medium,Medium,No,6,52,Medium,Yes,4,Low,Low,Private,Neutral,3,No,Postgraduate,Near,Female
17,67,High,Low,No,10,71,Medium,Yes,1,Medium,Medium,Public,Positive,3,No,High School,Near,Male
16,79,Medium,Medium,No,8,89,Medium,Yes,0,Low,High,Private,Neutral,4,No,High School,Near,Male
8,86,High,Low,Yes,8,98,Low,Yes,1,Low,Medium,Private,Neutral,1,No,College,Near,Male
21,61,High,High,No,9,81,Medium,Yes,1,Medium,Medium,Private,Neutral,3,No,Postgraduate,Near,Male
32,61,High,Medium,Yes,7,69,High,Yes,0,High,Medium,Public,Positive,3,No,High School,Moderate,Female
22,65,Medium,Low,Yes,7,88,Low,No,2,Medium,Medium,Public,Positive,4,No,College,Near,Male
20,70,High,Medium,No,9,75,Low,Yes,3,Medium,Medium,Public,Neutral,4,No,College,Moderate,Male
22,77,Low,Medium,Yes,8,68,Medium,Yes,3,High,High,Public,Positive,4,No,High School,Moderate,Male
20,79,Low,Medium,Yes,6,59,Medium,Yes,0,Low,Medium,Public,Positive,2,No,High School,Moderate,Male
15,66,Medium,Medium,No,6,90,Low,Yes,2,Medium,Medium,Public,Negative,3,No,College,Far,Female
25,87,Medium,Medium,Yes,6,75,Medium,No,0,Low,Medium,Private,Neutral,2,Yes,High School,Near,Male
21,84,Low,High,No,9,98,Medium,Yes,1,Low,Medium,Public,Negative,3,No,High School,Moderate,Male
20,72,Medium,Medium,No,9,90,Low,Yes,1,Medium,Medium,Private,Neutral,2,No,Postgraduate,Moderate,Male
14,61,Low,Medium,Yes,10,71,Medium,No,2,Low,Medium,Public,Neutral,4,No,High School,Near,Male
28,63,Medium,High,Yes,6,87,Low,Yes,0,Low,Medium,Public,Positive,2,No,High School,Moderate,Female
24,76,High,Low,No,7,73,Medium,Yes,4,Medium,Medium,Public,Neutral,2,No,High School,Near,Female
17,66,High,Medium,No,6,54,Medium,Yes,2,High,Low,Public,Positive,3,Yes,High School,Near,Female
26,75,Medium,Low,Yes,7,76,Medium,Yes,2,Medium,Medium,Public,Neutral,3,No,College,Near,Male
17,85,High,Low,Yes,8,93,Low,Yes,2,Medium,High,Public,Positive,3,No,College,Far,Female
15,82,Medium,Medium,Yes,7,93,Medium,Yes,3,Low,High,Public,Negative,2,No,High School,Moderate,Female
15,69,High,Low,No,9,79,Low,Yes,1,Medium,,Private,Positive,2,No,High School,Moderate,Female
9,74,Medium,Low,No,6,69,Low,Yes,3,Low,Medium,Private,Positive,2,No,,Moderate,Female
23,85,High,Medium,Yes,8,51,Low,Yes,0,High,Low,Public,Negative,4,No,College,Near,Female
9,94,High,Low,No,6,66,Low,Yes,0,Low,High,Public,Positive,3,No,College,Near,Male
13,90,Medium,High,No,4,99,High,Yes,1,High,Medium,Public,Neutral,4,Yes,College,Moderate,Male
8,82,Medium,High,Yes,5,86,Medium,No,0,Low,Medium,Public,Negative,3,No,Postgraduate,Near,Female
19,74,Medium,Medium,No,7,86,High,Yes,1,High,Medium,Private,Positive,3,No,Postgraduate,Near,Male
19,75,Medium,High,No,10,88,Low,Yes,0,Low,High,Public,Positive,2,No,High School,Near,Female
18,95,Medium,Medium,No,6,81,Medium,Yes,0,Low,Medium,Public,Positive,3,Yes,High School,Near,Female
14,62,Medium,High,Yes,7,79,Low,Yes,2,Medium,Medium,Private,Positive,2,No,High School,Moderate,Female
13,100,Medium,Low,Yes,8,73,Low,Yes,1,Low,Medium,Public,Neutral,3,No,Postgraduate,Near,Male
23,87,Medium,High,No,6,72,Medium,Yes,1,Low,High,Private,Negative,3,No,College,Moderate,Male
17,87,High,High,Yes,6,94,Medium,Yes,2,Low,Medium,Private,Neutral,3,No,High School,Moderate,Male
22,62,High,Medium,Yes,7,70,Low,Yes,4,Low,Medium,Public,Negative,2,No,College,Near,Female
15,84,Low,Medium,Yes,6,92,Medium,Yes,3,Medium,Medium,Public,Positive,3,No,College,Near,Female
21,79,Medium,High,No,4,92,Low,Yes,0,Low,Medium,Public,Negative,2,No,Postgraduate,Near,Female
28,64,Low,Medium,Yes,6,89,Medium,Yes,0,Low,Low,Public,Neutral,4,No,College,Far,Male
24,71,Low,Medium,No,8,52,Medium,No,2,Medium,Medium,Public,Negative,3,No,College,,Female
18,96,Medium,Low,Yes,8,57,Medium,Yes,1,Medium,Medium,Public,Negative,2,No,High School,Near,Female
22,82,High,Low,No,9,66,Medium,Yes,1,Low,High,Private,Negative,3,No,High School,Moderate,Male
19,77,High,Low,Yes,9,92,Medium,Yes,2,Low,Medium,Public,Positive,4,No,High School,Near,Female
20,63,Medium,Medium,Yes,6,94,Medium,No,2,Medium,Medium,Public,Neutral,3,No,High School,Far,Female
18,89,Medium,Medium,Yes,6,52,Medium,Yes,3,High,High,Public,Positive,3,No,High School,Moderate,Female
19,88,High,High,No,6,66,Medium,Yes,3,Medium,Medium,Public,Positive,2,No,High School,Near,Female
21,85,High,Medium,Yes,7,93,Medium,Yes,0,High,Medium,Public,Neutral,4,No,High School,Moderate,Male
14,80,High,Medium,No,6,62,Medium,Yes,0,High,Medium,Private,Negative,2,No,Postgraduate,Near,Male
14,77,Low,Low,No,7,99,Low,Yes,2,Medium,Medium,Public,Positive,2,No,Postgraduate,Moderate,Female
12,84,Medium,High,Yes,6,74,High,Yes,1,Medium,High,Public,Negative,3,No,College,Moderate,Female
10,69,Low,Medium,No,8,97,Medium,Yes,1,Medium,Medium,Private,Negative,3,No,High School,Near,Female
13,98,Medium,High,Yes,6,71,Medium,Yes,1,Low,High,Private,Positive,1,No,College,Near,Female
21,84,High,Low,No,6,66,High,Yes,2,High,Medium,Private,Positive,4,Yes,College,Far,Male
15,72,Medium,Medium,Yes,8,68,High,Yes,0,Medium,Medium,Public,Positive,2,No,High School,Near,Female
23,78,High,Medium,No,8,94,Medium,Yes,1,High,Medium,Private,Neutral,2,Yes,High School,Moderate,Male
20,92,Medium,Low,No,7,67,Low,Yes,1,Medium,Medium,Public,Positive,5,No,High School,Near,Male
8,66,High,High,Yes,8,83,Medium,Yes,0,Low,Medium,Private,Positive,4,No,College,,Male
24,72,Low,Medium,Yes,8,73,Low,Yes,1,Low,Medium,Public,Positive,2,No,College,Moderate,Female
25,87,Low,Medium,Yes,10,97,Medium,Yes,4,Low,Low,Private,Neutral,3,Yes,High School,Near,Female
14,73,Medium,High,No,8,58,Medium,Yes,2,Low,High,Public,Negative,2,No,College,Moderate,Male
23,92,Low,Medium,Yes,10,71,Medium,Yes,1,Low,Medium,Public,Neutral,3,No,College,Near,Male
15,65,High,Low,Yes,7,56,Medium,No,3,High,Medium,Private,Positive,3,Yes,High School,Near,Female
21,91,Low,High,Yes,9,79,Medium,Yes,2,Low,Medium,Private,Neutral,3,No,College,Far,Female
12,63,High,Medium,No,9,70,Low,Yes,1,High,Low,Public,Positive,3,No,College,Near,Female
9,61,Low,High,Yes,7,53,Medium,Yes,0,Medium,Medium,Public,Positive,2,Yes,Postgraduate,Far,Male
18,96,Medium,High,Yes,6,92,Medium,Yes,2,Medium,Medium,Public,Positive,3,No,High School,Far,Male
19,83,High,Low,No,6,69,Medium,Yes,5,Medium,Medium,Private,Positive,2,No,Postgraduate,Far,Male
18,74,High,Medium,No,8,75,High,Yes,1,High,High,Public,Positive,3,No,Postgraduate,Moderate,Male
13,69,Medium,Low,No,5,70,Medium,Yes,0,Medium,High,Private,Negative,2,No,College,Near,Male
18,85,High,Medium,Yes,6,74,Medium,Yes,3,Low,Medium,Private,Negative,2,No,College,Far,Male
22,80,Medium,High,Yes,9,51,Medium,Yes,2,Medium,Medium,Public,Negative,3,No,Postgraduate,Near,Male
20,100,Medium,Medium,Yes,8,91,Medium,Yes,3,Low,Medium,Public,Positive,3,No,High School,Near,Male
21,99,High,Low,Yes,4,67,Medium,Yes,1,Medium,Medium,Private,Negative,4,No,College,Near,Female
16,85,Medium,Medium,Yes,5,86,Low,No,3,Medium,Medium,Public,Positive,2,No,High School,Near,Male
27,78,Medium,Medium,No,10,53,Medium,Yes,3,Medium,Medium,Private,Neutral,4,Yes,Postgraduate,Moderate,Male
13,80,Medium,Medium,No,9,76,Medium,Yes,0,High,Medium,Public,Neutral,2,No,High School,Near,Female
23,87,Medium,High,No,6,95,High,Yes,3,High,Medium,Private,Positive,0,No,High School,Near,Female
27,64,Low,Medium,Yes,5,70,Medium,Yes,0,Low,High,Public,Positive,4,No,High School,Near,Female
23,73,Low,High,No,5,60,High,Yes,1,Medium,Medium,Private,Positive,2,No,Postgraduate,Near,Female
19,63,High,Medium,Yes,8,55,Low,Yes,0,Medium,Medium,Private,Positive,4,No,College,Moderate,Female
17,63,Medium,Medium,Yes,10,93,Medium,Yes,0,Low,Medium,Public,Positive,2,Yes,Postgraduate,Near,Female
26,68,Medium,Medium,Yes,10,62,High,Yes,4,Medium,Medium,Public,Neutral,2,No,Postgraduate,Near,Female
11,79,High,High,Yes,5,99,Medium,Yes,1,High,Low,Public,Positive,3,No,High School,Near,Female
14,91,Medium,Medium,Yes,7,62,Medium,Yes,2,Low,High,Public,Neutral,2,No,College,Near,Male
18,79,High,High,Yes,6,74,Medium,Yes,3,Low,Medium,Public,Positive,4,No,High School,Near,Male
27,73,High,High,Yes,7,73,High,Yes,5,High,High,Public,Negative,3,No,High School,Near,Female
22,63,High,High,Yes,5,53,High,Yes,3,Low,High,Public,Negative,2,No,High School,Near,Male
14,82,Medium,Medium,Yes,6,77,Medium,Yes,3,Medium,Medium,Public,Positive,3,No,College,Near,Female
18,71,Medium,Medium,No,6,84,Medium,Yes,2,Medium,Low,Public,Neutral,2,No,Postgraduate,Near,Male
16,85,Medium,Medium,No,8,87,High,Yes,4,Low,Medium,Private,Negative,3,No,High School,Far,Male
16,99,Medium,Medium,No,6,76,Low,Yes,2,Medium,Medium,Private,Positive,4,No,College,Near,Female
26,64,Medium,High,No,6,91,Medium,Yes,1,Low,Medium,Private,Neutral,4,No,High School,Moderate,Male
12,68,Medium,High,No,8,88,High,Yes,3,Low,Medium,Public,Negative,3,No,Postgraduate,Moderate,Female
30,79,Medium,High,No,9,60,Medium,Yes,1,Low,Medium,Public,Neutral,3,No,High School,Near,Female
25,99,Low,Medium,No,10,70,Medium,Yes,1,Medium,Medium,Public,Positive,5,No,College,Far,Female
27,91,Medium,Low,No,8,57,Medium,Yes,0,Low,Low,Private,Neutral,4,No,Postgraduate,Moderate,Male
17,96,High,Medium,No,7,57,Low,Yes,2,Medium,Medium,Private,Negative,3,No,College,Moderate,Female
19,73,Low,Medium,Yes,9,86,High,Yes,0,Medium,High,Public,Positive,3,No,College,Near,Female
11,100,Low,High,No,9,77,Medium,Yes,2,Medium,High,Public,Positive,3,No,Postgraduate,Near,Female
17,64,Medium,High,No,8,80,Medium,Yes,0,High,High,Public,Positive,2,No,Postgraduate,Near,Female
23,62,Medium,Low,Yes,5,87,Medium,Yes,1,Medium,Medium,Public,Negative,4,No,High School,Near,Female
28,94,Low,Medium,Yes,9,64,Medium,Yes,0,Medium,Medium,Public,Neutral,3,No,High School,Moderate,Female
13,97,Low,Medium,Yes,8,70,Medium,Yes,0,High,Medium,Private,Neutral,2,No,Postgraduate,Moderate,Female
18,64,Medium,Medium,No,6,80,Medium,Yes,1,Medium,Medium,Public,Positive,5,Yes,High School,Near,Male
19,65,High,Medium,No,6,55,Medium,Yes,1,Low,High,Public,Positive,3,No,Postgraduate,Moderate,Male
12,61,Low,Medium,Yes,8,92,Medium,Yes,2,High,Medium,Public,Neutral,4,Yes,High School,Moderate,Male
24,64,Medium,Medium,Yes,4,67,Low,Yes,0,Low,Medium,Public,Neutral,1,No,High School,Near,Male
16,68,Medium,High,No,7,83,High,Yes,2,Low,High,Public,Positive,2,No,High School,Near,Female
19,99,Low,Low,No,6,100,Medium,Yes,0,High,Low,Private,Negative,3,No,Postgraduate,Near,Male
17,87,Medium,High,Yes,6,74,Low,Yes,1,Low,High,Private,Neutral,3,No,College,Moderate,Female
15,91,Medium,Medium,No,6,61,Medium,No,1,Medium,High,Public,Positive,2,No,High School,Moderate,Male
20,91,High,High,Yes,5,61,Low,Yes,4,Low,Medium,Public,Positive,2,No,Postgraduate,Near,Male
19,81,Medium,High,Yes,9,53,Medium,Yes,2,High,Medium,Public,Positive,3,No,High School,Near,Male
18,92,Medium,Medium,No,4,88,Medium,Yes,3,High,Medium,Public,Neutral,2,No,High School,Moderate,Male
16,84,Medium,Medium,No,7,65,Low,Yes,1,High,High,Public,Negative,3,No,High School,Moderate,Male
22,73,High,Medium,Yes,6,59,Low,Yes,0,Low,Medium,Public,Positive,1,No,High School,Near,Male
30,82,Low,Medium,Yes,10,86,Low,Yes,2,Low,High,Public,Neutral,4,No,High School,Near,Female
21,81,Medium,Low,Yes,7,65,High,Yes,1,Medium,Medium,Public,Positive,2,No,College,Moderate,Male
26,93,High,Medium,No,4,80,Medium,Yes,4,Low,Medium,Private,Positive,3,Yes,College,Near,Male
12,99,High,High,No,8,71,Medium,Yes,2,Medium,Low,Public,Neutral,2,No,College,Near,Female
21,76,Medium,Medium,Yes,5,67,Medium,Yes,1,High,Low,Private,Positive,3,No,High School,Moderate,Male
13,91,Medium,Medium,Yes,8,74,Medium,Yes,1,Low,Medium,Private,Positive,1,No,Postgraduate,Near,Male
11,64,Medium,Medium,Yes,8,66,Medium,Yes,2,Low,Medium,Public,Positive,2,No,College,Moderate,Male
16,91,Medium,High,No,9,94,Low,Yes,0,High,Medium,Public,Positive,3,No,Postgraduate,Near,Male
27,75,Medium,Low,Yes,7,54,Low,Yes,2,Medium,Medium,Public,Negative,3,No,Postgraduate,Near,Female
26,62,High,Medium,Yes,8,52,Medium,Yes,4,Low,Medium,Public,Neutral,5,No,College,Near,Male
21,75,High,High,No,7,70,High,Yes,1,Medium,High,Private,Neutral,3,No,Postgraduate,Near,Female
11,84,Medium,Low,Yes,6,59,Low,Yes,2,Medium,Medium,Public,Positive,3,No,High School,Near,Female
19,65,High,Medium,Yes,9,87,Low,Yes,0,High,High,Public,Positive,2,No,College,Moderate,Male
22,97,High,Medium,Yes,5,68,Low,Yes,7,Medium,High,Private,Negative,5,No,College,Near,Female
21,63,High,Medium,No,7,63,Medium,Yes,2,Medium,Medium,Public,Neutral,2,No,High School,Far,Male
9,97,High,Medium,No,6,68,Low,Yes,5,Medium,Medium,Private,Neutral,3,No,College,Near,Male
15,88,Medium,High,Yes,8,61,Low,Yes,2,Medium,High,Public,Positive,4,Yes,High School,Near,Male
20,73,Medium,Low,Yes,6,65,Medium,Yes,2,High,High,Private,Positive,2,No,College,Near,Male
23,76,Low,Medium,Yes,6,78,Low,Yes,2,High,Medium,Public,Positive,2,No,High School,Moderate,Female
7,90,Low,Medium,Yes,7,93,Low,Yes,4,Medium,Medium,Public,Neutral,3,No,College,Near,Male
19,84,Medium,Medium,Yes,9,69,Medium,Yes,2,Medium,Low,Public,Neutral,4,No,College,Near,Female
21,87,Low,Medium,Yes,6,66,Medium,Yes,1,Low,Low,Public,Negative,2,No,High School,Moderate,Female
25,76,Medium,High,No,6,89,High,Yes,3,Low,Medium,Public,Neutral,3,No,College,Near,Male
24,80,Medium,High,No,5,51,Medium,Yes,3,High,Low,Public,Positive,2,No,High School,Near,Female
23,100,Medium,Medium,No,6,65,Low,Yes,1,Medium,High,Public,Neutral,2,Yes,High School,Near,Female
15,69,Low,Medium,No,8,73,Medium,Yes,2,Medium,Medium,Public,Neutral,2,No,High School,Moderate,Male
9,77,Low,Low,No,7,80,Medium,Yes,3,Medium,Medium,Public,Positive,3,Yes,High School,Near,Male
18,72,Low,High,No,7,58,Low,Yes,6,Low,Medium,Public,Positive,0,No,High School,Moderate,Male
26,91,Low,Medium,No,10,72,Low,Yes,4,High,Medium,Public,Neutral,3,No,College,Moderate,Male
28,91,High,Medium,Yes,4,78,Low,Yes,1,Medium,Low,Public,Positive,3,No,High School,Moderate,Male
24,72,Medium,High,Yes,10,76,High,No,1,Low,Medium,Public,Negative,3,No,High School,Near,Male
23,63,Medium,Medium,Yes,9,79,High,Yes,0,Low,Medium,Private,Negative,4,No,High School,Far,Female
22,60,Low,Low,No,7,83,Medium,No,3,Medium,Medium,Public,Positive,1,No,College,Near,Female
17,77,Medium,Medium,Yes,8,69,Low,Yes,3,High,Medium,Public,Neutral,3,Yes,,Near,Male
19,76,Medium,Medium,Yes,6,53,Medium,Yes,2,Medium,Medium,Public,Positive,5,No,High School,Near,Male
30,100,Low,High,No,7,53,Medium,Yes,2,Low,High,Private,Neutral,3,No,High School,Moderate,Male
14,79,High,Medium,Yes,10,93,Medium,Yes,2,Medium,Medium,Public,Neutral,3,No,College,Near,Male
30,70,High,Low,No,6,84,High,Yes,2,Medium,Medium,Public,Positive,3,No,Postgraduate,Near,Male
18,96,Medium,Medium,Yes,7,88,Medium,Yes,1,Medium,High,Private,Negative,3,No,High School,Moderate,Female
28,80,Medium,High,No,6,96,High,Yes,2,Low,Medium,Public,Positive,6,No,High School,Near,Male
12,84,Medium,High,No,6,88,High,No,2,High,High,Public,Positive,2,No,High School,Near,Male
24,64,Medium,Low,No,6,85,Medium,Yes,3,Medium,Medium,Public,Positive,2,No,Postgraduate,Moderate,Male
16,75,High,Low,Yes,5,83,Medium,Yes,1,Medium,High,Private,Negative,3,No,College,Moderate,Female
12,98,Low,Medium,No,7,63,Medium,Yes,0,High,Medium,Private,Neutral,3,Yes,High School,Near,Female
21,84,Medium,Medium,Yes,7,98,Medium,Yes,0,Medium,Medium,Public,Neutral,4,No,College,Near,Male
26,74,Medium,Low,Yes,6,77,Medium,Yes,3,Medium,Medium,Private,Negative,2,No,High School,Far,Male
15,85,Medium,Medium,Yes,4,61,Medium,Yes,0,Medium,Low,Public,Neutral,1,No,College,Near,Male
11,96,High,High,No,7,60,Medium,Yes,2,Low,Medium,Public,Neutral,1,No,High School,Near,Male
19,71,Medium,Medium,Yes,7,91,Medium,Yes,3,High,Medium,Public,Negative,1,No,High School,Moderate,Female
19,80,Low,Medium,Yes,10,63,High,No,1,Medium,Medium,Public,Neutral,2,No,College,Near,Female
23,98,Medium,High,Yes,7,52,Low,Yes,2,Low,High,Private,Positive,4,Yes,High School,Near,Female
26,67,Low,Medium,Yes,8,71,Medium,Yes,2,High,Medium,Private,Negative,3,No,High School,Near,Male
20,89,Low,Medium,Yes,6,91,High,Yes,0,Medium,Medium,Private,Positive,4,No,College,Near,Male
31,85,Medium,Medium,Yes,9,71,Low,Yes,0,Medium,High,Public,Negative,2,Yes,College,Moderate,Female
21,87,Medium,Medium,No,6,90,High,Yes,3,High,Medium,Public,Negative,4,No,High School,Near,Male
18,74,Medium,High,Yes,8,91,Medium,Yes,0,Medium,High,Private,Positive,2,No,High School,Near,Female
10,73,Medium,Medium,Yes,8,93,High,Yes,3,Low,Medium,Public,Positive,2,Yes,,Moderate,Male
18,87,Low,Low,No,8,79,High,Yes,1,Low,High,Public,Negative,4,No,College,Near,Male
18,69,Medium,High,Yes,10,85,Medium,Yes,2,High,Medium,Private,Positive,0,No,College,Moderate,Female
26,77,Low,Medium,Yes,6,63,Low,Yes,1,Low,High,Public,Negative,4,No,High School,Near,Male
23,68,High,Medium,Yes,9,55,Medium,Yes,1,Medium,Medium,Public,Positive,3,No,High School,Moderate,Male
13,60,Medium,Medium,No,9,77,Low,Yes,2,Medium,High,Private,Positive,5,Yes,High School,Near,Male
21,99,Medium,High,No,7,51,High,Yes,2,Medium,Low,Private,Neutral,2,No,Postgraduate,Near,Female
24,77,High,Medium,Yes,10,73,Medium,Yes,3,Medium,Medium,Public,Positive,3,No,High School,Near,Male
29,99,Medium,Medium,Yes,7,55,Low,Yes,0,Medium,Medium,Private,Positive,3,No,High School,Moderate,Male
25,66,High,Medium,Yes,7,55,Medium,Yes,4,Medium,Medium,Public,Neutral,2,Yes,High School,Moderate,Female
25,83,High,High,Yes,7,94,Low,Yes,2,Low,High,Public,Positive,3,Yes,College,Moderate,Male
20,68,Medium,High,Yes,5,82,Medium,No,1,Low,High,Public,Positive,3,No,Postgraduate,Near,Female
22,92,High,Low,No,8,82,Medium,Yes,2,Medium,Medium,Private,Neutral,5,No,Postgraduate,Near,Male
27,91,Low,High,Yes,8,70,Low,Yes,1,Medium,Low,Public,Neutral,6,No,High School,Moderate,Female
12,65,Medium,High,No,7,71,Medium,Yes,1,Low,High,Public,Neutral,4,No,High School,Moderate,Male
18,96,High,Medium,Yes,10,65,Low,Yes,3,Medium,Medium,Public,Positive,2,No,College,Moderate,Female
15,68,Low,Medium,No,6,72,Low,Yes,3,High,Low,Public,Neutral,3,No,High School,Near,Female
22,85,Medium,Medium,Yes,4,79,Low,Yes,1,Low,Low,Public,Positive,3,No,High School,Near,Female
27,99,High,Medium,No,10,59,High,Yes,2,Low,Medium,Public,Positive,3,No,High School,Near,Male
16,95,High,High,No,9,63,Medium,No,0,Medium,Low,Private,Positive,3,No,High School,Near,Male
6,98,Medium,Low,No,8,75,Medium,Yes,1,High,Medium,Public,Neutral,3,Yes,Postgraduate,Far,Female
18,74,High,Medium,Yes,6,69,Medium,Yes,0,Low,Medium,Public,Positive,4,No,High School,Moderate,Male
25,64,Medium,Low,Yes,8,91,Medium,Yes,1,Low,Low,Public,Positive,5,No,College,Near,Male
23,68,Medium,High,No,5,91,Low,Yes,5,Low,Medium,Public,Neutral,1,No,College,Near,Female
23,80,Medium,Medium,No,7,67,Low,Yes,2,Low,High,Public,Neutral,4,No,High School,Near,Male
18,92,Medium,Medium,Yes,6,73,Low,Yes,1,Medium,High,Public,Neutral,5,Yes,High School,Moderate,Female
12,66,Medium,High,Yes,7,99,Low,Yes,2,Medium,Low,Public,Neutral,3,No,High School,Moderate,Male
23,86,Medium,High,Yes,8,91,Medium,Yes,2,Low,Medium,Public,Negative,1,No,College,Near,Female
15,73,Medium,High,No,5,61,Low,No,1,Low,High,Private,Positive,2,No,Postgraduate,Moderate,Male
33,74,Medium,Low,No,8,64,Medium,Yes,0,Medium,Medium,Public,Negative,3,Yes,High School,Near,Male
23,86,High,Medium,No,7,54,Low,Yes,2,Medium,Medium,Public,Negative,2,Yes,High School,Near,Female
17,79,Medium,High,Yes,8,84,Medium,Yes,0,Medium,Medium,Public,Neutral,2,No,High School,Moderate,Male
16,92,Medium,Medium,Yes,7,66,High,Yes,2,Medium,Medium,Public,Positive,4,No,Postgraduate,Moderate,Female
19,66,High,Medium,No,8,77,Low,No,3,Medium,Medium,Public,Negative,4,No,College,Moderate,Female
19,92,Medium,Medium,Yes,6,88,Low,Yes,1,High,Medium,Public,Positive,2,No,Postgraduate,Near,Male
27,63,High,High,Yes,4,92,Medium,Yes,0,Low,Medium,Public,Neutral,3,No,College,Near,Female
21,68,Low,Medium,Yes,5,66,Low,Yes,2,High,Medium,Private,Neutral,3,No,High School,Near,Male
16,86,Medium,Medium,Yes,6,62,Low,Yes,1,Low,High,Public,Positive,4,No,High School,Near,Female
31,94,Low,Medium,No,5,92,Low,Yes,1,High,Low,Private,Neutral,4,No,High School,Near,Male
20,70,Low,Medium,Yes,9,69,High,Yes,2,Medium,High,Public,Neutral,3,No,Postgraduate,Near,Female
25,73,Medium,High,Yes,7,91,Medium,Yes,0,Medium,High,Public,Neutral,4,No,,Near,Female
16,81,Medium,Medium,Yes,8,57,High,Yes,1,Medium,Medium,Private,Positive,2,No,High School,Near,Male
22,68,High,Medium,No,8,96,Medium,Yes,1,Medium,Medium,Public,Positive,3,No,Postgraduate,Moderate,Female
22,92,Medium,Low,Yes,7,74,High,Yes,2,Medium,Low,Public,Positive,4,No,College,Moderate,Male
9,91,Medium,Medium,No,10,59,High,Yes,0,Low,Medium,Private,Positive,2,No,College,Moderate,Male
32,66,High,High,Yes,10,77,High,Yes,3,Medium,Medium,Public,Neutral,1,No,College,Near,Male
28,79,Medium,High,Yes,9,94,Low,Yes,2,Low,Medium,Private,Positive,5,No,College,Near,Male
18,91,High,Medium,Yes,6,69,Medium,Yes,5,Low,High,Public,Positive,2,No,High School,Near,Male
13,73,Medium,Low,No,9,59,Medium,Yes,0,Medium,High,Public,Neutral,4,No,Postgraduate,Near,Male
22,85,Low,Medium,Yes,4,79,Medium,Yes,1,High,Low,Public,Positive,2,No,College,Near,Male
21,62,Medium,Medium,No,9,92,Medium,Yes,1,Medium,Medium,Private,Positive,4,Yes,High School,Near,Male
22,84,Medium,Medium,No,4,56,Medium,Yes,0,High,Low,Private,Positive,2,No,High School,Moderate,Male
21,66,Medium,Medium,Yes,7,52,High,Yes,1,Medium,Medium,Public,Neutral,3,No,High School,Far,Female
23,93,High,High,No,9,53,High,Yes,1,Low,Medium,Private,Neutral,4,No,College,Near,Female
29,74,Medium,High,Yes,8,62,High,Yes,3,Low,High,Public,Positive,3,Yes,Postgraduate,Moderate,Male
23,71,Medium,Medium,Yes,5,50,Medium,Yes,1,Low,High,Public,Positive,1,No,College,Near,Female
14,94,Medium,High,Yes,7,71,Medium,Yes,0,Medium,Medium,Private,Negative,3,Yes,College,Moderate,Female
28,62,Low,High,No,8,85,Medium,Yes,2,Low,High,Public,Positive,3,No,High School,Moderate,Female
30,76,Medium,Medium,Yes,7,86,Medium,Yes,1,Medium,High,Public,Neutral,2,Yes,Postgraduate,Far,Male
39,75,Medium,High,Yes,6,82,High,Yes,1,High,Low,Public,Negative,3,No,College,Near,Male
13,71,Medium,High,Yes,8,65,High,Yes,2,Medium,Medium,Public,Neutral,4,No,Postgraduate,Near,Female
21,96,Medium,Medium,Yes,9,87,Medium,Yes,0,Medium,Medium,Public,Neutral,6,Yes,High School,Near,Female
8,90,High,High,No,7,79,High,Yes,2,Low,Medium,Public,Negative,4,No,College,Near,Male
23,63,Low,Medium,Yes,9,93,Medium,Yes,2,Medium,High,Private,Positive,2,No,High School,Far,Male
17,89,Medium,Medium,No,7,74,Medium,Yes,1,Low,Medium,Private,Positive,2,No,Postgraduate,Moderate,Female
32,81,High,Medium,No,6,59,High,Yes,2,High,Medium,Public,Neutral,2,No,High School,Moderate,Female
15,96,High,High,No,9,82,Medium,Yes,2,Low,Low,Private,Neutral,3,No,High School,Near,Female
10,73,Medium,Low,Yes,9,58,Low,Yes,5,Low,Medium,Private,Negative,3,No,High School,Moderate,Male
17,83,High,Medium,Yes,6,98,Medium,Yes,0,Medium,Medium,Public,Positive,3,No,High School,Near,Male
8,80,Low,Medium,Yes,6,85,Medium,Yes,1,Low,High,Public,Negative,3,No,Postgraduate,Near,Male
25,80,Medium,Medium,Yes,10,88,Low,Yes,0,Low,High,Private,Negative,2,No,College,Moderate,Male
8,78,High,Medium,Yes,7,84,Medium,Yes,0,Medium,Medium,Public,Positive,2,No,College,Near,Male
20,68,High,Medium,Yes,7,55,High,Yes,0,Low,Low,Public,Positive,3,Yes,High School,Near,Female
8,90,Medium,Medium,No,7,73,High,Yes,3,High,Low,Private,Negative,4,No,Postgraduate,Near,Male
18,78,Low,High,Yes,9,83,Medium,Yes,2,Low,Medium,Private,Negative,2,No,Postgraduate,Moderate,Female
30,98,Low,Medium,Yes,10,61,Medium,Yes,0,Low,Medium,Public,Positive,3,No,Postgraduate,Moderate,Male
22,70,Medium,High,No,7,84,Low,Yes,3,Low,High,Public,Positive,5,No,High School,Near,Male
15,87,High,Medium,Yes,10,91,Medium,Yes,1,Low,Low,Public,Neutral,4,No,High School,Moderate,Male
20,98,Medium,Medium,Yes,6,64,Medium,Yes,1,High,High,Private,Positive,3,No,Postgraduate,Moderate,Male
20,87,Medium,High,Yes,7,60,Medium,Yes,0,Low,Medium,Public,Positive,2,Yes,High School,Far,Female
23,95,Medium,Medium,Yes,8,94,Medium,Yes,1,Medium,Medium,Public,Positive,4,No,High School,Near,Male
12,93,High,High,Yes,6,50,Low,Yes,4,High,High,Public,Positive,3,No,Postgraduate,Moderate,Male
24,74,Low,Low,Yes,8,63,High,Yes,1,Low,High,Public,Positive,3,No,High School,Moderate,Male
4,84,Medium,Medium,Yes,6,70,Medium,Yes,5,Medium,High,Private,Neutral,4,No,High School,Near,Male
16,66,High,Medium,Yes,5,84,Medium,Yes,2,Medium,Medium,Private,Neutral,3,No,High School,Near,Female
17,81,Medium,Medium,Yes,4,100,Low,Yes,2,Medium,High,Private,Neutral,2,No,College,Near,Male
24,69,High,Medium,No,7,69,Medium,No,7,High,Medium,Public,Positive,3,No,College,Near,Female
20,90,Medium,Low,Yes,8,97,Low,Yes,1,Medium,Low,Private,Neutral,2,No,High School,Near,Female
12,81,Low,Medium,Yes,5,68,High,Yes,0,Low,High,Private,Negative,2,No,High School,Near,Male
14,76,Medium,Medium,No,7,85,High,Yes,3,Low,Medium,Private,Neutral,3,No,College,Near,Male
21,71,Medium,Medium,No,7,58,Low,Yes,3,Low,Medium,Public,Negative,5,No,College,Near,Female
20,100,Medium,Medium,Yes,7,73,Medium,Yes,1,Low,Medium,Public,Neutral,4,No,College,Near,Female
17,63,Medium,Medium,No,6,94,Low,Yes,0,Medium,Medium,Public,Negative,2,No,High School,Moderate,Male
17,62,Medium,Medium,No,7,66,High,Yes,2,High,Medium,Public,Neutral,4,No,High School,Moderate,Male
24,69,Medium,High,Yes,7,55,Low,Yes,3,Medium,High,Public,Neutral,4,No,High School,Near,Male
17,99,Medium,Medium,No,8,76,Low,No,2,High,Medium,Public,Positive,4,No,Postgraduate,Near,Male
19,99,Medium,Medium,Yes,5,72,Low,Yes,3,Medium,High,Private,Neutral,4,No,Postgraduate,Near,Male
33,86,Medium,Medium,No,7,61,Medium,Yes,1,High,,Public,Positive,3,No,High School,Near,Male
11,95,Medium,Medium,Yes,5,95,Low,Yes,1,Low,High,Public,Positive,3,No,Postgraduate,Near,Male
9,69,Low,Medium,Yes,7,80,Medium,Yes,1,Medium,Medium,Private,Neutral,3,No,College,Moderate,Male
25,99,Medium,Medium,No,5,67,Medium,Yes,1,Low,High,Public,Neutral,3,No,,Near,Male
16,66,Medium,Medium,Yes,6,100,Medium,Yes,1,Medium,Medium,Public,Neutral,3,No,High School,Moderate,Female
18,64,Low,Medium,Yes,7,57,Medium,Yes,1,High,Medium,Public,Neutral,3,No,High School,Moderate,Male
15,64,Medium,Medium,No,6,92,Low,Yes,3,Low,Medium,Public,Negative,4,No,College,Near,Female
18,83,Medium,Low,Yes,9,62,High,Yes,2,Low,Medium,Public,Negative,2,No,High School,Near,Male
30,91,High,Medium,No,9,62,Low,Yes,3,Low,High,Public,Negative,4,No,Postgraduate,Near,Female
25,75,Medium,Low,Yes,8,75,High,Yes,2,High,High,Private,Negative,4,Yes,Postgraduate,Near,Male
25,99,Medium,Medium,No,8,83,Medium,Yes,1,Medium,Medium,Public,Neutral,2,No,College,Near,Female
12,77,Low,Low,Yes,7,85,Medium,Yes,1,Medium,Medium,Public,Positive,3,No,College,Far,Male
13,66,High,Medium,Yes,9,51,Low,Yes,3,Medium,Medium,Private,Positive,2,No,Postgraduate,Moderate,Male
3,79,Low,Medium,Yes,7,64,Low,Yes,0,Medium,Medium,Public,Negative,3,No,Postgraduate,Far,Female
15,87,Medium,Medium,No,10,83,Medium,Yes,1,High,High,Private,Positive,3,No,High School,Near,Male
26,93,High,High,Yes,6,94,Low,Yes,1,Medium,High,Public,Negative,2,No,High School,Near,Female
23,78,Medium,Medium,Yes,5,83,Medium,Yes,1,Medium,Medium,Public,Positive,3,No,High School,Near,Male
19,84,Medium,Medium,Yes,5,63,Medium,Yes,1,High,Medium,Private,Positive,2,No,High School,Near,Male
20,71,Medium,Medium,Yes,5,75,Low,Yes,0,Medium,Medium,Private,Positive,4,No,High School,Near,Male
16,86,Low,Low,Yes,5,82,Low,Yes,0,Low,Medium,Public,Neutral,4,No,High School,Moderate,Female
21,99,Medium,Low,No,7,57,High,Yes,2,Medium,Medium,Public,Neutral,2,No,Postgraduate,Near,Male
25,62,Medium,Low,Yes,8,77,Medium,Yes,0,Medium,Low,Public,Negative,4,No,College,Far,Female
10,95,High,Low,Yes,7,74,High,Yes,2,Low,Medium,Public,Negative,3,No,High School,Far,Male
22,82,Low,Medium,No,5,67,Low,Yes,1,Low,High,Private,Neutral,1,Yes,Postgraduate,Near,Female
26,70,High,Medium,No,6,81,Low,Yes,0,Low,High,Public,Neutral,3,No,High School,Moderate,Male
18,98,High,Low,No,8,82,Medium,Yes,3,Medium,High,Public,Negative,3,No,College,Near,Male
24,79,Low,High,No,6,99,High,No,2,Low,High,Public,Negative,3,No,High School,Near,Male
37,73,Medium,High,Yes,6,71,Medium,Yes,0,High,High,Public,Positive,5,No,High School,Moderate,Male
19,67,Medium,High,No,5,77,Medium,Yes,1,Medium,High,Private,Negative,4,No,Postgraduate,Near,Male
22,70,Medium,Low,Yes,6,58,Low,Yes,4,High,Medium,Public,Positive,2,No,Postgraduate,Moderate,Male
16,93,Low,High,No,6,77,High,Yes,2,Low,Medium,Public,Negative,1,No,High School,Moderate,Male
21,85,Low,High,Yes,7,52,Medium,Yes,5,High,High,Public,Positive,3,No,Postgraduate,Moderate,Male
23,97,High,High,Yes,8,57,Low,No,2,High,Medium,Public,Positive,1,No,Postgraduate,Far,Male
21,69,Low,Medium,No,7,59,Medium,Yes,3,Low,Medium,Public,Neutral,3,No,Postgraduate,Near,Male
14,65,Low,High,No,7,82,Low,Yes,1,Low,Low,Public,Negative,3,No,High School,Near,Male
21,60,High,Low,No,8,78,Medium,Yes,2,Medium,High,Public,Positive,2,No,High School,Near,Female
29,80,Medium,Low,Yes,5,90,Medium,Yes,2,Medium,Low,Public,Positive,1,No,College,Near,Female
23,100,Medium,Low,Yes,10,73,Medium,Yes,3,Medium,Medium,Private,Neutral,2,No,College,Near,Male
26,88,Medium,High,No,6,74,Medium,Yes,0,Low,Medium,Public,Negative,2,No,High School,Moderate,Female
19,72,Medium,Low,Yes,8,58,Medium,Yes,0,Medium,Low,Public,Neutral,3,No,High School,Near,Female
24,95,Medium,Low,No,5,87,Medium,Yes,0,Low,Medium,Public,Neutral,2,No,High School,Far,Male
22,91,High,High,Yes,7,50,Medium,Yes,2,Low,,Public,Positive,5,No,Postgraduate,Moderate,Male
14,61,Medium,Low,Yes,7,71,Medium,Yes,0,Medium,Low,Private,Neutral,1,No,Postgraduate,Near,Female
22,93,Medium,High,No,9,59,Low,Yes,3,Low,High,Public,Positive,4,No,Postgraduate,Near,Female
14,72,Low,High,No,7,89,Medium,Yes,2,Medium,Medium,Public,Positive,3,No,High School,Near,Female
16,66,Medium,Low,No,9,84,High,Yes,3,Low,Low,Public,Positive,4,No,High School,Near,Female
21,69,Medium,Low,Yes,7,85,Medium,Yes,2,Medium,Medium,Private,Positive,0,No,Postgraduate,Near,Male
22,79,Low,Medium,No,10,57,Low,Yes,1,Medium,High,Public,Positive,2,No,High School,Near,Male
13,77,Medium,High,No,4,83,Medium,Yes,1,Medium,High,Public,Negative,2,No,Postgraduate,Moderate,Male
26,72,Low,High,No,8,85,Medium,Yes,2,Low,Medium,Public,Negative,3,No,High School,Near,Male
23,67,Medium,Medium,No,4,50,Low,Yes,4,Low,Medium,Private,Positive,3,No,College,Moderate,Male
16,90,High,Medium,No,7,66,Medium,Yes,0,High,High,Public,Negative,3,No,High School,Moderate,Male
11,100,Medium,Medium,Yes,9,54,Low,Yes,1,Low,Medium,Public,Negative,3,No,Postgraduate,Near,Male
19,91,Low,High,Yes,9,84,High,Yes,2,High,High,Public,Positive,3,Yes,High School,Near,Male
17,72,Medium,Medium,No,8,61,Medium,Yes,1,Medium,Medium,Public,Neutral,4,No,Postgraduate,Moderate,Male
21,70,Low,Low,No,7,63,Medium,Yes,0,Medium,Medium,Public,Positive,2,No,High School,Far,Male
18,69,High,High,Yes,8,54,Low,Yes,1,High,High,Private,Neutral,2,No,High School,Near,Male
8,65,Medium,Medium,No,10,74,Medium,Yes,1,Medium,High,Private,Positive,5,No,High School,Near,Male
18,82,High,Low,No,7,52,Low,Yes,1,Low,Medium,Public,Negative,4,No,High School,Near,Female
18,84,High,High,Yes,8,92,Low,Yes,0,Low,High,Public,Negative,3,No,College,Near,Female
24,88,Medium,Medium,Yes,6,51,High,Yes,4,Medium,Low,Public,Positive,4,No,High School,Near,Male
16,87,High,Medium,No,9,53,High,Yes,3,Medium,High,Private,Neutral,5,No,College,Near,Male
30,72,High,Medium,Yes,8,82,High,Yes,1,Low,Medium,Public,Positive,1,No,College,Moderate,Female
9,73,Medium,Medium,Yes,6,96,Low,Yes,0,Low,High,Public,Positive,2,No,High School,Near,Male
28,87,Medium,Medium,No,8,95,Medium,Yes,2,Medium,Low,Private,Positive,3,No,Postgraduate,Near,Female
19,74,Medium,High,No,8,54,High,Yes,0,Medium,Medium,Public,Positive,3,No,College,Near,Male
25,69,Medium,Medium,Yes,8,64,Medium,Yes,1,High,Low,Public,Negative,3,No,Postgraduate,Moderate,Female
20,75,Low,Medium,No,7,76,Medium,Yes,3,High,High,Private,Negative,3,No,College,Near,Female
27,71,Medium,Medium,Yes,9,51,Medium,No,3,High,Medium,Public,Neutral,1,No,College,Far,Female
18,64,Medium,Medium,Yes,6,76,Medium,Yes,2,Medium,High,Public,Positive,4,No,High School,Near,Male
13,93,Low,Low,No,7,72,High,Yes,2,Medium,Medium,Private,Positive,2,No,Postgraduate,Near,Female
29,94,High,Medium,No,7,79,Medium,Yes,6,Low,High,Private,Neutral,4,No,College,Near,Female
19,69,Medium,Medium,Yes,9,96,Medium,Yes,0,High,High,Private,Positive,3,No,High School,Moderate,Female
21,63,Medium,Medium,Yes,6,64,Low,Yes,1,High,High,Public,Negative,3,No,High School,Near,Male
27,90,Medium,Medium,No,7,82,Medium,Yes,0,Medium,Medium,Public,Positive,3,No,College,Moderate,Female
14,68,Medium,High,No,6,71,Low,Yes,1,Medium,Medium,Public,Positive,3,No,College,Moderate,Male
24,76,High,Low,Yes,7,72,Low,Yes,1,High,Medium,Public,Positive,2,No,College,Moderate,Male
16,63,Medium,Medium,Yes,8,82,Medium,Yes,0,High,Medium,Public,Neutral,3,No,High School,Near,Male
19,69,High,Medium,Yes,5,98,Medium,Yes,0,High,Medium,Public,Neutral,4,No,High School,Moderate,Male
20,92,Medium,Medium,Yes,9,93,Low,Yes,3,High,Medium,Public,Positive,2,No,College,Near,Female
11,92,High,Medium,Yes,8,82,High,Yes,4,Medium,Medium,Private,Negative,2,No,Postgraduate,Near,Female
15,68,High,Low,Yes,6,73,Medium,No,0,Medium,Medium,Public,Positive,3,No,College,Near,Male
28,73,High,Medium,Yes,6,71,Medium,Yes,0,Medium,High,Private,Positive,2,No,College,Moderate,Female
25,65,Low,Medium,Yes,9,89,Medium,Yes,2,Medium,High,Public,Neutral,3,No,High School,Near,Female
20,63,Medium,Medium,Yes,8,61,Medium,Yes,2,High,Medium,Public,Neutral,3,No,High School,Near,Male
21,100,Low,Medium,Yes,6,79,Medium,Yes,2,Low,Medium,Public,Neutral,1,No,High School,Near,Female
18,86,Medium,Medium,No,6,75,High,Yes,0,Low,High,Public,Neutral,4,No,High School,Near,Male
28,82,Medium,High,Yes,8,82,Low,Yes,1,Medium,Medium,Private,Negative,2,No,Postgraduate,Near,Male
19,91,Medium,Medium,No,8,59,High,Yes,1,High,Medium,Public,Neutral,2,No,Postgraduate,Near,Male
21,94,High,Low,No,8,85,Medium,Yes,1,Medium,Medium,Public,Negative,4,No,College,Near,Male
27,92,Medium,Medium,Yes,7,81,Medium,Yes,0,Low,Medium,Public,Negative,1,No,College,Near,Male
15,61,High,Low,Yes,8,59,Medium,Yes,1,Medium,Medium,Public,Neutral,2,No,Postgraduate,Moderate,Female
29,67,Low,High,No,7,72,Medium,No,0,Medium,High,Public,Neutral,3,No,High School,Near,Female
11,86,Medium,High,Yes,6,84,Medium,Yes,0,High,High,Private,Neutral,3,No,High School,Near,Male
30,75,Medium,Low,Yes,9,95,Low,Yes,1,High,Medium,Public,Negative,5,No,Postgraduate,Near,Male
18,99,Medium,Medium,No,8,56,Medium,No,2,Low,High,Private,Negative,3,No,High School,,Male
19,87,Low,High,Yes,6,50,Medium,Yes,3,Low,Medium,Public,Neutral,2,No,Postgraduate,Near,Male
9,98,High,High,No,7,58,Medium,Yes,2,Medium,Medium,Public,Negative,4,No,College,Near,Male
17,68,Medium,Medium,No,7,99,Medium,Yes,1,Medium,Low,Private,Neutral,1,No,Postgraduate,Near,Male
14,95,High,Medium,Yes,6,88,Medium,Yes,2,Low,Low,Public,Neutral,2,No,High School,Far,Male
16,73,High,Medium,Yes,7,81,Medium,Yes,1,High,High,Public,Negative,4,No,Postgraduate,Near,Male
19,100,Medium,High,Yes,6,57,Medium,Yes,1,High,Medium,Private,Positive,2,Yes,High School,Near,Male
26,66,High,High,No,8,71,High,Yes,2,Medium,Medium,Public,Neutral,3,No,High School,Near,Female
21,81,High,Medium,Yes,7,86,Medium,Yes,1,Low,Medium,Public,Neutral,4,No,College,Near,Male
22,92,High,Low,Yes,5,95,Low,Yes,0,Low,Low,Public,Positive,3,No,Postgraduate,Near,Male
13,77,High,High,Yes,7,69,Medium,Yes,2,Low,High,Private,Neutral,5,No,College,Moderate,Male
15,79,High,High,Yes,6,100,Medium,Yes,4,Low,Medium,Public,Neutral,3,No,College,Near,Female
31,99,Medium,Low,Yes,4,57,High,Yes,1,High,High,Public,Neutral,2,No,Postgraduate,Moderate,Female
16,77,Medium,Low,Yes,7,69,Low,Yes,1,Low,High,Public,Neutral,4,No,High School,Near,Female
30,84,High,Medium,Yes,9,94,Medium,Yes,1,Low,High,Private,Positive,2,Yes,High School,Near,Female
19,62,High,Medium,No,7,82,Low,Yes,0,Low,Low,Private,Neutral,5,Yes,Postgraduate,Near,Male
20,94,Medium,Medium,No,8,91,Medium,Yes,1,Low,Medium,Public,Positive,2,No,Postgraduate,Near,Female
26,86,Medium,Low,No,7,95,Medium,Yes,0,Low,High,Public,Negative,5,No,High School,Moderate,Male
28,76,Medium,High,Yes,6,75,High,Yes,3,High,Medium,Public,Positive,3,No,High School,Near,Male
19,61,Medium,High,Yes,6,62,High,Yes,1,High,Medium,Public,Neutral,2,No,Postgraduate,Moderate,Female
18,84,Low,Low,No,5,85,Medium,Yes,0,Medium,Medium,Public,Neutral,4,No,High School,Moderate,Male
20,61,Low,High,Yes,8,78,Medium,Yes,0,Low,Medium,Private,Positive,5,No,High School,Near,Female
22,60,High,Medium,Yes,8,89,Medium,Yes,2,Medium,High,Private,Neutral,4,No,College,Moderate,Male
25,85,Medium,Medium,Yes,7,76,Medium,Yes,2,High,Medium,Public,Positive,2,No,College,Near,Female
20,68,Medium,High,Yes,4,91,High,Yes,4,High,Medium,Private,Positive,4,No,College,Near,Male
24,68,High,Medium,Yes,8,95,Low,Yes,3,Medium,Medium,Public,Positive,0,No,High School,Moderate,Male
30,86,High,High,Yes,6,87,Medium,Yes,0,Low,Low,Private,Positive,4,No,College,Near,Female
22,62,Low,Medium,Yes,7,87,Medium,Yes,2,High,Low,Public,Neutral,3,No,High School,Near,Female
22,73,Low,Medium,No,5,79,Medium,Yes,4,Medium,Low,Public,Negative,1,No,Postgraduate,Moderate,Female
11,66,Medium,Medium,Yes,7,74,Medium,Yes,3,Medium,High,Private,Neutral,3,No,High School,Far,Female
4,83,High,Medium,No,7,99,Low,Yes,1,Low,Low,Private,Neutral,3,No,College,Near,Female
22,86,Low,Medium,No,4,82,Low,Yes,1,Low,Low,Private,Positive,5,No,College,Moderate,Male
19,89,Medium,High,No,9,92,High,Yes,5,Medium,Medium,Private,Positive,3,No,Postgraduate,Near,Male
17,70,High,Medium,No,7,75,Medium,Yes,1,Low,Medium,Private,Neutral,4,Yes,College,Far,Male
21,64,High,Low,Yes,7,78,Low,Yes,1,Medium,Medium,Public,Positive,4,No,High School,Near,Male
20,63,Medium,Low,No,8,83,Low,Yes,4,Medium,Medium,Public,Neutral,3,No,Postgraduate,Moderate,Female
27,77,Low,High,No,7,86,High,Yes,1,High,High,Public,Negative,3,No,College,Near,Male
21,98,Medium,Medium,Yes,8,72,Medium,Yes,3,Low,Low,Public,Positive,3,No,High School,Moderate,Female
16,69,Medium,Medium,Yes,5,68,Medium,Yes,0,Medium,High,Public,Neutral,4,No,College,Moderate,Male
26,70,Medium,High,Yes,7,62,Medium,Yes,0,Low,,Private,Negative,1,No,College,Near,Female
19,64,Medium,High,Yes,4,71,Medium,Yes,1,High,Medium,Public,Neutral,3,No,High School,Near,Male
23,84,Medium,High,No,7,61,Medium,Yes,2,Medium,High,Public,Neutral,5,No,College,Moderate,Male
17,87,Low,Low,Yes,9,71,Medium,Yes,2,Low,Medium,Public,Neutral,3,No,College,Moderate,Female
16,86,High,Medium,Yes,5,94,High,Yes,0,Medium,Medium,Public,Negative,2,No,High School,Near,Male
21,94,Medium,High,No,6,99,Medium,Yes,1,Medium,High,Private,Neutral,2,No,High School,Near,Male
20,79,Medium,High,Yes,4,79,Low,Yes,0,Medium,High,Private,Neutral,4,No,High School,Moderate,Male
23,65,High,High,No,7,57,Low,No,1,High,Medium,Public,Neutral,4,No,High School,Near,Male
18,72,Medium,Medium,No,8,71,Low,Yes,2,High,Medium,Public,Positive,4,No,Postgraduate,Near,Male
9,86,High,High,No,8,80,Medium,Yes,1,Low,Medium,Public,Positive,5,No,College,Far,Female
17,85,Medium,Low,No,6,69,Medium,Yes,1,Medium,Medium,Private,Neutral,3,Yes,Postgraduate,Near,Male
25,81,Medium,Medium,No,4,60,Medium,Yes,2,Medium,Medium,Private,Neutral,3,No,High School,Near,Male
18,87,Medium,Medium,No,5,61,High,Yes,2,Medium,Medium,Public,Positive,1,No,High School,Near,Male
19,85,Medium,High,Yes,9,74,Medium,Yes,1,High,Medium,Public,Neutral,3,No,College,Moderate,Female
26,95,Medium,Low,Yes,8,61,Medium,Yes,2,Medium,Medium,Private,Neutral,2,No,Postgraduate,Near,Female
16,83,Medium,Medium,Yes,7,62,Medium,Yes,0,Low,Medium,Private,Neutral,1,Yes,Postgraduate,Moderate,Male
11,91,Low,High,No,7,94,Medium,Yes,1,Medium,Medium,Public,Neutral,3,Yes,,Moderate,Male
19,70,Medium,Medium,No,5,89,Medium,Yes,1,Low,High,Private,Neutral,2,No,High School,Near,Male
17,87,Medium,Medium,Yes,9,53,Low,Yes,3,Low,Medium,Public,Positive,3,No,Postgraduate,Moderate,Female
14,96,Medium,High,No,6,66,Medium,Yes,3,Medium,Medium,Public,Positive,2,No,College,Near,Female
19,75,Medium,High,No,8,77,Medium,Yes,1,Low,Low,Public,Positive,4,No,High School,Moderate,Female
23,91,High,Medium,No,5,53,Low,Yes,3,Medium,High,Private,Negative,3,No,High School,Near,Male
20,89,Medium,High,Yes,7,84,Low,Yes,1,High,High,Public,Neutral,4,No,High School,Moderate,Male
22,62,High,Medium,Yes,9,69,Low,Yes,1,High,Low,Private,Negative,3,No,College,Near,Male
31,83,Low,High,Yes,6,70,Medium,Yes,3,Low,Medium,Private,Negative,3,No,College,Near,Male
18,65,Medium,High,Yes,8,63,Medium,Yes,1,Medium,Medium,Public,Positive,3,No,High School,Far,Male
22,99,Medium,Medium,Yes,5,67,High,Yes,1,Medium,High,Private,Negative,3,No,College,Near,Male
17,92,High,High,No,6,93,Medium,Yes,4,Medium,Low,Private,Neutral,4,No,College,Moderate,Female
15,64,High,Low,Yes,7,89,Low,Yes,0,Low,Medium,Public,Negative,2,No,High School,Near,Male
16,65,High,Low,Yes,8,97,High,Yes,2,Low,Medium,Public,Negative,4,Yes,High School,Near,Female
17,84,Low,High,No,7,85,High,Yes,0,Medium,Medium,Private,Positive,2,No,College,Moderate,Male
22,74,High,Low,Yes,8,79,Low,Yes,3,Medium,Medium,Public,Neutral,1,No,High School,Near,Female
34,61,Medium,Low,No,9,63,Low,Yes,2,Medium,Medium,Public,Neutral,5,No,High School,Moderate,Female
16,82,Low,Medium,No,6,83,Medium,Yes,0,Medium,Medium,Public,Negative,2,No,High School,Near,Female
18,76,Medium,Low,No,5,95,High,Yes,2,High,High,Public,Positive,6,No,Postgraduate,Near,Female
20,64,Medium,High,No,6,53,High,No,4,High,Medium,Private,Neutral,4,No,College,Moderate,Female
22,92,High,High,No,9,72,Low,Yes,1,Low,High,Public,Neutral,4,Yes,Postgraduate,Near,Male
22,97,Medium,Medium,Yes,6,57,Medium,Yes,0,Medium,High,Private,Positive,2,No,High School,Near,Male
28,90,Low,Medium,Yes,9,91,Medium,Yes,0,Medium,Medium,Public,Positive,2,No,College,Moderate,Female
5,93,Medium,Medium,Yes,7,81,Medium,No,1,Low,High,Public,Neutral,2,No,College,Near,Female
6,69,High,Medium,Yes,10,94,Medium,No,1,Medium,Medium,Private,Neutral,4,No,Postgraduate,Near,Female
17,71,Medium,Medium,Yes,10,53,Low,Yes,0,Low,Low,Public,Positive,3,No,High School,Moderate,Male
27,68,Medium,Low,Yes,9,95,Medium,Yes,1,Low,Medium,Public,Positive,3,No,College,Moderate,Male
11,91,Medium,Medium,No,5,53,Medium,Yes,0,Low,Medium,Private,Neutral,2,No,Postgraduate,Near,Female
2,98,High,Medium,No,4,64,Medium,Yes,1,Low,High,Private,Neutral,2,No,High School,Near,Female
23,89,High,High,Yes,7,58,Medium,Yes,2,Medium,High,Private,Positive,3,No,Postgraduate,Moderate,Male
21,95,Medium,High,Yes,8,57,Low,No,1,Low,Medium,Public,Positive,3,No,High School,Near,Male
13,86,Medium,High,No,8,59,Medium,Yes,3,Medium,Medium,Public,Neutral,3,No,High School,Near,Male
14,76,High,Medium,No,6,74,Low,Yes,0,High,Medium,Private,Positive,2,Yes,College,Far,Male
14,77,High,High,Yes,5,89,Low,Yes,0,Medium,Medium,Private,Positive,2,No,College,Near,Male
21,63,Low,High,Yes,8,95,Medium,Yes,2,High,Medium,Public,Neutral,5,No,High School,Near,Male
16,61,Medium,High,Yes,10,78,Medium,Yes,2,Low,High,Public,Positive,2,No,College,Moderate,Female
23,88,High,Low,Yes,6,58,Medium,Yes,2,Low,Medium,Public,Neutral,2,No,High School,Moderate,Male
3,78,Medium,Medium,No,8,54,High,Yes,2,High,Medium,Public,Positive,4,No,High School,Moderate,Male
15,82,Medium,Medium,Yes,10,75,Medium,Yes,1,High,Medium,Public,Negative,1,No,College,Near,Female
13,82,Medium,Medium,Yes,7,88,Medium,Yes,0,Low,Medium,Public,Neutral,2,No,High School,Near,Female
18,71,Medium,High,Yes,7,81,Medium,Yes,0,Medium,Medium,Public,Negative,4,No,College,Moderate,Female
17,79,Medium,Medium,No,8,79,Medium,Yes,3,Medium,High,Private,Neutral,5,Yes,Postgraduate,Near,Male
25,79,High,Medium,Yes,7,52,Medium,Yes,1,Medium,Medium,Public,Negative,2,No,Postgraduate,Moderate,Female
9,76,Medium,Medium,Yes,9,71,Medium,Yes,1,Medium,High,Public,Neutral,3,No,College,Near,Male
20,93,High,Medium,No,6,78,Low,Yes,1,Low,Medium,Public,Positive,3,No,College,Moderate,Female
23,78,High,High,No,7,80,Medium,Yes,0,Low,Medium,Private,Neutral,2,No,High School,Near,Female
31,84,Medium,Medium,No,5,50,Medium,No,2,Low,High,Private,Positive,3,No,High School,Near,Male
17,96,High,Medium,Yes,7,60,Low,Yes,0,Low,Medium,Private,Neutral,2,Yes,College,Near,Male
22,95,Medium,Medium,No,5,97,Medium,Yes,0,Low,Low,Public,Neutral,3,No,High School,Moderate,Male
9,96,Medium,Low,Yes,8,75,Low,Yes,1,Low,High,Private,Positive,4,Yes,High School,Near,Female
6,71,Medium,High,Yes,5,85,Medium,Yes,1,Low,Medium,Public,Positive,2,No,High School,Moderate,Male
25,61,Medium,High,Yes,8,65,Low,Yes,3,Low,Low,Public,Neutral,3,No,College,Near,Female
20,70,Low,Medium,Yes,6,79,Low,Yes,4,Medium,Medium,Public,Positive,4,No,Postgraduate,Near,Male
27,71,Medium,High,Yes,10,68,Medium,Yes,1,Low,Medium,Public,Negative,2,No,High School,Moderate,Male
12,96,Medium,Medium,No,9,65,Medium,Yes,2,High,High,Private,Neutral,4,Yes,Postgraduate,Near,Female
23,86,Medium,Medium,Yes,8,71,High,Yes,3,Medium,Medium,Public,Neutral,4,No,College,Near,Female
31,63,High,High,No,5,73,Medium,Yes,1,High,Low,Public,Positive,2,No,High School,Near,Female
23,65,High,Medium,No,6,67,High,No,3,Medium,Medium,Private,Negative,5,No,High School,Moderate,Male
22,66,Medium,Medium,No,6,63,High,Yes,1,Low,Medium,Private,Neutral,5,No,Postgraduate,Far,Male
20,85,Medium,Low,No,6,81,Low,Yes,1,High,High,Private,Positive,3,No,College,Near,Male
11,89,Low,High,No,9,69,Low,Yes,1,Low,Low,Public,Neutral,3,No,High School,Near,Male
28,94,Medium,High,No,7,60,Low,Yes,1,Low,Medium,Public,Positive,3,No,High School,Near,Male
16,98,High,Medium,No,6,88,Medium,Yes,1,Low,Medium,Public,Neutral,3,No,Postgraduate,Moderate,Female
23,68,High,Medium,Yes,6,86,Medium,Yes,0,Medium,Medium,Public,Positive,2,No,Postgraduate,Near,Male
11,72,Medium,Medium,Yes,6,94,Low,Yes,2,Medium,Medium,Public,Positive,3,No,High School,Moderate,Male
13,70,Medium,High,Yes,8,78,Medium,Yes,0,Low,Medium,Private,Negative,3,Yes,High School,Near,Male
29,74,Medium,Low,No,5,64,Medium,Yes,2,Medium,Medium,Public,Neutral,1,No,College,Moderate,Male
18,97,Medium,High,Yes,7,93,Medium,Yes,5,High,Medium,Public,Positive,4,No,College,Near,Female
29,83,High,High,Yes,8,64,Medium,Yes,2,Medium,High,Public,Neutral,1,No,High School,Far,Male
20,90,Medium,Medium,Yes,4,83,High,Yes,1,Low,Low,Public,Positive,3,No,College,Near,Male
9,80,High,Low,No,5,60,Medium,Yes,2,Low,Medium,Private,Neutral,3,No,High School,Near,Male
25,61,Medium,Medium,No,7,81,High,Yes,0,Medium,Medium,Public,Positive,4,No,High School,Moderate,Female
16,63,Medium,Low,No,9,92,Medium,Yes,0,Low,Medium,Private,Positive,3,No,College,Moderate,Female
24,82,Medium,Medium,No,9,77,Medium,Yes,3,Medium,Medium,Public,Positive,2,No,High School,Near,Female
20,89,Low,Low,Yes,6,74,Low,Yes,1,Medium,Low,Private,Positive,3,No,Postgraduate,Far,Male
11,69,High,Medium,Yes,9,100,Low,Yes,1,Low,Medium,Public,Neutral,5,No,High School,Near,Male
21,89,High,Medium,Yes,7,51,Low,Yes,1,Medium,Medium,Public,Positive,4,No,High School,Near,Female
33,92,High,High,Yes,7,67,Low,Yes,6,High,Medium,Public,Positive,5,No,High School,Near,Female
23,76,Low,High,Yes,7,96,Low,Yes,2,Medium,Medium,Private,Neutral,4,No,High School,Near,Female
20,90,High,High,No,8,82,Medium,Yes,2,High,,Private,Negative,4,Yes,High School,Moderate,Female
26,76,Low,Medium,Yes,6,77,Medium,Yes,1,Medium,Medium,Private,Neutral,5,No,High School,Near,Male
21,87,Low,Low,Yes,6,82,Medium,Yes,0,Medium,High,Public,Neutral,5,No,Postgraduate,Near,Female
21,91,Medium,Medium,No,5,66,Low,Yes,1,High,Medium,Public,Positive,3,No,College,Near,Female
13,100,Medium,Low,Yes,8,54,Medium,Yes,0,Medium,High,Public,Positive,3,No,College,Near,Female
21,74,High,Low,Yes,8,64,Medium,Yes,3,Low,Low,Public,Neutral,1,No,College,Far,Male
26,76,Medium,Medium,Yes,8,67,High,Yes,1,Low,Medium,Public,Negative,3,No,High School,Moderate,Male
15,67,Low,Medium,Yes,5,74,Medium,Yes,1,High,High,Public,Positive,2,No,Postgraduate,Near,Male
29,68,Medium,Low,No,6,70,Low,Yes,0,Medium,Medium,Public,Negative,2,No,Postgraduate,Near,Male
19,88,Medium,Medium,Yes,9,76,Low,Yes,1,Medium,High,Public,Positive,3,No,High School,Far,Male
15,97,Low,Medium,No,7,60,Low,Yes,4,Medium,Medium,Public,Negative,3,No,High School,Near,Female
26,76,Medium,Medium,No,7,59,Low,Yes,0,Medium,Medium,Public,Neutral,1,Yes,Postgraduate,Near,Male
18,67,High,High,Yes,7,68,Medium,Yes,0,Medium,Medium,Public,Positive,4,No,High School,Near,Male
25,71,Medium,Low,Yes,8,74,Low,Yes,4,Medium,Medium,Public,Positive,4,Yes,Postgraduate,Near,Male
18,78,High,Medium,No,7,67,Low,No,0,High,Medium,Public,Negative,3,No,College,Moderate,Male
20,72,Medium,Low,Yes,6,79,Medium,Yes,1,Low,Medium,Private,Positive,4,No,Postgraduate,Near,Female
23,69,Medium,Low,Yes,8,66,Low,No,1,Medium,Medium,Public,Positive,3,No,College,Far,Male
22,89,Medium,High,No,5,59,High,Yes,5,Medium,Medium,Private,Positive,4,Yes,High School,Near,Male
8,60,High,Medium,Yes,9,93,High,Yes,0,Low,High,Public,Neutral,3,No,Postgraduate,Near,Female
13,82,Medium,High,No,6,60,Medium,Yes,1,Low,Low,Public,Positive,4,No,College,Far,Female
26,92,Low,Medium,Yes,8,98,Medium,Yes,2,Medium,Medium,Public,Neutral,3,No,Postgraduate,Moderate,Male
19,71,High,Medium,Yes,7,99,Low,Yes,0,Low,High,Public,Negative,4,No,High School,Moderate,Female
17,84,Low,High,No,6,85,Medium,Yes,1,Medium,Low,Public,Positive,2,No,College,Near,Female
12,87,High,High,Yes,9,75,Medium,No,1,Low,Medium,Private,Neutral,3,Yes,College,Moderate,Female
14,86,Low,Low,Yes,8,90,Low,Yes,0,Low,Medium,Private,Neutral,1,No,High School,Near,Male
8,78,High,High,No,7,94,Low,Yes,1,High,High,Public,Neutral,3,Yes,High School,Near,Female
19,74,Medium,Medium,Yes,10,85,Medium,Yes,1,Low,Medium,Public,Positive,5,No,Postgraduate,Moderate,Male
16,93,Medium,Medium,Yes,8,55,Low,Yes,0,High,Medium,Public,Neutral,4,No,High School,Moderate,Male
14,90,Low,Medium,Yes,6,50,Medium,Yes,0,Medium,High,Private,Positive,3,No,College,Moderate,Male
20,73,Medium,High,Yes,4,60,Medium,Yes,1,Low,Medium,Private,Positive,3,Yes,High School,Moderate,Male
22,64,High,Low,No,7,59,High,Yes,0,Medium,High,Private,Positive,5,Yes,High School,Near,Female
33,63,High,High,Yes,9,59,Medium,Yes,1,Medium,Medium,Public,Positive,4,No,High School,Near,Male
11,64,Medium,Medium,No,8,75,Low,Yes,1,High,Medium,Private,Positive,3,No,High School,Moderate,Male
27,83,Medium,Medium,Yes,9,76,Medium,Yes,1,Low,High,Public,Positive,4,No,High School,Near,Male
26,62,Low,High,No,6,86,Medium,Yes,2,Medium,Medium,Public,Positive,3,No,High School,Near,Male
15,73,Medium,Medium,Yes,7,60,High,Yes,3,Medium,Medium,Public,Neutral,4,No,College,Near,Female
21,90,Medium,Low,No,7,55,Medium,Yes,2,Medium,Medium,Public,Neutral,2,No,College,Near,Female
17,72,Low,Medium,No,7,83,Low,Yes,3,Medium,High,Public,Negative,3,Yes,,Far,Female
21,91,Medium,High,Yes,8,74,Low,Yes,0,Medium,Medium,Public,Negative,2,No,Postgraduate,Near,Female
29,90,Medium,Medium,Yes,9,83,Medium,Yes,0,Medium,High,Private,Positive,3,No,High School,Near,Female
24,70,Low,Low,Yes,10,69,High,Yes,1,High,Medium,Public,Negative,2,No,High School,Moderate,Female
23,89,Low,Medium,No,9,88,High,Yes,1,High,Medium,Public,Neutral,5,No,Postgraduate,,Male
17,90,Medium,High,No,8,84,Medium,Yes,1,Low,Low,Public,Negative,4,No,High School,Far,Female
11,76,Low,Medium,No,6,83,High,Yes,3,Medium,Medium,Public,Positive,1,No,High School,Near,Female
19,68,High,High,No,7,51,Medium,No,1,High,Medium,Public,Positive,1,No,High School,Moderate,Female
27,81,Medium,High,Yes,8,93,Medium,Yes,0,High,High,Public,Neutral,3,No,College,Near,Female
11,97,Low,Low,Yes,7,69,Medium,Yes,3,Low,Medium,Public,Positive,2,No,High School,Near,Female
14,86,High,Medium,No,6,57,Medium,Yes,3,High,High,Private,Neutral,2,No,College,Near,Female
21,67,Medium,Medium,Yes,6,88,Medium,Yes,1,Low,Medium,Private,Positive,5,No,Postgraduate,Near,Female
14,87,Medium,Low,Yes,8,74,Medium,Yes,0,Medium,High,Public,Neutral,3,Yes,College,Moderate,Male
15,77,Medium,Medium,Yes,7,52,Medium,Yes,1,Medium,Medium,Public,Neutral,2,No,College,Near,Male
17,84,Low,High,Yes,7,89,Medium,Yes,2,High,Medium,Public,Positive,2,No,High School,Moderate,Male
12,89,Medium,Low,Yes,7,72,Medium,Yes,1,High,High,Public,Neutral,5,No,College,Near,Male
14,81,Medium,Medium,No,6,88,Medium,Yes,1,High,Medium,Public,Positive,3,No,Postgraduate,Moderate,Female
24,93,High,Medium,Yes,7,88,Low,Yes,1,Medium,High,Public,Negative,3,No,High School,Moderate,Female
12,89,Medium,Low,Yes,6,55,Low,Yes,1,Low,High,Public,Negative,3,No,High School,Near,Female
10,85,Medium,Medium,Yes,6,81,Medium,Yes,3,Low,Medium,Public,Neutral,3,No,High School,Near,Female
16,66,High,High,No,5,68,High,No,2,Low,Medium,Public,Positive,5,No,Postgraduate,Moderate,Male
24,93,Medium,Low,Yes,7,77,Medium,Yes,0,Low,Medium,Private,Negative,3,No,High School,Near,Female
19,97,Medium,Low,Yes,8,54,Medium,Yes,0,High,Medium,Public,Neutral,2,No,High School,Near,Male
17,65,Medium,High,No,9,79,Medium,Yes,0,Medium,Medium,Public,Positive,2,Yes,High School,Moderate,Male
20,80,Low,Medium,Yes,5,89,Medium,Yes,0,High,High,Public,Neutral,3,No,Postgraduate,Far,Male
10,70,High,High,Yes,9,99,Medium,Yes,1,Medium,Medium,Public,Neutral,4,No,High School,Moderate,Female
23,90,High,Medium,Yes,7,66,Low,Yes,2,High,High,Public,Neutral,3,No,High School,Near,Female
22,89,Medium,High,Yes,5,58,Medium,Yes,4,High,High,Public,Neutral,2,Yes,College,Near,Female
18,66,High,Medium,Yes,6,68,Low,No,1,Medium,High,Public,Positive,3,Yes,High School,Far,Male
26,95,Medium,Medium,No,4,51,Medium,Yes,1,Low,Medium,Public,Positive,2,No,High School,Near,Male
13,67,Medium,Low,Yes,5,70,Medium,Yes,0,Low,High,Private,Negative,2,No,High School,Near,Male
27,92,Low,Medium,No,10,96,Medium,Yes,0,Low,Medium,Public,Neutral,2,No,Postgraduate,Far,Male
21,78,Medium,High,No,6,60,High,Yes,1,Low,High,Private,Neutral,2,No,College,Near,Female
18,73,Medium,Medium,Yes,8,74,Low,No,3,Medium,High,Private,Neutral,2,No,Postgraduate,Near,Male
20,66,Low,Low,Yes,7,79,Medium,Yes,2,Medium,Medium,Private,Positive,2,No,High School,Moderate,Female
19,67,Medium,Medium,No,7,59,Low,Yes,3,Low,High,Private,Positive,3,No,Postgraduate,Near,Female
27,86,High,Medium,Yes,8,67,High,Yes,5,High,High,Public,Positive,2,Yes,Postgraduate,Near,Female
14,82,High,Medium,No,4,96,Low,Yes,2,High,Medium,Private,Negative,4,Yes,High School,Near,Male
15,65,Medium,Medium,No,9,65,Medium,Yes,1,Low,Medium,Public,Neutral,2,No,College,Near,Female
26,65,Medium,Medium,Yes,7,82,Low,Yes,1,Low,Medium,Public,Positive,1,No,Postgraduate,Far,Male
16,63,Low,Medium,Yes,6,57,Medium,Yes,2,Low,Low,Public,Neutral,3,No,Postgraduate,Near,Male
25,90,High,High,Yes,8,83,Medium,Yes,2,Medium,Medium,Public,Negative,3,No,College,Near,Male
30,88,High,Medium,Yes,6,64,Medium,Yes,1,High,Medium,Public,Neutral,2,No,College,Near,Female
18,62,Medium,Medium,Yes,7,62,Medium,Yes,1,Medium,Medium,Public,Positive,5,No,College,Moderate,Male
24,82,Low,Medium,No,7,56,Medium,Yes,1,Medium,Medium,Public,Positive,3,No,Postgraduate,Moderate,Male
13,63,Medium,High,Yes,8,52,Medium,Yes,2,Low,Medium,Public,Positive,4,No,High School,Near,Male
25,96,Low,Low,No,7,98,Medium,Yes,1,Medium,Medium,Private,Neutral,3,No,College,Near,Male
21,96,Medium,Medium,Yes,5,71,Medium,Yes,2,Low,High,Public,Negative,4,No,High School,Moderate,Male
23,88,Medium,Medium,No,8,89,Medium,Yes,0,Medium,High,Private,Positive,5,No,High School,Near,Female
16,97,Medium,Medium,No,7,96,Low,No,4,Low,High,Private,Neutral,2,No,High School,Near,Female
10,92,Medium,Medium,No,4,60,High,Yes,3,Low,Low,Public,Positive,2,No,College,Near,Female
23,93,Low,High,Yes,7,93,High,Yes,1,Medium,High,Public,Negative,3,No,High School,Near,Female
8,83,High,Low,Yes,6,85,Low,Yes,1,Low,High,Public,Neutral,3,No,High School,Far,Female
18,72,Low,Medium,Yes,8,79,Medium,Yes,1,Medium,High,Public,Positive,4,No,High School,Moderate,Male
26,69,High,High,Yes,6,90,Medium,Yes,3,Medium,Medium,Public,Positive,3,No,College,Moderate,Female
21,73,Medium,Medium,No,5,56,Medium,Yes,5,High,Medium,Private,Neutral,3,No,High School,Moderate,Male
32,85,Medium,Low,Yes,9,63,Low,No,2,High,Medium,Public,Neutral,3,No,High School,Moderate,Male
26,67,Low,Medium,No,8,57,Medium,Yes,0,Medium,Medium,Public,Negative,4,No,College,Far,Female
16,70,High,High,No,7,95,High,No,1,Medium,Medium,Public,Neutral,3,No,High School,Near,Female
20,79,Medium,Low,Yes,8,55,Low,Yes,3,Low,Medium,Private,Positive,4,No,High School,Near,Female
20,69,Medium,Low,Yes,8,99,High,Yes,1,Medium,High,Public,Negative,3,Yes,High School,Moderate,Female
11,84,Low,Medium,Yes,7,55,High,Yes,0,Medium,High,Public,Negative,3,No,,Near,Male
14,97,Medium,Medium,Yes,5,83,Medium,Yes,0,Low,Medium,Public,Positive,2,No,High School,Near,Female
17,90,Medium,Medium,No,7,83,Low,Yes,5,Medium,High,Public,Negative,3,Yes,High School,Near,Male
8,87,High,High,No,9,97,Low,Yes,2,Low,Medium,Public,Positive,3,No,High School,Near,Male
20,83,High,Low,Yes,8,66,Medium,Yes,1,High,Medium,Private,Neutral,3,Yes,College,Near,Female
19,80,High,High,Yes,7,67,Medium,Yes,2,Low,High,Public,Neutral,2,Yes,Postgraduate,Near,Female
10,67,High,Medium,Yes,8,92,Medium,Yes,1,Medium,High,Public,Negative,4,No,Postgraduate,Near,Male
22,96,Low,High,Yes,7,99,High,Yes,4,Low,Medium,Public,Positive,4,No,College,Moderate,Male
24,70,Medium,High,Yes,9,52,High,Yes,1,Low,Medium,Public,Positive,2,No,Postgraduate,Moderate,Male
21,64,Medium,Medium,No,9,82,Medium,Yes,2,Low,Medium,Public,Neutral,3,No,College,Moderate,Male
18,90,Low,Medium,Yes,5,62,High,Yes,3,Medium,Medium,Private,Neutral,2,No,High School,Moderate,Female
24,67,High,High,Yes,9,86,Medium,Yes,2,Medium,Medium,Public,Negative,2,No,College,Near,Female
24,75,Low,Medium,Yes,10,89,Low,Yes,0,Medium,High,Private,Positive,3,No,College,Near,Female
22,61,High,Medium,No,8,88,Low,Yes,1,Medium,High,Public,Neutral,4,No,High School,Near,Female
15,65,High,High,Yes,8,72,Low,Yes,2,Low,Medium,Private,Neutral,2,Yes,Postgraduate,Far,Male
22,67,Medium,Medium,Yes,6,58,Medium,Yes,1,Low,Medium,Public,Neutral,2,No,Postgraduate,Near,Male
27,62,Low,Low,Yes,6,79,Medium,Yes,0,Low,Medium,Private,Negative,3,No,College,Moderate,Male
16,86,Low,High,Yes,7,89,Low,Yes,1,Medium,Low,Public,Positive,2,No,Postgraduate,Near,Female
33,93,Medium,Medium,Yes,6,96,High,Yes,0,Low,Medium,Private,Positive,4,No,Postgraduate,Far,Female
17,75,Medium,Low,No,5,73,High,Yes,0,Low,Medium,Private,Neutral,4,No,High School,Near,Female
20,95,Medium,Low,Yes,7,62,Low,Yes,2,Low,Medium,Public,Neutral,4,No,College,Moderate,Male
16,69,Medium,Medium,No,8,56,Low,Yes,2,Medium,Medium,Private,Neutral,3,No,Postgraduate,Near,Male
21,73,High,High,No,5,90,Medium,Yes,0,Medium,Medium,Public,Neutral,2,No,College,Near,Female
10,66,Medium,High,No,7,77,Medium,Yes,0,Medium,High,Public,Positive,2,No,High School,Near,Male
17,85,Low,Medium,Yes,7,84,Medium,Yes,3,Medium,Medium,Public,Positive,2,No,College,Far,Female
13,77,High,High,No,7,58,Medium,Yes,2,Low,Medium,Public,Positive,3,No,High School,Near,Male
21,85,Medium,Medium,No,8,50,Low,Yes,1,Medium,High,Private,Neutral,2,No,High School,Far,Male
26,90,Medium,Medium,Yes,8,98,Medium,Yes,0,Low,Low,Private,Negative,3,Yes,Postgraduate,Moderate,Female
24,82,High,Medium,No,6,91,Medium,Yes,2,High,Medium,Public,Positive,1,No,High School,,Male
6,85,High,Medium,Yes,9,70,High,Yes,0,Low,Medium,Public,Positive,3,Yes,Postgraduate,Near,Female
32,97,High,Medium,Yes,8,73,Medium,Yes,0,High,Medium,Public,Negative,3,No,College,Near,Female
22,72,Low,Low,Yes,9,96,High,Yes,1,Low,Medium,Private,Positive,3,No,College,Near,Male
15,74,Medium,Low,No,7,60,Low,Yes,2,Medium,Medium,Public,Positive,3,No,High School,Far,Female
21,89,Low,Medium,No,7,90,Low,Yes,4,High,Medium,Public,Neutral,5,No,Postgraduate,Far,Male
21,84,High,High,No,7,51,Medium,Yes,0,Medium,Medium,Public,Positive,3,No,High School,Moderate,Male
16,67,Medium,High,Yes,9,94,High,Yes,1,Medium,Medium,Private,Neutral,2,No,Postgraduate,Near,Female
21,75,Low,High,Yes,7,79,Medium,Yes,0,Low,Medium,Public,Neutral,2,No,High School,Near,Male
16,79,High,Medium,Yes,7,74,High,Yes,3,Medium,Medium,Private,Positive,2,No,Postgraduate,Far,Male
18,77,High,Medium,No,10,85,Low,Yes,2,Medium,Medium,Public,Positive,3,No,Postgraduate,Near,Female
16,67,Medium,Medium,Yes,5,53,Low,Yes,2,Medium,Medium,Private,Positive,3,No,High School,Moderate,Male
11,97,Low,Medium,Yes,8,60,Low,Yes,2,Low,Medium,Public,Positive,3,No,College,Near,Female
21,90,Medium,Low,No,7,70,Medium,Yes,2,Low,Medium,Public,Negative,2,No,Postgraduate,Near,Female
24,79,High,Medium,No,7,81,High,Yes,0,High,Medium,Public,Positive,2,No,High School,Moderate,Male
23,87,Medium,Low,No,6,57,Medium,Yes,2,High,Medium,Public,Positive,3,Yes,High School,Near,Male
25,96,Low,High,Yes,6,69,Low,Yes,3,High,Medium,Public,Positive,2,No,Postgraduate,Near,Male
22,65,Low,Medium,No,6,63,Medium,No,2,Medium,Medium,Public,Neutral,3,No,High School,Far,Male
17,70,High,Medium,No,8,82,Low,Yes,2,High,High,Public,Negative,2,Yes,High School,Moderate,Female
25,82,Medium,Medium,No,8,96,Medium,Yes,1,Low,Medium,Private,Positive,2,No,High School,Moderate,Female
12,92,High,Medium,No,4,58,Low,Yes,2,Medium,Medium,Public,Positive,2,Yes,College,Moderate,Male
15,61,Medium,Medium,No,5,59,High,Yes,0,Low,High,Public,Neutral,4,No,High School,Near,Female
14,99,Medium,Medium,Yes,8,80,High,Yes,3,Medium,Low,Private,Neutral,4,No,College,Near,Female
26,78,High,High,Yes,8,73,Medium,No,2,Low,Medium,Private,Positive,4,No,College,Near,Female
26,74,Medium,Medium,No,5,86,Low,Yes,2,Low,High,Public,Positive,4,No,College,Near,Female
23,72,Medium,Medium,Yes,8,64,Low,Yes,1,Low,Medium,Public,Neutral,4,No,Postgraduate,Near,Female
26,67,Low,Medium,Yes,7,77,Low,Yes,2,Low,High,Private,Neutral,3,Yes,High School,Moderate,Male
15,92,Low,Medium,No,8,69,Medium,Yes,1,High,Medium,Private,Neutral,4,No,Postgraduate,Near,Male
22,98,High,Medium,Yes,6,64,Low,Yes,0,Medium,High,Public,Positive,3,No,High School,Moderate,Female
19,77,High,Medium,Yes,5,86,High,Yes,0,Medium,Low,Public,Negative,4,Yes,High School,Near,Male
25,98,Medium,Medium,Yes,7,90,High,Yes,1,High,Low,Public,Neutral,4,No,Postgraduate,Near,Male
19,93,Low,High,Yes,7,66,Low,Yes,1,Medium,Medium,Private,Neutral,3,No,High School,Near,Female
18,79,Medium,Medium,No,7,81,Medium,No,1,Medium,High,Private,Positive,4,No,College,Moderate,Female
23,87,High,Low,No,6,59,Medium,Yes,4,Medium,High,Public,Neutral,2,No,High School,Near,Male
25,77,Medium,Medium,No,10,90,Medium,Yes,1,Low,Medium,Public,Neutral,3,No,High School,Near,Male
16,82,High,Low,No,4,64,Low,Yes,1,Medium,,Private,Neutral,2,No,Postgraduate,Moderate,Male
20,62,Medium,Medium,Yes,6,59,Low,Yes,3,Medium,Medium,Public,Positive,4,No,High School,Near,Male
14,88,High,Medium,Yes,6,97,Medium,Yes,0,Low,Medium,Public,Positive,3,No,College,Near,Male
5,62,High,High,No,7,71,Low,Yes,1,Low,Medium,Private,Positive,4,No,College,Far,Male
21,93,Low,Medium,No,8,82,Medium,Yes,2,Medium,High,Private,Neutral,4,No,College,Near,Male
24,93,High,Low,Yes,8,90,High,Yes,0,High,Medium,Private,Negative,2,No,College,Near,Male
22,69,Low,Medium,No,9,84,Medium,Yes,0,Medium,Medium,Public,Neutral,3,No,College,Moderate,Male
8,73,Medium,High,No,8,78,High,Yes,0,Medium,High,Private,Negative,3,No,High School,Near,Male
18,79,Medium,Medium,Yes,4,69,Medium,Yes,2,High,Low,Private,Positive,3,No,College,Near,Male
7,84,Medium,Medium,Yes,5,96,Medium,No,1,Low,Low,Public,Positive,3,Yes,High School,Near,Male
28,71,Medium,Medium,Yes,9,57,High,Yes,1,Low,High,Public,Neutral,4,No,Postgraduate,Near,Female
13,84,Medium,Medium,Yes,9,94,Medium,Yes,3,Medium,Medium,Public,Negative,2,Yes,High School,Near,Male
28,72,Low,Low,No,8,85,High,Yes,4,Low,Medium,Private,Negative,2,No,High School,Near,Female
26,62,Low,Medium,No,6,79,Medium,Yes,1,Low,Medium,Public,Positive,3,Yes,College,Near,Female
15,60,Medium,Medium,No,7,66,High,Yes,2,High,Medium,Public,Neutral,4,No,High School,Near,Male
13,64,Medium,High,No,6,57,Low,Yes,1,Low,Low,Public,Neutral,3,Yes,High School,Moderate,Female
22,92,Medium,Low,No,5,72,Low,Yes,0,Medium,Medium,Private,Negative,4,No,College,Moderate,Male
15,98,Medium,Medium,Yes,7,89,Low,No,2,Low,Low,Public,Neutral,3,No,College,Moderate,Male
21,77,High,Medium,No,10,87,Low,Yes,1,Low,Medium,Public,Neutral,3,No,College,Near,Male
17,81,Medium,Medium,No,6,82,Medium,Yes,3,Low,Medium,Private,Neutral,4,No,College,Near,Male
9,66,Low,Medium,No,9,100,Low,Yes,3,Medium,Medium,Public,Neutral,3,No,College,Near,Male
7,82,Medium,High,Yes,6,99,Medium,Yes,2,Medium,High,Public,Negative,2,No,Postgraduate,Moderate,Male
21,66,Medium,Medium,Yes,5,70,Medium,Yes,1,Low,High,Private,Positive,5,No,High School,Near,Female
17,84,Medium,High,Yes,8,60,Medium,Yes,0,Low,Low,Private,Positive,5,No,College,Near,Female
17,97,Medium,Low,No,7,73,High,No,1,Medium,High,Private,Neutral,4,No,College,Near,Male
24,68,Medium,High,Yes,9,92,Low,Yes,1,Low,High,Public,Positive,2,No,High School,Near,Male
27,91,Low,Medium,Yes,9,73,Low,Yes,0,Low,Medium,Private,Neutral,3,No,College,Near,Male
18,61,Medium,Low,No,7,67,Low,Yes,2,High,Medium,Public,Positive,4,No,High School,Near,Male
18,75,Medium,Medium,Yes,9,87,Low,Yes,3,Low,Medium,Public,Negative,3,No,Postgraduate,Near,Female
23,64,Medium,Low,Yes,6,83,Medium,Yes,0,Medium,Medium,Public,Neutral,3,No,High School,Moderate,Male
12,74,Medium,Medium,No,6,98,High,Yes,2,Low,Medium,Public,Neutral,3,No,College,Near,Male
21,67,Medium,Medium,Yes,9,77,Medium,Yes,3,High,Low,Public,Neutral,3,No,College,Moderate,Female
23,75,Medium,High,Yes,5,98,Medium,Yes,3,Medium,High,Public,Positive,1,No,College,Near,Female
24,77,Low,High,Yes,7,65,High,Yes,1,Medium,High,Private,Positive,4,No,Postgraduate,Near,Male
8,72,High,High,Yes,9,93,High,Yes,4,Medium,Medium,Public,Positive,4,No,High School,Near,Male
15,86,High,Medium,Yes,9,68,High,Yes,0,Medium,Low,Public,Neutral,3,No,High School,Near,Male
15,97,Medium,High,No,6,90,High,Yes,2,High,High,Private,Neutral,0,No,High School,Near,Male
21,76,Low,Medium,Yes,9,96,Medium,Yes,1,Low,Low,Public,Negative,5,No,High School,Near,Male
23,68,Low,Medium,Yes,5,81,Low,Yes,1,Low,Low,Public,Neutral,2,No,Postgraduate,Near,Male
29,71,Medium,Medium,Yes,6,86,Medium,Yes,1,Low,Medium,Public,Positive,2,No,College,Near,Female
17,94,Medium,Low,Yes,7,98,Low,Yes,1,Medium,High,Public,Negative,2,No,High School,Near,Male
17,83,Medium,Low,Yes,8,69,Low,Yes,4,Low,High,Public,Neutral,3,No,College,Near,Male
27,78,Medium,Medium,Yes,5,76,High,Yes,1,Medium,Medium,Private,Positive,4,No,Postgraduate,Near,Male
22,66,Medium,Low,Yes,10,95,Medium,Yes,1,Medium,Medium,Private,Negative,3,No,High School,Near,Male
28,78,Medium,High,Yes,4,84,Medium,Yes,2,Low,Low,Public,Negative,3,No,College,Far,Female
22,71,Medium,High,Yes,7,94,Medium,Yes,1,Medium,Medium,Public,Neutral,4,No,High School,Near,Male
13,98,High,Low,Yes,7,81,Medium,Yes,1,Medium,Low,Private,Negative,3,No,Postgraduate,Near,Male
12,95,Medium,Medium,No,4,87,Medium,Yes,0,Low,Medium,Public,Positive,3,No,High School,Moderate,Male
11,63,Medium,High,Yes,9,51,High,Yes,0,Low,Low,Public,Negative,3,Yes,College,Moderate,Male
24,81,Low,Medium,Yes,6,67,High,Yes,0,Medium,High,Public,Negative,2,No,High School,Far,Male
27,69,Medium,High,Yes,7,89,Low,Yes,2,High,High,Private,Neutral,1,No,High School,Moderate,Male
31,76,Medium,High,Yes,7,70,Low,Yes,3,Low,Medium,Public,Neutral,3,No,College,Moderate,Male
25,95,Medium,Low,Yes,5,68,Medium,Yes,1,Medium,High,Public,Positive,3,No,High School,Far,Male
27,81,Medium,Low,Yes,5,98,Medium,Yes,0,High,Medium,Public,Positive,3,No,High School,Near,Male
17,73,High,High,No,9,78,Medium,Yes,0,Low,High,Public,Negative,3,No,Postgraduate,Moderate,Female
13,68,Low,High,No,7,60,Medium,Yes,1,Medium,Low,Private,Positive,3,No,College,Moderate,Female
25,92,Medium,Medium,Yes,4,74,Medium,Yes,3,Low,High,Public,Positive,2,Yes,High School,Moderate,Female
23,85,High,Low,Yes,7,76,High,Yes,2,Low,Medium,Public,Neutral,3,No,College,,Female
21,79,Medium,Medium,Yes,7,99,Medium,Yes,2,Low,Medium,Public,Positive,2,No,Postgraduate,Near,Male
22,69,High,Medium,No,7,86,Low,Yes,0,Medium,Medium,Public,Neutral,1,No,High School,Near,Female
22,73,High,High,Yes,4,76,High,Yes,3,Medium,Medium,Public,Negative,4,No,College,Far,Male
28,98,Medium,High,Yes,7,72,Medium,Yes,1,Low,High,Private,Positive,2,No,College,Near,Male
28,81,Medium,Medium,Yes,6,96,High,Yes,2,Low,Medium,Private,Positive,5,No,High School,Moderate,Male
23,76,High,Medium,No,7,82,High,Yes,0,Medium,High,Private,Neutral,1,No,College,Near,Male
25,81,High,High,Yes,8,68,Low,Yes,0,Low,High,Public,Neutral,3,No,College,Moderate,Female
23,91,Low,Medium,Yes,8,73,Medium,No,3,Medium,Medium,Public,Negative,5,No,High School,Far,Male
17,74,Medium,Low,No,9,64,Medium,Yes,2,Medium,Medium,Public,Neutral,3,No,High School,Near,Male
25,67,Medium,Medium,Yes,10,98,High,Yes,0,High,Medium,Public,Positive,2,No,High School,Near,Male
12,83,High,Medium,Yes,5,85,Medium,Yes,2,Low,High,Private,Negative,2,No,College,Near,Male
26,87,Medium,High,No,6,70,Low,Yes,3,Medium,Medium,Public,Neutral,3,No,College,Moderate,Male
13,89,High,High,No,8,59,Low,Yes,0,Low,High,Public,Neutral,2,No,Postgraduate,Moderate,Male
22,95,High,Medium,No,7,59,Medium,Yes,2,Low,Medium,Public,Negative,3,Yes,High School,Near,Male
15,75,High,Medium,Yes,4,74,Medium,Yes,3,Medium,High,Public,Positive,4,No,College,Near,Female
23,63,Medium,Medium,No,7,73,Low,Yes,1,Low,Medium,Public,Neutral,3,No,College,Moderate,Male
20,98,Medium,Medium,No,9,71,Medium,Yes,0,Low,Medium,Public,Negative,4,No,College,Moderate,Male
10,77,Low,High,Yes,5,93,Medium,Yes,3,Low,Medium,Public,Positive,3,No,College,Near,Female
23,85,Medium,Medium,Yes,7,99,High,Yes,1,Low,High,Public,Neutral,5,No,College,Near,Female
17,87,Medium,High,No,4,68,Medium,Yes,2,Low,Low,Public,Positive,4,No,Postgraduate,Moderate,Male
25,82,Medium,Medium,Yes,8,65,Medium,Yes,0,High,Medium,Private,Neutral,4,No,High School,Near,Male
20,68,Medium,Medium,Yes,7,89,Medium,Yes,0,Medium,High,Private,Positive,3,No,High School,Far,Female
22,90,Medium,Low,Yes,6,72,Medium,Yes,0,Low,Medium,Public,Neutral,4,No,College,Near,Male
14,92,High,Medium,Yes,6,61,High,Yes,0,Low,Medium,Private,Neutral,2,No,College,Moderate,Male
16,82,Medium,Medium,No,5,59,Medium,Yes,1,Medium,Medium,Public,Positive,3,No,High School,Near,Male
17,80,Low,Medium,Yes,9,64,Medium,Yes,1,Low,Medium,Private,Positive,4,No,Postgraduate,Far,Female
25,65,Medium,Low,Yes,6,50,Medium,Yes,2,Low,Medium,Public,Positive,2,No,College,Near,Female
30,63,High,High,No,8,97,Medium,Yes,1,Low,High,Public,Neutral,3,No,High School,Near,Female
15,74,High,Low,No,6,72,Low,Yes,2,Low,Medium,Public,Positive,3,No,High School,Near,Male
26,72,Medium,Medium,No,10,54,Medium,No,2,High,High,Public,Neutral,2,No,College,Moderate,Male
7,98,Medium,Low,Yes,9,58,Medium,Yes,2,Medium,Medium,Private,Neutral,5,Yes,College,Near,Male
13,91,High,Medium,Yes,10,66,Medium,Yes,2,Medium,Medium,Public,Positive,4,No,High School,Near,Female
14,86,Low,Medium,Yes,10,78,Medium,Yes,3,Medium,High,Private,Negative,4,Yes,High School,Near,Female
12,81,Medium,Medium,Yes,6,85,High,Yes,0,Low,Medium,Private,Positive,2,Yes,High School,Near,Male
10,67,Medium,Medium,Yes,6,65,Medium,Yes,1,Medium,High,Public,Negative,4,No,High School,Near,Female
22,99,Medium,Medium,No,10,98,Low,Yes,1,Medium,Medium,Private,Neutral,1,No,College,Near,Male
19,75,Medium,Medium,Yes,7,88,Low,Yes,1,Medium,Medium,Private,Positive,3,No,Postgraduate,Moderate,Male
22,64,Low,Medium,Yes,8,91,Low,Yes,0,Low,Medium,Public,Neutral,4,No,College,Moderate,Female
24,80,Medium,High,No,6,66,High,Yes,1,Medium,Medium,Public,Neutral,3,No,College,Moderate,Male
22,95,Low,High,Yes,6,69,High,Yes,3,Medium,Medium,Public,Neutral,2,Yes,Postgraduate,Far,Male
24,95,Medium,High,Yes,8,77,Low,Yes,1,Low,Medium,Public,Positive,3,Yes,High School,Near,Male
20,60,Medium,Low,Yes,4,73,Medium,Yes,0,Low,Low,Public,Neutral,1,No,Postgraduate,Moderate,Female
13,95,Medium,High,Yes,8,63,Medium,Yes,3,Medium,Medium,Private,Neutral,2,No,Postgraduate,Near,Female
26,71,Low,High,No,8,100,Low,Yes,1,Low,High,Private,Positive,4,No,College,Near,Female
16,62,Medium,High,No,6,92,Medium,No,0,Medium,Medium,Private,Positive,4,No,High School,Near,Female
14,94,Medium,Medium,Yes,7,62,High,Yes,2,Medium,High,Private,Negative,1,No,Postgraduate,Near,Male
19,95,Medium,Medium,Yes,7,95,High,Yes,0,Medium,High,Private,Negative,2,No,College,Near,Male
15,84,Medium,High,Yes,7,79,Medium,Yes,1,Medium,High,Public,Neutral,4,No,High School,Near,Female
17,83,Medium,High,No,8,51,Low,Yes,0,Low,Medium,Public,Negative,4,No,High School,Moderate,Male
22,93,Low,Medium,No,6,67,Medium,Yes,0,Medium,Medium,Public,Neutral,3,No,College,Near,Female
22,91,Low,Medium,Yes,10,51,High,Yes,2,High,Medium,Public,Neutral,3,No,High School,Near,Female
15,96,Medium,Low,No,7,54,Low,Yes,0,Low,Medium,Public,Neutral,3,No,College,Near,Female
17,82,Medium,Medium,Yes,7,59,Medium,Yes,3,Medium,Medium,Public,Positive,4,No,College,Near,Male
26,99,Medium,High,Yes,10,74,Medium,Yes,1,Medium,Medium,Private,Neutral,2,No,College,Near,Male
23,100,High,Low,Yes,4,69,Low,Yes,0,Low,High,Public,Positive,4,No,Postgraduate,Near,Female
32,65,High,Medium,No,10,57,Medium,Yes,1,High,Medium,Private,Negative,2,No,High School,Near,Female
27,94,High,High,Yes,7,70,Low,Yes,1,Medium,High,Public,Neutral,2,No,High School,Moderate,Female
27,80,Medium,Medium,No,6,65,High,No,1,High,Medium,Private,Neutral,4,No,College,Moderate,Male
12,76,Medium,Low,Yes,5,71,Low,Yes,0,Medium,Medium,Public,Negative,4,No,High School,Near,Male
25,85,High,High,No,5,59,Medium,Yes,3,Low,Medium,Public,Neutral,4,No,High School,Near,Female
20,62,Medium,Low,Yes,6,80,High,No,1,Medium,High,Public,Neutral,3,No,College,Moderate,Female
17,80,Medium,Medium,Yes,7,52,High,Yes,2,Medium,Medium,Private,Neutral,3,No,Postgraduate,Near,Female
21,95,Low,High,Yes,8,69,Medium,No,0,Low,High,Public,Negative,3,No,Postgraduate,Near,Male
26,69,High,High,No,7,95,Low,No,0,Medium,Medium,Public,Negative,3,No,Postgraduate,Near,Female
23,77,Medium,High,No,6,71,Low,Yes,3,Medium,Low,Private,Positive,4,No,High School,Moderate,Male
15,98,Medium,Medium,Yes,9,72,Medium,Yes,1,Low,High,Public,Neutral,2,No,College,Near,Female
24,77,Medium,Medium,Yes,10,53,High,Yes,2,High,Medium,Public,Neutral,4,No,College,Moderate,Male
16,74,Medium,High,No,9,80,Low,Yes,0,Medium,Medium,Public,Negative,5,No,High School,Near,Male
21,78,High,Medium,Yes,6,97,Medium,Yes,0,Medium,Medium,Public,Positive,2,No,High School,Near,Female
18,81,Medium,Medium,No,8,65,Low,Yes,2,Low,Medium,Public,Neutral,4,No,Postgraduate,Near,Male
19,85,Medium,Medium,No,8,70,Low,Yes,4,High,Medium,Public,Neutral,3,No,High School,Moderate,Male
25,92,Medium,Medium,Yes,9,79,Medium,Yes,3,Medium,High,Public,Negative,4,No,College,Moderate,Male
14,78,High,Medium,No,6,55,Low,Yes,2,Low,Medium,Private,Neutral,2,No,High School,Near,Female
32,93,High,Medium,No,6,98,Medium,Yes,0,Medium,Medium,Public,Neutral,4,Yes,High School,Near,Male
9,81,High,Medium,Yes,9,73,Medium,Yes,1,Medium,Medium,Public,Negative,1,No,Postgraduate,Near,Male
16,74,High,High,Yes,8,56,Low,Yes,1,Low,Medium,Private,Positive,2,No,High School,Near,Female
22,86,Low,Medium,Yes,5,67,Medium,Yes,0,High,Medium,Public,Positive,2,No,College,Near,Male
24,89,High,Medium,No,8,69,Low,No,3,High,Medium,Public,Neutral,2,No,College,Near,Male
19,82,Medium,Medium,No,10,67,Medium,Yes,0,Low,Low,Public,Positive,2,No,Postgraduate,Far,Male
20,62,High,Medium,Yes,6,85,Medium,Yes,2,Medium,Medium,Public,Neutral,3,No,College,Near,Female
22,67,Medium,High,Yes,6,67,High,Yes,1,Low,Medium,Private,Neutral,1,No,College,Near,Male
19,71,Medium,High,Yes,7,66,Low,Yes,2,Low,Medium,Public,Neutral,3,No,,Near,Female
28,71,Medium,High,No,8,66,Medium,Yes,2,Low,Medium,Private,Positive,3,No,College,Near,Male
25,87,Low,High,Yes,7,89,Medium,Yes,1,Low,Medium,Public,Neutral,4,Yes,High School,Near,Female
25,61,Medium,High,No,9,65,Medium,Yes,2,Medium,Medium,Private,Neutral,4,Yes,High School,Moderate,Female
14,90,Medium,Medium,Yes,7,51,Medium,Yes,1,Medium,Medium,Public,Positive,4,Yes,High School,Near,Female
20,71,Low,Medium,Yes,9,68,Medium,Yes,1,Low,Medium,Private,Positive,3,No,High School,Far,Male
18,72,High,Medium,Yes,6,64,Medium,Yes,4,Low,Medium,Public,Positive,3,No,Postgraduate,Near,Female
14,81,High,Medium,Yes,5,95,Low,Yes,2,Low,High,Public,Positive,3,No,High School,Near,Male
22,69,High,Medium,No,6,74,High,Yes,1,Medium,Low,Public,Negative,3,Yes,College,Near,Female
17,95,High,Medium,No,5,62,High,Yes,1,Medium,Medium,Private,Positive,3,No,High School,Moderate,Male
24,63,Medium,Medium,No,8,99,Low,Yes,2,Low,High,Public,Neutral,1,No,Postgraduate,Near,Female
14,78,Medium,Medium,No,4,62,Medium,Yes,1,Low,Medium,Public,Neutral,4,No,College,,Male
30,94,Low,Medium,Yes,6,88,Low,Yes,2,Low,Medium,Private,Neutral,3,Yes,College,Near,Female
15,85,High,Medium,No,7,82,High,Yes,2,Medium,Medium,Public,Negative,4,No,High School,Far,Male
21,72,High,High,No,5,73,Medium,Yes,1,Medium,Medium,Public,Neutral,3,No,High School,Near,Male
25,77,High,Medium,Yes,7,70,Medium,Yes,0,Medium,Medium,Public,Neutral,5,No,High School,Near,Male
17,88,High,High,Yes,7,94,Medium,No,2,Medium,High,Public,Positive,3,No,High School,Near,Male
25,99,Medium,High,No,9,74,Medium,Yes,1,Medium,High,Private,Negative,3,No,High School,Near,Male
13,96,Medium,Medium,No,5,69,Medium,Yes,2,Medium,Low,Public,Positive,3,No,High School,Near,Male
29,74,High,Medium,No,8,68,Medium,Yes,0,Medium,High,Public,Positive,4,No,High School,Near,Female
20,100,Medium,Medium,Yes,8,64,Medium,Yes,0,Low,Medium,Public,Neutral,2,No,High School,Moderate,Male
16,60,Medium,High,No,7,70,Low,Yes,3,High,High,Private,Negative,4,No,High School,Near,Female
18,61,Medium,Medium,Yes,6,56,Medium,Yes,3,Low,Medium,Public,Neutral,3,No,High School,Moderate,Male
25,93,Medium,Medium,Yes,5,53,Medium,Yes,0,High,Medium,Private,Neutral,5,No,College,Moderate,Female
16,68,High,Medium,No,10,77,Medium,Yes,1,High,Medium,Public,Positive,3,No,Postgraduate,Near,Male
16,62,Medium,Medium,No,7,73,Low,Yes,3,High,Medium,Public,Negative,3,No,High School,Near,Female
19,69,Medium,High,Yes,7,59,Low,Yes,2,Low,Low,Private,Neutral,2,No,Postgraduate,Moderate,Female
13,77,Medium,Medium,Yes,10,55,Low,Yes,2,Low,Medium,Private,Positive,3,No,College,Moderate,Male
31,89,Medium,Medium,Yes,7,57,Medium,Yes,1,High,Low,Public,Positive,2,No,College,Moderate,Female
17,85,High,Medium,Yes,10,66,Medium,Yes,1,High,Medium,Public,Neutral,1,Yes,Postgraduate,Moderate,Male
25,70,Low,High,Yes,5,73,Medium,Yes,2,Medium,Medium,Private,Neutral,1,No,Postgraduate,Near,Male
21,80,Low,High,Yes,7,60,Medium,Yes,1,Medium,High,Public,Positive,2,No,College,Moderate,Male
14,97,Low,Medium,Yes,5,88,Medium,Yes,2,High,Medium,Public,Positive,3,No,Postgraduate,Near,Male
20,93,High,Medium,No,7,60,High,Yes,0,Low,High,Public,Neutral,3,No,High School,Near,Male
25,73,Medium,Medium,Yes,7,56,Medium,Yes,2,High,Medium,Public,Neutral,4,No,High School,Near,Female
19,99,High,Medium,Yes,6,100,Medium,Yes,1,Low,Medium,Private,Positive,1,No,High School,Moderate,Male
27,88,Medium,High,No,7,72,Medium,Yes,1,Low,High,Public,Positive,1,No,High School,Near,Female
26,62,Medium,Medium,No,6,59,Medium,Yes,1,Medium,Medium,Public,Neutral,3,No,High School,Moderate,Male
26,61,High,Low,Yes,7,95,Low,No,0,Medium,High,Public,Neutral,3,No,Postgraduate,Moderate,Male
17,67,Low,Medium,Yes,6,62,Medium,Yes,0,Medium,Medium,Public,Neutral,3,No,College,Moderate,Female
14,89,Medium,Low,No,9,96,Low,Yes,2,Low,High,Private,Neutral,3,No,College,Moderate,Female
16,67,Medium,Medium,Yes,5,56,Low,Yes,1,Low,Medium,Public,Negative,2,No,College,Near,Female
21,80,Medium,Medium,No,7,92,Low,Yes,1,Medium,Medium,Public,Positive,3,No,High School,Moderate,Male
23,64,Medium,Low,Yes,5,59,Medium,Yes,3,Low,Medium,Public,Positive,5,No,High School,Moderate,Female
7,97,Low,High,No,6,97,Medium,Yes,3,Medium,High,Private,Positive,2,No,College,Moderate,Female
20,74,Low,Medium,No,6,79,Medium,Yes,1,High,,Public,Neutral,2,Yes,College,Far,Male
21,96,Medium,Medium,Yes,7,59,Low,Yes,2,High,Medium,Public,Negative,2,No,College,Near,Male
18,98,High,Medium,Yes,7,92,Medium,Yes,2,Low,High,Private,Neutral,4,No,High School,Near,Male
28,60,Low,Medium,Yes,5,70,Low,Yes,0,Low,Medium,Private,Neutral,5,No,High School,Near,Male
23,79,Medium,Medium,Yes,6,87,Medium,No,2,Low,High,Public,Neutral,4,No,College,Moderate,Male
28,61,Low,Low,Yes,6,82,Low,Yes,0,Medium,High,Public,Positive,3,No,College,Near,Female
19,96,Medium,Low,Yes,5,86,Medium,No,3,Medium,Medium,Public,Positive,3,No,High School,Moderate,Male
26,81,Medium,Medium,Yes,9,67,Medium,Yes,3,Low,Medium,Public,Neutral,2,No,College,Near,Female
30,63,High,Low,No,5,97,High,Yes,2,Low,High,Public,Positive,2,Yes,College,Moderate,Female
28,64,High,Low,Yes,7,78,Medium,Yes,3,Medium,High,Private,Positive,4,No,Postgraduate,Moderate,Male
13,75,Medium,High,No,10,54,Medium,Yes,1,Low,Medium,Private,Negative,3,Yes,College,Near,Male
18,98,Low,Medium,No,9,53,Medium,Yes,0,High,Medium,Public,Neutral,1,No,High School,Moderate,Male
18,88,Low,Medium,No,8,87,Medium,Yes,2,Medium,High,Public,Neutral,2,No,Postgraduate,Moderate,Female
23,95,High,Low,No,7,92,High,Yes,1,Low,Medium,Public,Positive,1,No,High School,Near,Female
24,75,Medium,Low,No,8,85,Medium,Yes,1,Low,Medium,Public,Positive,2,Yes,Postgraduate,Near,Male
15,62,Low,High,No,8,64,High,Yes,2,Low,Medium,Public,Neutral,4,No,College,Near,Female
20,99,Low,Low,Yes,9,61,Low,Yes,1,High,Medium,Private,Neutral,4,No,High School,Moderate,Male
8,61,Medium,Low,Yes,7,78,Medium,Yes,0,Medium,Medium,Private,Positive,3,No,High School,Near,Female
29,98,Medium,Medium,Yes,9,60,Low,Yes,0,Low,Medium,Private,Negative,4,No,High School,Near,Female
17,75,High,Low,Yes,7,69,Medium,Yes,1,High,Medium,Public,Positive,4,No,High School,Near,Male
20,60,Medium,Medium,Yes,10,81,Medium,Yes,3,Low,Medium,Public,Positive,3,No,College,Near,Male
18,88,Medium,Medium,No,7,64,Low,Yes,0,Medium,Low,Public,Positive,4,No,College,Moderate,Male
27,99,Medium,Medium,Yes,5,69,Medium,Yes,2,Medium,Low,Public,Positive,2,No,Postgraduate,Moderate,Male
3,99,Medium,Low,Yes,7,68,Medium,Yes,2,High,Medium,Private,Neutral,3,No,High School,Near,Female
20,66,Medium,High,Yes,8,73,Medium,Yes,0,High,Low,Public,Positive,3,No,High School,Moderate,Male
19,67,High,Medium,No,9,84,Low,Yes,0,Medium,Medium,Public,Positive,3,No,,Moderate,Female
17,83,Medium,Medium,Yes,6,89,High,Yes,0,Low,Medium,Public,Positive,4,No,Postgraduate,Near,Male
30,85,Medium,Medium,No,4,83,Low,Yes,2,High,High,Public,Positive,3,No,Postgraduate,Near,Female
15,90,High,High,Yes,8,51,High,Yes,2,High,Medium,Public,Negative,2,No,High School,Moderate,Female
25,67,Low,Medium,No,8,95,Medium,Yes,0,Medium,Medium,Public,Neutral,4,No,Postgraduate,Moderate,Female
22,98,Medium,High,Yes,5,79,Medium,No,2,High,Medium,Public,Neutral,5,No,High School,Moderate,Male
28,86,Medium,Medium,Yes,7,96,Medium,Yes,2,Medium,Low,Public,Neutral,4,No,High School,Near,Male
16,94,High,Medium,No,7,98,Medium,Yes,0,Low,Medium,Public,Neutral,4,No,High School,Moderate,Female
16,82,Low,High,Yes,8,73,Low,Yes,3,Low,High,Public,Positive,1,No,College,Near,Male
27,77,Medium,High,Yes,6,96,Low,Yes,0,Medium,High,Public,Positive,3,No,Postgraduate,Moderate,Male
23,99,Low,Low,Yes,6,68,High,Yes,1,Medium,Medium,Public,Neutral,3,Yes,College,Far,Male
11,83,Low,Medium,No,7,63,High,Yes,3,High,Medium,Public,Negative,2,No,,Far,Female
17,95,High,Medium,No,5,54,Low,Yes,2,High,High,Public,Neutral,2,No,College,Moderate,Female
22,98,Medium,Low,No,10,73,Medium,Yes,1,Low,Low,Public,Negative,4,Yes,College,Near,Female
25,87,High,High,Yes,8,84,Low,Yes,2,High,Medium,Public,Positive,4,No,College,Moderate,Male
16,82,Medium,Medium,Yes,6,99,Medium,Yes,3,High,Medium,Public,Positive,2,No,High School,Near,Male
3,60,Medium,Medium,Yes,5,76,Medium,Yes,0,Medium,High,Private,Neutral,4,No,High School,Moderate,Female
23,62,High,Low,No,5,87,Medium,Yes,1,High,Low,Private,Positive,3,No,High School,Near,Male
13,68,Medium,Medium,Yes,8,95,Medium,Yes,2,Low,Low,Private,Positive,4,No,High School,Moderate,Male
8,67,Low,Low,No,5,77,Low,Yes,1,Medium,High,Public,Positive,2,No,College,,Male
3,70,Medium,Medium,Yes,7,58,Medium,Yes,0,Medium,Medium,Private,Neutral,2,No,High School,Moderate,Male
25,72,Medium,Medium,Yes,4,92,High,Yes,1,Low,Medium,Private,Negative,2,Yes,High School,Near,Male
21,74,Medium,High,Yes,8,79,Medium,Yes,0,Low,High,Private,Positive,4,No,High School,Near,Male
19,77,High,Medium,Yes,8,88,Medium,No,3,Low,Medium,Public,Positive,3,No,College,Moderate,Male
28,64,High,Medium,No,7,83,Low,Yes,2,High,Medium,Private,Neutral,4,No,High School,Moderate,Male
24,62,High,Low,Yes,7,53,Medium,Yes,0,Medium,Medium,Public,Positive,6,No,Postgraduate,Near,Female
30,87,High,Medium,Yes,8,58,High,Yes,1,Low,Medium,Public,Negative,1,No,College,Near,Male
12,81,Medium,Medium,Yes,7,64,High,Yes,2,High,Medium,Public,Neutral,3,No,High School,Near,Male
20,78,Medium,High,Yes,8,64,Medium,Yes,2,High,Medium,Private,Positive,2,No,High School,Moderate,Female
10,85,Medium,High,Yes,5,92,Medium,Yes,0,Low,High,Private,Positive,4,Yes,High School,Far,Female
19,93,High,High,No,8,80,Medium,Yes,1,Medium,Medium,Private,Neutral,3,No,College,Moderate,Male
19,77,Medium,Low,Yes,7,54,Low,Yes,2,Low,Medium,Private,Positive,4,No,High School,Near,Female
24,86,Medium,High,Yes,9,69,High,Yes,1,Medium,High,Public,Neutral,3,No,Postgraduate,Near,Male
20,98,Low,Low,No,7,78,Low,Yes,4,High,High,Public,Neutral,2,No,High School,Far,Male
24,94,Medium,Medium,No,7,63,Medium,Yes,1,Low,High,Public,Neutral,3,No,High School,Near,Male
24,77,Medium,Medium,Yes,6,52,Medium,Yes,0,Medium,Medium,Private,Negative,4,No,High School,Near,Male
33,86,Medium,Medium,No,9,69,Medium,No,0,Medium,Medium,Public,Neutral,3,No,College,Near,Female
18,67,High,Low,No,4,73,Low,Yes,0,Medium,Medium,Private,Neutral,2,No,Postgraduate,Moderate,Male
14,82,Low,Medium,Yes,8,95,Medium,Yes,1,Low,Medium,Private,Neutral,3,No,Postgraduate,Moderate,Male
21,99,High,Low,No,7,95,Low,Yes,2,Low,Medium,Public,Negative,1,No,High School,Near,Female
15,81,Low,Low,Yes,7,75,Low,Yes,1,Medium,High,Public,Negative,1,No,Postgraduate,Moderate,Male
29,97,High,Medium,Yes,7,74,Medium,Yes,1,Medium,Low,Public,Positive,4,Yes,High School,Near,Female
18,76,Medium,High,Yes,7,82,High,Yes,2,Medium,High,Public,Neutral,4,No,Postgraduate,Near,Female
17,100,High,High,No,8,63,Low,Yes,1,Low,Medium,Private,Positive,5,No,High School,Near,Male
17,83,Low,Medium,No,6,64,Medium,Yes,1,Medium,Medium,Private,Positive,4,No,High School,Near,Female
24,62,Medium,Low,Yes,7,50,Medium,Yes,1,High,High,Private,Negative,2,No,Postgraduate,Near,Male
19,83,High,Low,Yes,8,54,Medium,Yes,1,Low,Medium,Private,Positive,4,No,High School,Moderate,Male
16,71,Low,Low,Yes,6,59,High,Yes,1,Low,High,Public,Positive,3,No,Postgraduate,Near,Male
30,61,Low,High,Yes,8,82,Low,Yes,2,Low,High,Public,Neutral,3,No,Postgraduate,Near,Female
15,93,Medium,Medium,No,8,61,High,Yes,1,Medium,Medium,Public,Neutral,4,No,High School,Near,Female
20,71,Low,High,Yes,6,56,High,Yes,5,Medium,Medium,Private,Positive,5,No,College,Near,Male
24,92,Low,High,Yes,5,81,Medium,Yes,2,Low,Medium,Private,Negative,3,Yes,High School,Near,Male
10,72,Medium,Medium,Yes,6,83,Medium,Yes,0,Medium,Medium,Public,Positive,4,No,High School,Near,Male
23,68,Medium,High,No,7,53,High,Yes,3,High,Medium,Public,Neutral,3,No,High School,Moderate,Female
14,99,Medium,Medium,No,7,89,High,No,0,Medium,Medium,Private,Positive,2,No,Postgraduate,Far,Female
25,74,High,Medium,Yes,9,80,Medium,Yes,4,Medium,Medium,Public,Positive,3,No,College,Moderate,Female
14,84,Medium,High,Yes,6,70,High,Yes,2,High,Medium,Public,Positive,3,No,College,Near,Female
24,84,Low,Medium,Yes,6,99,Medium,Yes,1,Medium,High,Public,Positive,2,No,Postgraduate,Far,Female
27,82,Medium,Medium,No,8,51,High,Yes,3,High,Medium,Public,Neutral,2,No,College,Near,Male
25,97,Medium,Medium,Yes,6,77,Low,Yes,1,Low,High,Private,Positive,4,No,Postgraduate,Near,Male
22,87,Medium,High,Yes,6,58,Medium,Yes,0,Low,Medium,Private,Neutral,4,No,High School,Near,Female
19,76,Medium,Low,Yes,6,66,Medium,Yes,1,High,Medium,Public,Positive,3,No,High School,Near,Male
17,94,High,High,Yes,4,57,Medium,Yes,4,Medium,High,Public,Neutral,4,No,High School,Moderate,Male
29,67,High,Low,Yes,8,83,Medium,Yes,2,Low,Medium,Private,Positive,4,Yes,High School,Near,Female
16,82,Low,Medium,Yes,8,70,High,Yes,4,Low,High,Public,Neutral,4,No,College,Near,Female
14,98,Medium,Medium,Yes,8,99,Low,Yes,0,High,Medium,Public,Neutral,3,No,High School,Near,Male
24,85,Medium,Medium,Yes,10,83,Low,Yes,1,Medium,High,Public,Positive,4,No,College,Moderate,Female
15,93,High,Medium,Yes,9,96,Medium,Yes,1,Medium,Medium,Public,Negative,2,No,High School,Moderate,Female
14,86,High,High,Yes,6,62,Medium,Yes,1,Medium,Medium,Private,Positive,2,No,High School,Near,Male
11,94,Medium,Medium,No,9,66,Medium,No,2,Low,High,Private,Positive,2,No,High School,Moderate,Male
17,98,Medium,High,Yes,7,68,Medium,Yes,1,Low,Medium,Public,Positive,4,No,College,Moderate,Male
20,71,Medium,Low,Yes,6,92,High,Yes,1,Low,Medium,Private,Negative,4,No,College,Near,Male
21,67,Medium,Low,No,6,61,Medium,Yes,0,Low,Medium,Private,Positive,3,No,High School,Moderate,Female
26,79,Medium,Low,No,7,97,Medium,Yes,1,High,Medium,Private,Positive,2,No,High School,Near,Male
23,88,Medium,Low,Yes,7,52,Medium,Yes,0,Medium,Low,Public,Neutral,4,No,High School,Near,Male
19,69,Medium,Medium,Yes,9,94,Medium,Yes,1,Low,High,Public,Positive,3,No,High School,Moderate,Male
19,60,Medium,Medium,No,8,73,High,Yes,3,Medium,Low,Private,Neutral,3,No,High School,Near,Male
23,74,Medium,High,Yes,6,76,Medium,Yes,0,Medium,High,Private,Negative,4,No,High School,Near,Male
28,99,High,Low,No,5,100,Medium,Yes,6,Medium,Medium,Private,Neutral,5,No,High School,Moderate,Female
21,88,Medium,Medium,No,8,94,Medium,Yes,0,Medium,High,Public,Neutral,3,No,College,Near,Male
17,76,Medium,High,Yes,8,95,Low,Yes,1,Low,Medium,Private,Neutral,4,No,Postgraduate,Near,Female
14,68,High,High,Yes,9,79,Low,Yes,2,Low,Medium,Private,Positive,4,No,College,Near,Female
11,74,Medium,High,Yes,7,98,Low,Yes,1,Low,Medium,Public,Positive,2,No,High School,Near,Male
24,67,Low,High,No,8,84,High,Yes,0,Low,Medium,Public,Neutral,1,No,College,Near,Female
23,64,Low,Medium,No,8,91,Medium,Yes,2,Low,Medium,Public,Negative,3,No,High School,Far,Female
23,96,Medium,High,Yes,5,86,Medium,Yes,3,Medium,High,Public,Neutral,3,Yes,,Near,Male
19,100,Low,High,Yes,7,89,High,Yes,2,High,Low,Private,Neutral,3,No,College,Moderate,Male
28,67,High,High,No,8,82,Low,Yes,1,High,Low,Public,Neutral,4,No,High School,Near,Female
17,62,Medium,Low,No,8,86,High,Yes,2,Medium,Medium,Public,Neutral,4,No,High School,Moderate,Female
26,73,Low,High,No,7,72,Medium,Yes,1,Low,Low,Private,Neutral,3,No,College,Far,Male
20,78,High,Medium,Yes,10,85,Medium,Yes,1,High,High,Private,Negative,3,No,High School,Near,Male
16,68,Medium,Low,Yes,10,64,Medium,Yes,2,High,Low,Public,Negative,2,No,High School,Moderate,Male
24,72,Medium,Medium,Yes,7,82,High,Yes,2,Medium,Medium,Private,Positive,4,No,High School,Far,Male
22,68,Medium,High,No,7,76,Medium,Yes,1,Medium,Medium,Public,Positive,4,No,High School,Near,Male
22,91,Low,Medium,Yes,8,95,Medium,Yes,1,Low,High,Private,Neutral,2,No,High School,Near,Male
20,89,Medium,High,No,7,84,Low,Yes,5,High,Medium,Public,Neutral,3,No,Postgraduate,Moderate,Male
20,85,High,Low,Yes,9,80,Medium,Yes,3,Low,Medium,Private,Neutral,3,No,Postgraduate,Moderate,Male
34,75,Low,Medium,Yes,5,66,Medium,Yes,0,Low,Medium,Private,Positive,3,No,High School,Near,Male
27,96,Medium,Medium,No,7,93,Medium,Yes,2,Medium,Medium,Public,Neutral,2,No,College,Near,Male
24,99,High,Medium,No,8,53,High,Yes,1,Low,Medium,Private,Neutral,3,Yes,High School,Near,Male
21,67,Medium,Medium,Yes,9,95,High,Yes,1,Medium,Medium,Private,Positive,4,No,High School,Near,Male
26,69,Medium,Medium,Yes,5,83,Medium,Yes,4,Medium,High,Private,Neutral,2,No,High School,Moderate,Female
23,81,High,Low,No,6,59,Medium,Yes,2,High,High,Private,Neutral,1,No,Postgraduate,Near,Female
20,64,High,Low,No,4,95,Medium,Yes,4,Medium,Medium,Public,Neutral,4,No,High School,Near,Male
18,77,Medium,Low,No,6,66,High,Yes,3,Medium,High,Public,Positive,3,No,College,Moderate,Male
20,83,High,High,Yes,5,58,Medium,Yes,1,Medium,Medium,Public,Neutral,3,No,High School,Near,Male
1,81,Medium,Medium,Yes,8,66,Medium,Yes,1,Low,Medium,Public,Negative,2,No,College,Near,Male
21,73,High,Medium,No,7,98,High,Yes,0,High,High,Public,Positive,4,Yes,Postgraduate,Near,Male
17,82,High,Medium,No,7,88,Medium,Yes,1,Medium,Medium,Public,Negative,1,Yes,High School,Near,Male
30,98,Medium,High,Yes,7,96,Medium,Yes,1,Medium,Medium,Private,Neutral,3,No,Postgraduate,Near,Female
20,68,Medium,Low,No,9,65,Low,Yes,1,High,Medium,Public,Negative,5,No,College,Near,Male
13,86,Medium,Low,Yes,5,54,Medium,Yes,3,High,High,Public,Neutral,3,Yes,College,Near,Male
20,62,High,Medium,Yes,4,78,Medium,No,1,High,Medium,Private,Positive,4,No,High School,Moderate,Female
14,63,High,High,No,8,74,Medium,Yes,1,Low,Medium,Private,Neutral,4,No,Postgraduate,Moderate,Female
23,82,Low,Medium,Yes,6,86,Medium,Yes,0,High,Medium,Public,Neutral,4,No,High School,Near,Male
22,64,High,Medium,No,5,77,Medium,Yes,1,High,Medium,Private,Negative,2,No,College,Near,Male
26,61,High,Medium,Yes,8,70,Low,Yes,1,Medium,Medium,Private,Neutral,4,Yes,Postgraduate,Moderate,Male
15,67,High,High,Yes,4,50,Low,Yes,0,Medium,,Public,Positive,1,No,College,Near,Male
20,83,High,Medium,Yes,6,73,Medium,Yes,0,High,Medium,Public,Positive,3,No,College,Far,Male
12,88,Low,Medium,Yes,4,56,Medium,Yes,0,Low,High,Private,Neutral,2,No,High School,Far,Male
24,68,Medium,Medium,Yes,7,96,Medium,Yes,1,Low,High,Public,Positive,3,No,High School,Near,Male
23,87,High,High,Yes,9,96,High,Yes,1,Medium,Medium,Private,Positive,1,No,College,Near,Female
23,67,High,High,Yes,6,90,Medium,Yes,2,High,Medium,Private,Positive,3,No,High School,Near,Female
20,85,Medium,Medium,No,6,58,Low,Yes,0,Low,Medium,Private,Negative,2,No,Postgraduate,Near,Male
22,76,Medium,Medium,Yes,10,57,Medium,Yes,1,Medium,High,Private,Neutral,3,No,High School,Far,Male
30,86,High,Medium,No,8,78,Medium,Yes,4,Medium,Low,Public,Positive,2,No,College,Far,Male
18,100,High,Medium,Yes,10,86,Medium,Yes,1,Medium,Medium,Public,Neutral,3,No,High School,Near,Male
21,98,Medium,Medium,Yes,7,95,Low,Yes,3,High,Low,Public,Neutral,1,No,High School,Near,Male
13,60,Low,High,Yes,7,95,Medium,Yes,1,Low,Medium,Private,Positive,1,No,High School,Near,Female
15,95,High,Medium,Yes,9,58,Low,Yes,2,Low,High,Private,Neutral,3,No,High School,Near,Female
21,63,High,Medium,No,7,100,Medium,Yes,1,High,Medium,Private,Neutral,2,No,Postgraduate,Moderate,Female
27,98,High,High,No,7,58,Medium,Yes,1,High,Medium,Public,Positive,3,No,Postgraduate,Far,Female
18,71,High,Low,Yes,4,92,Medium,Yes,1,Low,Medium,Public,Negative,4,Yes,College,Near,Female
19,75,Medium,High,Yes,10,79,Medium,Yes,1,Medium,Medium,Public,Neutral,2,No,High School,Near,Female
18,64,High,Medium,Yes,8,84,Medium,No,2,Medium,Medium,Public,Neutral,3,No,College,Near,Female
17,64,High,High,No,7,80,Low,Yes,3,Medium,Medium,Private,Positive,4,No,High School,Near,Male
22,89,Medium,High,No,8,93,Medium,Yes,2,High,Low,Private,Neutral,5,No,High School,Near,Male
11,98,High,High,Yes,5,82,High,Yes,1,Medium,Medium,Private,Neutral,2,No,Postgraduate,Near,Male
28,84,High,Medium,Yes,6,92,Medium,Yes,1,Medium,Medium,Public,Negative,3,Yes,High School,Near,Female
16,89,High,Medium,Yes,8,58,Low,Yes,2,Low,Medium,Public,Neutral,3,No,College,Moderate,Male
24,90,Medium,High,No,7,93,Low,Yes,1,Low,High,Public,Neutral,2,Yes,Postgraduate,Near,Male
12,71,Medium,Low,No,8,100,Medium,Yes,2,High,Medium,Public,Neutral,3,Yes,College,Near,Male
24,62,Medium,High,No,7,83,Low,Yes,1,Medium,Low,Public,Neutral,2,No,College,Moderate,Female
24,60,Medium,Medium,Yes,8,99,Medium,Yes,2,Low,Low,Public,Neutral,1,No,High School,Moderate,Male
22,74,Medium,Low,No,5,61,Medium,Yes,1,Low,Medium,Public,Positive,3,No,Postgraduate,Near,Female
14,70,Medium,Medium,Yes,9,91,High,Yes,2,Medium,Medium,Public,Neutral,4,No,High School,Near,Female
21,62,Medium,Low,No,6,58,Medium,Yes,2,Low,High,Private,Neutral,3,No,College,Moderate,Female
13,67,High,High,Yes,7,76,Medium,Yes,2,Low,Medium,Private,Neutral,5,No,High School,Near,Male
18,65,Medium,High,No,6,83,Low,Yes,1,Medium,High,Private,Neutral,2,No,High School,Near,Male
26,97,Medium,Medium,Yes,7,83,Low,Yes,2,Low,Medium,Public,Positive,3,No,Postgraduate,Near,Male
25,66,Medium,High,Yes,7,84,Low,Yes,2,High,Medium,Public,Positive,1,No,High School,Near,Male
20,82,Low,Medium,No,8,66,Low,Yes,0,High,Medium,Public,Positive,2,No,Postgraduate,Near,Male
14,84,High,High,No,8,99,Medium,No,3,Medium,High,Public,Neutral,4,No,Postgraduate,Near,Female
24,82,Medium,High,No,8,50,Medium,Yes,0,Medium,Medium,Public,Positive,2,No,Postgraduate,Moderate,Male
20,64,Medium,Medium,No,6,81,Medium,Yes,0,High,High,Public,Positive,1,No,,Moderate,Female
6,73,Medium,Medium,No,8,93,Low,Yes,0,Low,Medium,Private,Neutral,1,Yes,High School,Far,Female
25,62,Medium,Medium,Yes,7,95,Low,Yes,1,High,Medium,Public,Neutral,4,Yes,College,Near,Male
20,76,Medium,High,Yes,7,86,Medium,Yes,2,Medium,Medium,Public,Negative,5,No,High School,Near,Female
27,68,Low,Medium,No,8,79,Medium,Yes,2,Low,High,Private,Negative,1,Yes,Postgraduate,Moderate,Female
13,82,Medium,High,No,5,73,Low,Yes,4,Low,Medium,Public,Negative,4,No,High School,Near,Male
1,88,Medium,High,Yes,4,72,High,Yes,3,Medium,Medium,Private,Negative,2,No,College,Near,Male
22,81,High,Medium,Yes,9,71,Medium,Yes,2,High,Low,Public,Negative,4,No,High School,Near,Male
22,77,Medium,High,No,7,85,Low,Yes,2,Low,Medium,Public,Neutral,2,No,College,Near,Male
10,75,Medium,Medium,No,8,87,Low,Yes,2,Medium,Medium,Public,Positive,4,Yes,High School,Near,Female
14,94,Low,Medium,Yes,6,76,Medium,No,0,Low,Low,Public,Neutral,3,No,High School,Near,Male
37,69,Medium,High,Yes,9,87,Medium,No,1,Low,Medium,Public,Negative,2,No,College,Far,Female
18,89,Medium,Low,No,8,76,High,Yes,0,Low,Medium,Public,Positive,2,No,High School,Near,Male
24,90,Low,Medium,Yes,7,55,Medium,Yes,1,High,Medium,Public,Negative,2,No,Postgraduate,Far,Male
16,77,Medium,Medium,Yes,7,93,Medium,Yes,1,Low,Medium,Public,Positive,2,No,,Moderate,Male
7,72,Medium,Medium,Yes,4,94,Medium,Yes,4,Medium,Medium,Private,Positive,4,No,Postgraduate,Near,Male
19,79,Medium,High,Yes,8,63,Medium,Yes,4,Low,High,Public,Neutral,2,No,High School,Moderate,Male
18,64,Medium,High,Yes,9,89,Low,Yes,1,Medium,High,Private,Neutral,3,No,High School,Moderate,Male
18,62,High,Medium,Yes,7,76,Medium,Yes,2,Medium,Medium,Private,Negative,3,Yes,College,Near,Female
19,64,Medium,Medium,Yes,7,56,Medium,Yes,0,Low,Medium,Private,Neutral,4,No,High School,Near,Female
22,67,Medium,High,No,7,70,High,Yes,2,Low,Medium,Private,Positive,2,No,High School,Near,Male
19,80,High,Medium,Yes,9,54,Medium,Yes,0,Low,Medium,Public,Negative,2,No,Postgraduate,Moderate,Male
12,94,Medium,Low,Yes,9,89,Medium,Yes,1,Low,Low,Private,Negative,3,No,High School,Near,Male
23,69,Medium,High,Yes,6,60,Medium,Yes,2,Low,High,Private,Negative,4,No,High School,Near,Male
8,97,Medium,High,Yes,8,58,High,Yes,2,High,Medium,Public,Neutral,2,No,College,Near,Female
8,98,Low,Medium,Yes,7,60,Medium,Yes,1,High,High,Private,Negative,3,No,Postgraduate,Near,Female
24,98,Medium,High,No,8,61,Medium,Yes,6,Medium,High,Private,Positive,3,No,High School,Near,Female
23,94,High,Medium,Yes,6,84,High,Yes,0,Low,High,Public,Neutral,3,No,Postgraduate,Near,Male
20,75,Medium,Medium,Yes,9,82,High,Yes,0,Low,Low,Public,Positive,5,No,College,Moderate,Female
12,63,Medium,Medium,No,8,56,Low,Yes,4,Medium,Medium,Public,Positive,4,No,College,Moderate,Male
16,83,Medium,Medium,Yes,9,86,Medium,Yes,5,Low,High,Private,Negative,4,No,High School,Moderate,Female
18,82,Medium,Medium,Yes,5,67,High,No,1,Medium,High,Public,Neutral,4,No,College,Near,Male
10,94,Medium,High,No,5,73,Medium,Yes,1,Medium,Medium,Public,Negative,3,No,High School,Moderate,Male
16,100,Medium,High,No,10,56,Medium,Yes,1,High,Medium,Public,Neutral,2,No,High School,Near,Female
24,80,Medium,Medium,No,9,85,Low,Yes,3,Low,Medium,Public,Positive,4,No,High School,Near,Male
29,74,Medium,High,Yes,6,69,Medium,Yes,1,Low,High,Private,Negative,1,No,College,Far,Female
17,67,High,Medium,No,8,82,Medium,Yes,0,Medium,Medium,Public,Positive,4,No,High School,Near,Female
25,60,Medium,Low,No,6,71,Low,Yes,2,High,Medium,Public,Positive,2,No,High School,Near,Male
9,80,Medium,Low,Yes,4,52,Low,Yes,1,High,Medium,Public,Positive,2,No,Postgraduate,Near,Female
24,82,Medium,Medium,No,4,85,Low,No,1,Low,Medium,Public,Negative,2,No,High School,Near,Male
15,93,Medium,Medium,Yes,7,78,Low,Yes,0,Medium,Medium,Public,Negative,4,No,High School,Moderate,Male
22,80,Medium,High,Yes,9,72,Low,Yes,2,Medium,Medium,Public,Neutral,4,No,College,Near,Female
19,97,High,Medium,Yes,9,60,High,Yes,3,Medium,Medium,Public,Negative,4,No,Postgraduate,Moderate,Female
28,85,Medium,Medium,Yes,9,81,Low,Yes,2,Low,Medium,Public,Neutral,3,No,High School,Near,Male
15,94,Medium,High,Yes,8,64,Medium,Yes,2,Low,Medium,Public,Negative,1,No,College,Near,Male
24,66,High,Medium,Yes,7,71,Low,Yes,1,Low,High,Public,Neutral,3,No,High School,Near,Male
18,94,Low,Medium,Yes,9,53,Medium,Yes,3,Low,Medium,Public,Negative,3,No,College,Moderate,Female
19,87,High,Medium,No,4,89,Medium,Yes,0,Low,Low,Public,Positive,5,Yes,Postgraduate,Moderate,Female
19,67,Medium,Low,Yes,8,55,Medium,No,0,Medium,High,Private,Positive,4,No,High School,Near,Male
15,68,Medium,High,No,5,95,High,Yes,1,Medium,Medium,Private,Positive,2,Yes,College,Near,Female
20,97,High,Low,Yes,6,93,Low,Yes,1,High,High,Public,Positive,1,No,College,Far,Male
20,61,High,Medium,No,8,99,Medium,Yes,0,Medium,High,Public,Neutral,4,No,College,Near,Male
21,79,Medium,Medium,Yes,8,95,High,Yes,0,Medium,Medium,Public,Neutral,2,No,Postgraduate,Near,Female
21,73,Medium,Medium,No,6,99,Medium,No,1,Low,Medium,Public,Neutral,5,No,High School,Near,Male
25,87,Medium,Medium,No,8,94,High,Yes,0,Medium,High,Public,Positive,4,No,High School,Near,Male
26,94,Low,Medium,No,8,56,Low,Yes,1,High,Medium,Public,Negative,2,No,College,Near,Female
14,74,High,Medium,Yes,7,72,High,No,2,Medium,Medium,Private,Negative,3,No,College,Near,Male
25,77,Low,Medium,Yes,7,54,Medium,Yes,2,Medium,Medium,Public,Neutral,1,No,College,Moderate,Male
13,99,Medium,Medium,Yes,10,77,Low,Yes,0,Medium,High,Private,Negative,3,No,College,Moderate,Female
24,91,High,High,Yes,7,76,Medium,Yes,0,Medium,Medium,Private,Positive,2,No,High School,Moderate,Female
24,96,High,High,Yes,7,96,Medium,Yes,1,Medium,Medium,Public,Negative,3,No,High School,Near,Female
9,78,Medium,Medium,No,7,98,Low,Yes,3,Low,Medium,Public,Positive,2,No,High School,Near,Male
21,69,High,Low,Yes,7,63,Medium,Yes,0,Medium,Medium,Public,Positive,3,No,High School,Moderate,Male
17,76,Medium,Medium,Yes,8,79,Low,No,1,Low,Medium,Public,Neutral,4,Yes,Postgraduate,Far,Female
15,89,High,Low,No,9,73,High,Yes,2,Low,Low,Private,Neutral,2,No,High School,Near,Male
28,64,Medium,Medium,Yes,7,77,Medium,Yes,1,High,Medium,Public,Positive,2,No,High School,Near,Male
16,71,High,Low,Yes,6,77,Low,Yes,4,Medium,Medium,Public,Neutral,5,Yes,College,Moderate,Male
15,62,Low,High,No,10,96,Low,Yes,0,Medium,High,Private,Positive,4,No,High School,Far,Male
20,77,Medium,Low,Yes,7,95,High,Yes,0,Medium,,Public,Positive,1,No,High School,Far,Male
24,93,Medium,High,No,4,56,Low,Yes,4,Low,High,Public,Negative,2,No,Postgraduate,Moderate,Female
19,61,High,Low,Yes,10,67,Low,No,1,Medium,Medium,Public,Positive,6,No,Postgraduate,Near,Female
27,87,High,Medium,Yes,9,88,Medium,Yes,1,Low,High,Public,Positive,4,Yes,College,Near,Male
23,97,Medium,High,No,9,84,Low,Yes,1,High,Medium,Public,Positive,3,Yes,High School,Far,Female
7,69,Low,Medium,No,9,82,Low,Yes,1,Medium,High,Private,Positive,3,No,Postgraduate,Near,Female
17,88,Medium,High,Yes,10,100,Medium,Yes,1,Low,High,Public,Positive,2,No,Postgraduate,Near,Female
17,99,Medium,Medium,No,5,67,Low,Yes,2,Medium,Medium,Private,Neutral,4,No,Postgraduate,Far,Male
23,98,Medium,High,Yes,6,76,Low,Yes,3,Low,High,Public,Positive,3,No,,Near,Male
4,69,Medium,High,Yes,6,99,Medium,Yes,0,Medium,High,Public,Neutral,2,No,High School,Moderate,Male
35,64,Medium,Low,No,6,85,High,Yes,2,Medium,High,Private,Neutral,2,No,High School,Moderate,Male
23,66,Medium,High,Yes,7,82,High,Yes,1,Medium,Medium,Public,Positive,2,No,High School,Near,Male
21,88,High,Low,No,6,58,Medium,Yes,3,High,Medium,Private,Neutral,4,No,College,Near,Male
27,89,Medium,Medium,No,5,62,Medium,Yes,0,Low,Medium,Public,Neutral,3,No,High School,Near,Male
34,87,Medium,Low,No,6,69,High,Yes,3,Low,Medium,Private,Neutral,2,No,College,Moderate,Male
25,73,Medium,Low,Yes,7,73,Medium,Yes,1,Medium,Medium,Public,Positive,2,No,High School,Near,Male
26,67,Medium,Medium,No,9,75,Medium,Yes,2,Medium,Medium,Public,Positive,3,No,High School,Near,Male
21,83,Medium,Medium,No,6,95,High,Yes,4,High,High,Public,Neutral,2,No,High School,Far,Female
19,79,Medium,High,Yes,8,55,Medium,Yes,3,Medium,Medium,Private,Neutral,4,Yes,Postgraduate,Near,Male
17,89,Low,Medium,Yes,5,62,High,Yes,2,Medium,Medium,Private,Positive,2,No,College,Near,Female
15,78,Medium,High,No,4,57,High,Yes,2,Medium,High,Public,Negative,2,No,High School,Near,Female
16,74,Medium,Low,Yes,7,87,Medium,Yes,0,Low,Low,Public,Positive,3,No,College,Near,Female
12,72,Low,Low,Yes,6,99,High,Yes,0,Low,Medium,Public,Positive,4,No,College,Far,Female
20,68,Medium,High,Yes,6,95,Medium,Yes,0,Low,Medium,Public,Positive,4,No,High School,Near,Female
10,71,Medium,High,Yes,6,86,Medium,Yes,1,Medium,Low,Public,Negative,2,Yes,Postgraduate,Near,Male
21,64,Low,High,Yes,6,51,Low,Yes,0,High,Low,Public,Negative,3,No,College,Moderate,Female
20,74,Low,Medium,Yes,6,67,High,Yes,0,Medium,Medium,Private,Negative,4,Yes,College,Moderate,Female
21,61,Medium,Medium,Yes,6,93,Low,Yes,3,Medium,High,Private,Neutral,3,No,,Near,Female
17,67,High,Low,No,5,83,High,Yes,3,Low,Medium,Public,Positive,3,No,High School,Moderate,Male
38,90,High,Medium,Yes,4,60,Low,Yes,2,Low,Medium,Public,Neutral,4,No,College,Moderate,Male
28,73,Low,Medium,Yes,4,73,Medium,Yes,2,High,High,Public,Positive,2,No,Postgraduate,Near,Female
13,87,Low,Medium,No,10,54,Low,Yes,2,Low,Medium,Public,Positive,2,No,,Moderate,Female
21,89,Low,Medium,No,7,76,Medium,Yes,3,High,Medium,Public,Positive,2,No,High School,Far,Female
16,83,Medium,High,Yes,9,95,Medium,Yes,2,Low,High,Public,Neutral,2,No,College,Near,Male
14,98,Medium,High,Yes,7,52,High,Yes,1,Medium,High,Private,Negative,4,No,,Moderate,Male
12,61,Medium,Medium,Yes,7,81,Medium,Yes,2,High,Medium,Public,Neutral,3,No,College,Far,Male
23,90,High,Medium,Yes,7,62,Medium,Yes,3,Medium,Low,Private,Positive,2,No,Postgraduate,Moderate,Male
16,98,Medium,Low,No,8,100,Low,Yes,2,Low,Medium,Public,Neutral,1,No,,Near,Male
26,94,High,Low,Yes,5,53,Low,Yes,0,Low,High,Public,Neutral,2,No,High School,Near,Male
26,67,Low,High,Yes,6,81,High,Yes,4,Low,High,Public,Neutral,3,Yes,College,Near,Male
28,73,Low,Medium,Yes,7,63,Low,Yes,0,Low,Medium,Public,Positive,2,No,High School,Near,Male
15,67,Medium,High,Yes,4,94,High,Yes,1,Medium,Medium,Private,Positive,5,No,High School,Far,Male
23,84,Low,Low,Yes,9,56,Low,No,1,Medium,High,Public,Positive,4,No,High School,Near,Female
24,88,High,High,No,9,71,Medium,Yes,2,High,High,Public,Negative,3,No,High School,Near,Female
17,73,Medium,Low,No,4,59,High,Yes,2,Low,High,Private,Negative,4,No,High School,Moderate,Female
15,82,Medium,High,Yes,6,90,High,No,2,High,Medium,Public,Positive,2,No,High School,Near,Male
30,88,Medium,Medium,Yes,7,68,Low,Yes,1,Medium,High,Public,Positive,3,No,College,Near,Female
21,77,Medium,Low,Yes,8,59,Medium,Yes,3,Low,Medium,Private,Positive,2,No,High School,Near,Male
24,94,Low,Medium,No,9,86,High,Yes,2,Low,Medium,Public,Neutral,3,No,College,Near,Female
15,91,Medium,Low,Yes,6,91,Low,Yes,0,Medium,Medium,Public,Positive,3,No,College,Moderate,Female
13,63,Medium,Medium,No,10,73,Low,Yes,2,Low,High,Public,Negative,3,No,Postgraduate,Moderate,Male
17,85,High,High,Yes,7,69,Medium,Yes,4,Low,High,Private,Neutral,2,No,High School,Near,Female
19,69,Medium,Medium,Yes,7,82,Low,No,2,Low,,Public,Neutral,3,No,College,Near,Male
14,82,Medium,Medium,Yes,8,83,Medium,Yes,0,Medium,Medium,Public,Negative,2,No,High School,Moderate,Male
20,98,Low,High,Yes,7,83,Medium,No,0,Low,Medium,Public,Neutral,3,No,High School,Far,Female
10,95,High,Medium,No,7,64,High,Yes,4,Low,Medium,Private,Positive,3,No,Postgraduate,Near,Male
13,76,Low,Medium,Yes,10,97,High,Yes,4,Low,Low,Public,Neutral,3,No,College,Moderate,Male
24,72,High,High,No,7,61,Medium,Yes,3,Low,Medium,Private,Neutral,2,No,High School,Near,Female
24,69,Medium,Low,Yes,6,69,Medium,Yes,0,Low,High,Private,Neutral,4,No,College,Near,Male
18,81,Low,Medium,Yes,6,64,Medium,Yes,1,Medium,Medium,Public,Positive,4,No,High School,Moderate,Female
14,65,Medium,High,Yes,9,97,Low,Yes,3,Low,High,Public,Positive,4,No,High School,Near,Female
14,82,High,Low,Yes,8,91,High,Yes,1,Low,Medium,Public,Negative,2,No,High School,Near,Male
18,60,Medium,High,No,5,91,Low,Yes,2,Low,Medium,Public,Negative,4,Yes,High School,Near,Male
24,73,Medium,Medium,Yes,5,50,Low,Yes,1,Low,Medium,Public,Negative,2,No,High School,Near,Male
26,69,Low,Low,Yes,7,84,Medium,Yes,0,Medium,Medium,Private,Neutral,3,Yes,High School,Moderate,Male
17,99,Medium,Medium,Yes,8,62,Medium,Yes,3,Medium,Medium,Private,Neutral,3,No,High School,Near,Male
13,89,Low,High,Yes,6,98,Medium,Yes,0,Medium,Medium,Private,Negative,4,No,High School,Near,Male
22,74,High,High,No,4,77,Low,Yes,0,High,Medium,Private,Negative,3,Yes,High School,Near,Male
15,64,High,Medium,No,5,78,Medium,Yes,2,Low,Medium,Public,Positive,2,No,High School,Moderate,Male
17,81,High,Low,Yes,9,68,High,Yes,1,Low,Low,Private,Positive,3,No,College,Near,Female
28,69,Low,Medium,No,8,77,Medium,Yes,3,Medium,Medium,Public,Neutral,4,No,College,Moderate,Female
25,81,Medium,Medium,No,9,87,Low,Yes,1,Low,High,Private,Negative,1,No,Postgraduate,Moderate,Female
21,93,Low,High,Yes,9,78,Low,Yes,1,Medium,Low,Public,Neutral,2,Yes,High School,Far,Male
12,85,Medium,High,Yes,6,82,Medium,Yes,1,High,Medium,Public,Neutral,2,No,High School,Far,Male
21,85,High,High,Yes,6,74,Medium,Yes,2,Medium,Medium,Public,Neutral,4,No,High School,Near,Female
26,82,Medium,Medium,Yes,7,86,Medium,Yes,0,Low,High,Public,Neutral,2,Yes,Postgraduate,Near,Male
18,97,High,Low,Yes,8,95,High,Yes,1,Medium,Medium,Public,Positive,2,No,Postgraduate,Moderate,Male
28,97,High,Low,Yes,9,53,Low,Yes,0,Low,Medium,Private,Negative,3,No,College,Moderate,Female
28,81,Medium,Medium,Yes,10,55,Medium,Yes,2,Medium,Low,Private,Neutral,3,No,High School,Near,Male
30,72,Medium,Medium,No,8,84,Medium,Yes,1,Low,High,Private,Positive,1,No,High School,Near,Male
22,78,Low,High,Yes,8,69,High,Yes,2,Low,Medium,Public,Negative,2,No,High School,Near,Female
24,67,Medium,Medium,No,10,64,Low,Yes,1,Low,Medium,Public,Positive,2,Yes,College,Far,Female
28,85,Medium,Low,No,7,59,Low,Yes,1,Low,Medium,Public,Neutral,3,No,Postgraduate,Far,Male
23,80,High,Medium,No,9,79,Medium,Yes,1,Medium,High,Public,Negative,2,No,Postgraduate,Near,Male
17,64,Medium,High,Yes,8,67,Medium,Yes,3,Low,Medium,Public,Negative,3,No,College,Near,Male
17,68,Medium,High,Yes,8,75,Medium,Yes,2,Low,High,Private,Positive,3,No,College,Near,Female
21,79,High,Low,Yes,7,98,High,Yes,2,Low,Medium,Public,Positive,1,No,High School,Near,Male
12,96,High,High,No,5,88,High,Yes,0,Medium,Medium,Private,Positive,2,No,College,Moderate,Female
19,83,High,Medium,No,8,90,Low,Yes,3,Low,Medium,Public,Positive,3,No,College,Moderate,Female
27,87,Medium,Medium,Yes,8,56,Medium,Yes,3,Medium,High,Public,Neutral,3,No,Postgraduate,Near,Male
7,74,Medium,Medium,Yes,6,66,Low,Yes,1,Low,High,Private,Positive,2,No,High School,Near,Female
29,83,Medium,Medium,No,7,55,High,Yes,2,Low,Low,Private,Negative,4,No,High School,Near,Female
27,78,Medium,Medium,No,6,98,Low,Yes,1,Medium,Medium,Public,Positive,3,No,High School,Far,Male
17,86,Low,Medium,No,6,84,High,Yes,0,Medium,Medium,Private,Neutral,3,No,High School,Near,Female
23,62,Medium,Medium,No,6,51,Medium,Yes,5,High,Medium,Public,Negative,2,No,College,Near,Male
20,80,High,Low,Yes,5,74,Medium,Yes,2,Low,Low,Public,Negative,4,No,College,Moderate,Female
27,72,Medium,Medium,No,6,63,Medium,Yes,1,High,Medium,Private,Negative,5,No,College,Moderate,Female
26,73,Medium,High,No,8,77,Medium,Yes,0,Medium,High,Private,Positive,2,No,College,Far,Male
12,98,Low,Medium,No,9,59,Low,Yes,1,High,Medium,Public,Neutral,2,No,Postgraduate,Near,Female
24,67,Low,Medium,Yes,10,53,Medium,Yes,0,Medium,Medium,Public,Positive,3,Yes,College,Near,Female
19,72,Medium,Low,No,6,66,Medium,Yes,0,Medium,High,Private,Neutral,2,No,Postgraduate,Near,Male
20,80,Medium,Low,No,9,65,High,Yes,1,Medium,Medium,Private,Positive,3,No,College,Far,Male
16,95,High,Medium,Yes,8,86,Medium,Yes,0,Low,Low,Public,Positive,4,No,High School,Moderate,Male
30,77,Medium,Low,Yes,7,74,Medium,Yes,3,High,Medium,Private,Neutral,3,No,Postgraduate,Moderate,Male
26,90,Medium,Medium,No,8,65,High,Yes,3,Medium,High,Private,Positive,2,No,High School,Near,Female
16,94,Medium,High,No,9,79,High,Yes,2,High,,Public,Positive,5,No,High School,Moderate,Female
12,72,Medium,Medium,Yes,6,54,Low,Yes,3,Low,Medium,Public,Positive,2,No,Postgraduate,Near,Male
18,76,High,High,No,6,83,Medium,Yes,1,High,Medium,Public,Neutral,4,No,High School,Near,Male
23,74,Medium,High,Yes,6,57,Low,No,1,High,High,Private,Neutral,3,No,College,Near,Male
21,93,Medium,Low,No,6,64,Medium,Yes,2,Low,Medium,Public,Positive,4,No,Postgraduate,Moderate,Male
28,62,Medium,Medium,No,9,64,High,Yes,1,Low,Medium,Private,Negative,2,No,Postgraduate,Near,Male
25,72,High,Low,Yes,6,73,High,Yes,4,Medium,High,Public,Neutral,4,No,College,Moderate,Male
26,87,Medium,Medium,No,6,98,High,Yes,0,Medium,High,Public,Negative,4,No,College,Moderate,Male
22,83,Medium,Low,Yes,7,66,Medium,Yes,2,Medium,Medium,Private,Neutral,3,No,High School,Near,Female
12,77,Low,Medium,No,7,64,Low,Yes,2,High,High,Public,Positive,4,No,College,Moderate,Female
19,82,High,Medium,Yes,6,58,Low,Yes,2,Medium,High,Private,Positive,3,No,College,Near,Female
26,68,High,Low,Yes,10,70,Medium,Yes,1,Low,Medium,Public,Positive,3,No,College,Near,Male
20,77,Low,Low,No,6,59,Low,Yes,1,High,Medium,Public,Negative,2,No,High School,Moderate,Female
23,80,High,Medium,No,7,57,Low,Yes,2,Medium,High,Public,Negative,2,No,Postgraduate,Moderate,Female
18,96,Medium,Medium,Yes,4,93,Medium,Yes,0,Medium,High,Public,Positive,4,No,College,Near,Female
14,70,Medium,High,Yes,7,53,Low,Yes,0,Medium,Medium,Public,Negative,3,No,High School,Moderate,Male
19,95,Low,Low,Yes,5,86,Medium,Yes,0,High,Medium,Public,Negative,4,No,High School,Moderate,Male
22,86,High,Medium,No,6,60,High,Yes,0,High,High,Public,Neutral,3,No,Postgraduate,Near,Male
16,61,Low,Medium,Yes,4,51,Low,Yes,1,Low,Medium,Public,Neutral,3,No,High School,Near,Male
19,89,High,Medium,Yes,6,90,High,Yes,0,Low,High,Private,Negative,4,No,College,Moderate,Female
14,61,Low,Medium,No,7,85,High,Yes,1,Low,Medium,Public,Neutral,1,No,High School,Near,Female
27,100,High,Medium,No,7,67,Medium,Yes,1,High,High,Public,Neutral,3,No,College,Moderate,Male
18,95,Low,High,Yes,6,54,High,Yes,0,Medium,High,Private,Negative,3,No,College,Moderate,Male
29,72,Medium,Medium,No,7,68,Low,Yes,0,Low,Medium,Public,Positive,3,No,College,Near,Female
29,70,Medium,Low,No,6,59,High,Yes,2,Medium,Medium,Private,Neutral,4,No,Postgraduate,Far,Male
20,75,Low,Medium,Yes,7,97,High,Yes,0,Medium,Medium,Public,Neutral,2,No,College,,Female
14,74,Medium,Medium,No,7,76,High,Yes,1,Low,High,Public,Neutral,2,No,High School,Far,Female
7,75,Medium,Medium,No,7,98,Low,No,1,Low,High,Public,Positive,3,No,College,Near,Male
11,73,High,Low,Yes,7,68,High,Yes,3,Low,High,Private,Neutral,3,No,College,Moderate,Female
12,85,Medium,Medium,Yes,6,78,High,Yes,3,Medium,Medium,Public,Neutral,4,No,College,Near,Male
28,67,Medium,Medium,No,8,60,High,Yes,0,Medium,Medium,Public,Positive,3,No,High School,Moderate,Female
21,94,Medium,Low,Yes,8,90,Low,Yes,1,Medium,Medium,Public,Positive,4,No,Postgraduate,Near,Female
22,92,Medium,Medium,Yes,7,52,Low,No,1,Medium,Medium,Private,Negative,3,No,Postgraduate,Near,Female
7,79,Low,High,Yes,9,85,Medium,Yes,0,Medium,Medium,Public,Negative,2,No,High School,Near,Male
13,94,High,High,Yes,7,70,Medium,Yes,1,Medium,Medium,Private,Negative,3,No,High School,Moderate,Male
25,70,Medium,Medium,Yes,7,79,Low,Yes,3,High,Medium,Public,Neutral,3,No,High School,Near,Male
22,61,High,Medium,Yes,7,80,High,Yes,3,Medium,High,Public,Neutral,3,No,Postgraduate,Moderate,Male
19,85,Medium,Medium,Yes,7,86,Medium,Yes,0,Low,Medium,Public,Positive,2,No,College,Moderate,Female
23,78,High,High,Yes,6,60,Medium,Yes,2,High,High,Public,Positive,4,No,High School,Far,Male
30,83,Low,Medium,Yes,4,77,Medium,Yes,0,Low,Medium,Public,Neutral,4,No,High School,Near,Female
19,96,Low,Medium,No,7,71,Medium,Yes,2,Low,High,Private,Positive,3,No,Postgraduate,Moderate,Male
20,99,Medium,Low,No,8,64,Low,Yes,1,High,Medium,Public,Positive,2,No,High School,Near,Male
21,85,High,Medium,Yes,5,75,Low,Yes,1,High,High,Public,Positive,2,No,High School,Moderate,Female
34,91,Medium,Low,No,9,98,Medium,Yes,0,Medium,Medium,Public,Neutral,4,No,,Moderate,Male
7,63,Low,Medium,No,5,97,Medium,Yes,1,Low,Medium,Public,Neutral,2,No,High School,Near,Female
24,66,Medium,Medium,No,6,64,Medium,No,0,Medium,High,Public,Neutral,4,No,High School,Near,Male
19,89,High,High,Yes,10,94,Medium,Yes,0,High,Medium,Private,Neutral,1,No,College,Near,Female
23,77,Low,High,Yes,8,94,Medium,Yes,0,High,Medium,Private,Positive,3,No,Postgraduate,Near,Male
16,78,Low,High,No,7,62,Medium,Yes,0,High,High,Public,Negative,1,No,High School,Far,Female
20,72,High,Medium,Yes,7,80,Medium,Yes,1,Low,High,Private,Negative,3,No,College,Near,Male
24,84,High,High,No,9,93,Medium,Yes,3,High,Medium,Public,Neutral,4,No,High School,Far,Male
39,67,High,High,Yes,5,76,Medium,No,2,Medium,Medium,Private,Negative,4,No,,Near,Female
25,85,High,High,No,9,68,Medium,Yes,1,High,Medium,Public,Negative,3,No,Postgraduate,Far,Female
15,67,Low,Medium,Yes,6,83,Low,Yes,3,Medium,Low,Public,Positive,3,No,High School,Moderate,Male
17,63,Medium,Medium,Yes,8,59,Medium,Yes,1,Low,High,Public,Positive,1,No,Postgraduate,Moderate,Male
17,73,Medium,Low,No,6,58,Medium,Yes,4,Medium,Medium,Public,Positive,1,No,College,Near,Male
9,69,High,High,Yes,10,92,Medium,Yes,2,Low,Medium,Private,Neutral,3,No,Postgraduate,Near,Male
18,96,High,Low,Yes,7,52,Low,Yes,1,Low,Medium,Private,Neutral,4,No,College,Near,Female
24,62,High,Medium,Yes,5,90,Low,Yes,0,High,Medium,Private,Positive,3,No,College,Near,Male
12,67,Medium,Medium,Yes,8,65,Low,Yes,1,High,Medium,Public,Neutral,3,No,High School,Moderate,Male
26,82,Low,Low,Yes,9,74,High,Yes,2,Medium,Medium,Public,Negative,5,No,High School,Moderate,Female
23,79,Medium,High,No,9,77,Medium,Yes,1,Low,High,Public,Neutral,3,No,High School,Near,Male
16,62,Medium,Medium,No,7,88,Medium,Yes,1,Low,High,Public,Neutral,1,No,High School,Near,Female
19,60,Medium,Low,No,8,94,High,Yes,1,Low,Low,Private,Neutral,3,No,High School,Near,Female
30,100,High,High,Yes,6,90,Low,Yes,0,Medium,Low,Public,Positive,2,Yes,High School,Near,Male
24,86,Medium,Medium,Yes,8,79,Medium,No,0,Low,Medium,Public,Neutral,4,No,High School,Near,Female
20,75,Low,High,No,8,67,Medium,Yes,1,High,Low,Public,Positive,4,No,College,Moderate,Male
19,79,Medium,Medium,No,4,76,High,Yes,1,Medium,Medium,Private,Neutral,3,No,,Near,Male
20,71,High,Medium,No,5,52,High,Yes,1,Medium,High,Public,Neutral,3,No,High School,Moderate,Male
17,74,Medium,Medium,Yes,7,62,Medium,Yes,2,High,Medium,Public,Positive,4,No,High School,Near,Male
7,86,High,Medium,No,7,68,Medium,Yes,5,Low,Medium,Public,Positive,4,No,Postgraduate,Moderate,Male
32,95,Medium,Medium,Yes,7,66,High,Yes,5,High,Medium,Private,Negative,3,No,College,Near,Male
21,67,Low,High,Yes,7,55,High,Yes,2,High,High,Private,Positive,3,No,High School,Moderate,Female
22,94,Low,Low,No,9,53,High,Yes,1,Medium,High,Public,Neutral,3,No,College,Near,Female
20,65,High,Medium,Yes,8,71,Low,Yes,2,Low,Medium,Private,Neutral,3,Yes,College,Near,Female
16,69,Medium,High,Yes,4,54,Medium,Yes,4,Low,Low,Public,Positive,4,No,College,Near,Female
19,61,High,Medium,No,10,64,Medium,Yes,3,Low,Medium,Public,Positive,3,No,High School,Moderate,Male
10,66,Medium,Medium,No,4,74,Low,Yes,2,Low,Medium,Public,Negative,2,No,High School,Moderate,Male
34,97,Medium,Medium,No,8,60,Medium,Yes,2,Medium,Medium,Private,Neutral,4,No,High School,Near,Male
13,78,Medium,Low,Yes,5,54,Low,Yes,2,Low,High,Public,Positive,3,Yes,College,Near,Male
14,63,Low,Low,Yes,9,72,Medium,Yes,3,Low,Low,Public,Positive,4,Yes,High School,Near,Female
17,98,Medium,High,Yes,7,72,High,Yes,0,Low,Medium,Public,Positive,3,No,High School,Near,Male
28,95,Medium,Medium,No,8,96,Medium,Yes,1,Medium,Medium,Public,Neutral,3,No,Postgraduate,Moderate,Male
20,90,High,Medium,Yes,4,56,Medium,Yes,0,Low,High,Private,Positive,1,No,High School,Moderate,Male
13,97,Medium,Medium,Yes,8,81,Medium,Yes,3,Low,Medium,Public,Neutral,1,No,High School,Far,Male
28,69,Medium,Medium,Yes,8,66,Medium,Yes,0,Low,Medium,Public,Positive,6,No,College,Far,Male
24,93,Low,High,Yes,8,56,Medium,Yes,1,Low,Medium,Public,Neutral,3,No,College,Moderate,Male
23,88,Medium,Medium,No,8,70,Medium,Yes,2,Medium,High,Public,Neutral,4,No,High School,Near,Female
24,95,Medium,High,Yes,7,71,High,Yes,1,Medium,High,Public,Positive,3,No,High School,Near,Male
34,92,High,Medium,No,7,68,Low,Yes,0,Medium,High,Public,Positive,5,No,College,Near,Female
33,74,Medium,Medium,Yes,6,88,Medium,Yes,2,Medium,Medium,Private,Neutral,3,No,College,Near,Male
16,91,High,High,Yes,6,92,Low,Yes,2,Low,High,Private,Positive,3,No,High School,Moderate,Male
30,70,Medium,Medium,No,9,57,Medium,Yes,1,Low,Medium,Public,Negative,4,No,College,Far,Female
22,73,Low,Medium,No,6,58,High,Yes,1,Medium,Medium,Private,Positive,3,No,Postgraduate,Moderate,Male
23,64,Medium,High,No,4,71,Low,Yes,2,Medium,Medium,Public,Negative,1,No,Postgraduate,Near,Male
10,97,Medium,Medium,No,6,66,Medium,Yes,2,Low,Medium,Public,Neutral,2,No,Postgraduate,Near,Female
19,72,Medium,Medium,Yes,8,91,High,Yes,1,Low,Medium,Private,Positive,4,No,,Moderate,Male
15,81,Medium,Medium,Yes,7,100,Medium,Yes,1,Low,Medium,Public,Neutral,3,No,Postgraduate,Moderate,Male
25,76,High,High,Yes,8,59,Medium,Yes,4,Medium,Medium,Private,Neutral,4,No,College,Near,Female
26,98,High,Low,No,4,88,Low,Yes,1,Medium,High,Public,Neutral,1,No,College,Moderate,Female
8,73,Medium,High,Yes,4,80,Low,Yes,0,Low,High,Public,Neutral,4,No,College,Moderate,Male
20,91,High,Low,Yes,7,82,Medium,Yes,0,Medium,Medium,Public,Neutral,4,No,College,Near,Male
27,94,Medium,High,No,9,63,High,Yes,0,Low,Medium,Public,Neutral,4,No,College,Near,Female
19,77,Low,Medium,Yes,4,55,Medium,Yes,0,Medium,Low,Public,Positive,4,No,College,Moderate,Male
24,75,High,Low,Yes,8,77,High,Yes,1,Low,Medium,Private,Negative,1,No,College,Moderate,Male
22,90,Low,Medium,Yes,9,81,Medium,Yes,0,Medium,Medium,Public,Neutral,4,No,High School,Near,Male
22,97,High,Medium,No,7,98,High,Yes,0,Medium,Medium,Public,Negative,0,No,College,Moderate,Female
18,90,Medium,Low,No,8,84,High,Yes,2,Low,High,Private,Positive,3,No,High School,Moderate,Male
13,69,Medium,Medium,Yes,7,72,Low,Yes,2,High,Medium,Public,Positive,2,No,High School,Moderate,Female
13,96,Medium,High,Yes,7,100,Medium,No,4,Medium,High,Public,Negative,3,No,High School,Near,Male
24,76,High,Low,Yes,8,69,Low,Yes,3,Low,Medium,Private,Negative,1,No,High School,,Male
20,83,Low,High,Yes,10,58,Medium,Yes,0,Low,High,Public,Neutral,1,No,High School,Near,Female
19,93,Low,Low,Yes,6,81,Medium,Yes,2,High,Medium,Private,Positive,3,Yes,College,Moderate,Female
17,68,Medium,Medium,Yes,7,63,Medium,No,0,Low,Medium,Public,Neutral,3,No,High School,Moderate,Male
18,91,Low,High,No,6,96,Medium,Yes,2,Low,Medium,Private,Positive,3,No,Postgraduate,Near,Male
26,84,Medium,High,Yes,7,71,Medium,Yes,0,Medium,Medium,Public,Neutral,2,No,High School,Near,Female
18,96,High,Low,No,7,57,Low,Yes,1,Low,Medium,Public,Negative,3,No,High School,Moderate,Female
12,67,High,Medium,Yes,9,57,Low,Yes,0,Low,Medium,Private,Positive,2,No,College,Moderate,Male
24,77,High,Low,Yes,9,82,Low,Yes,1,Medium,Medium,Private,Neutral,2,No,High School,Near,Male
19,93,High,Medium,Yes,8,68,Medium,Yes,1,High,High,Public,Positive,3,No,Postgraduate,Near,Female
20,61,High,High,No,9,68,Medium,Yes,1,High,Low,Private,Positive,3,No,High School,Near,Female
30,64,High,Medium,No,6,81,Low,Yes,3,Medium,Medium,Public,Negative,2,No,College,Near,Female
20,100,Low,Medium,Yes,6,61,High,No,3,Medium,Medium,Public,Positive,4,No,College,Far,Male
22,71,Medium,Low,Yes,8,57,Medium,Yes,1,Low,High,Public,Negative,4,No,High School,Moderate,Male
13,99,High,Low,No,7,83,Medium,Yes,1,Medium,Medium,Public,Neutral,4,No,Postgraduate,Far,Female
19,67,Medium,Low,No,10,50,Medium,Yes,0,High,Medium,Public,Positive,3,No,High School,Near,Male
24,74,High,High,No,4,95,High,Yes,1,High,Medium,Public,Neutral,4,No,Postgraduate,Moderate,Female
11,90,Low,Low,Yes,8,59,Low,Yes,1,Low,High,Public,Positive,4,No,High School,Near,Male
21,86,High,Medium,No,8,72,Medium,Yes,0,High,High,Public,Positive,3,No,High School,Moderate,Male
21,83,Medium,High,Yes,6,61,High,Yes,2,Low,High,Public,Positive,3,No,Postgraduate,Near,Male
20,81,Low,Medium,Yes,6,61,Low,No,0,Low,Medium,Public,Positive,4,Yes,High School,Near,Female
26,94,Low,High,Yes,6,92,Low,Yes,1,Low,High,Public,Neutral,3,No,High School,Near,Female
22,69,Medium,Medium,Yes,5,79,Medium,Yes,1,Low,Low,Public,Positive,3,No,College,Near,Male
29,78,High,Medium,Yes,9,66,Medium,Yes,2,Low,Medium,Public,Neutral,4,No,High School,Moderate,Male
14,66,Medium,Medium,Yes,10,63,Low,Yes,0,Low,Medium,Public,Positive,3,No,High School,Moderate,Male
21,84,High,High,Yes,6,61,Low,Yes,1,Medium,High,Private,Negative,4,No,High School,Moderate,Female
21,70,Medium,High,No,6,78,Medium,Yes,3,Medium,Low,Public,Neutral,2,No,College,Far,Male
14,73,High,Medium,No,5,87,High,Yes,2,Medium,Medium,Public,Positive,4,No,College,Near,Female
26,79,Medium,Low,Yes,5,63,Medium,Yes,0,Low,Medium,Public,Positive,2,No,High School,Near,Male
34,61,Medium,Medium,Yes,6,67,High,Yes,1,High,Medium,Private,Neutral,2,No,Postgraduate,Moderate,Male
20,64,Low,Medium,Yes,9,86,Medium,Yes,0,Low,High,Private,Negative,4,No,High School,Near,Female
23,87,High,High,Yes,10,87,Medium,Yes,1,Medium,Medium,Private,Positive,3,No,College,Near,Male
21,77,Medium,Medium,Yes,6,60,Medium,Yes,1,Medium,Medium,Private,Neutral,3,No,College,Moderate,Male
16,95,Low,Medium,Yes,6,69,Low,Yes,2,Low,High,Public,Neutral,3,Yes,College,Near,Male
9,88,Low,Medium,Yes,5,93,Low,Yes,2,Medium,Medium,Public,Neutral,4,No,Postgraduate,Near,Male
16,60,Medium,Low,No,8,87,Low,Yes,0,Low,Low,Public,Positive,5,No,High School,Near,Male
12,85,High,High,No,8,58,Low,Yes,1,Low,High,Public,Positive,3,No,Postgraduate,Near,Male
30,64,Medium,Medium,No,7,69,Medium,Yes,3,High,Low,Public,Negative,4,No,High School,Near,Female
19,91,Medium,Medium,Yes,6,99,High,Yes,0,Medium,Medium,Public,Neutral,2,No,High School,Near,Female
18,100,High,Low,No,9,76,Low,Yes,1,Low,Medium,Public,Positive,2,No,High School,Near,Female
25,81,Medium,Low,Yes,8,86,Medium,Yes,1,Low,Medium,Public,Negative,3,No,Postgraduate,Near,Male
13,87,High,Low,Yes,8,55,High,Yes,1,High,High,Private,Positive,3,No,High School,Near,Female
15,69,Medium,High,No,8,92,Low,Yes,0,Low,Medium,Public,Neutral,1,No,College,Moderate,Male
20,78,High,Medium,No,7,80,High,Yes,2,High,Medium,Public,Positive,3,No,College,Near,Male
26,94,Low,Medium,No,6,59,High,Yes,4,Low,Medium,Public,Neutral,3,No,High School,Near,Female
23,67,High,High,Yes,8,69,Low,Yes,1,High,Medium,Public,Neutral,2,No,High School,Near,Female
21,71,Medium,Medium,No,8,54,High,Yes,1,Medium,Medium,Private,Neutral,3,No,High School,Near,Male
20,78,Low,Medium,No,8,89,High,No,0,Medium,Medium,Private,Neutral,4,No,College,Near,Female
22,88,Medium,Medium,Yes,5,87,Low,Yes,1,Low,High,Public,Neutral,3,No,Postgraduate,Near,Male
21,75,Medium,Low,Yes,8,75,High,Yes,1,Medium,Medium,Private,Negative,2,No,High School,Moderate,Male
14,97,Low,Medium,Yes,7,73,Medium,Yes,2,Medium,Low,Public,Positive,3,No,College,Moderate,Male
20,64,Medium,Low,Yes,6,73,High,Yes,3,Medium,High,Public,Negative,5,No,Postgraduate,Far,Female
14,75,High,Medium,No,8,52,Medium,Yes,3,Medium,Medium,Public,Neutral,1,No,Postgraduate,Near,Male
20,88,Medium,Medium,Yes,7,68,Medium,Yes,0,Low,High,Public,Positive,4,No,College,Near,Female
17,69,Medium,Medium,No,10,56,Medium,Yes,1,Medium,Medium,Public,Neutral,4,No,High School,Near,Female
35,86,Low,Medium,No,8,59,Medium,Yes,2,Low,Low,Public,Positive,2,No,College,Moderate,Female
20,67,Low,Low,Yes,7,98,Medium,Yes,1,Medium,Medium,Public,Neutral,4,No,College,Near,Male
12,62,Medium,High,Yes,7,63,High,Yes,1,High,Medium,Public,Neutral,4,No,High School,Near,Female
19,65,High,High,Yes,5,74,Medium,Yes,1,Low,,Private,Positive,3,No,High School,Near,Female
23,97,High,Low,Yes,9,94,High,Yes,2,Low,Medium,Public,Positive,3,No,High School,Moderate,Male
30,82,Medium,High,Yes,7,71,Medium,Yes,3,Low,High,Public,Neutral,3,No,Postgraduate,Far,Female
16,92,Medium,Medium,Yes,7,76,High,No,0,High,Medium,Private,Neutral,2,No,Postgraduate,Far,Male
11,73,Medium,High,No,5,58,Medium,No,0,Medium,Medium,Private,Positive,4,No,College,Near,Male
25,84,Medium,Low,No,8,64,Medium,Yes,2,Low,Medium,Private,Neutral,4,No,High School,,Male
12,80,Medium,Low,No,6,75,Medium,Yes,1,Low,High,Public,Negative,4,No,High School,Moderate,Male
17,98,High,High,No,6,68,Medium,Yes,2,Medium,Medium,Public,Positive,3,No,High School,Near,Male
18,90,Low,High,No,7,52,High,Yes,2,Medium,High,Public,Negative,2,No,High School,Near,Male
20,89,High,Medium,Yes,6,70,Low,Yes,1,Low,Medium,Private,Positive,3,No,High School,Moderate,Female
24,62,Low,High,Yes,6,91,Medium,Yes,2,Medium,Medium,Public,Neutral,3,No,High School,Moderate,Female
16,82,Medium,Medium,No,7,56,Low,Yes,0,High,High,Private,Negative,1,Yes,High School,Far,Female
18,79,High,Low,No,9,51,High,Yes,2,Medium,Medium,Private,Positive,3,No,High School,Near,Male
20,97,Medium,Medium,Yes,8,56,Low,Yes,1,Low,Medium,Private,Neutral,2,No,High School,Near,Female
21,70,Low,Low,Yes,8,84,Medium,Yes,1,High,High,Public,Positive,3,Yes,Postgraduate,Near,Male
21,71,Medium,High,Yes,8,90,Medium,Yes,3,Low,Medium,Public,Neutral,4,No,High School,Moderate,Female
23,76,Medium,High,Yes,6,52,Low,Yes,3,Medium,Medium,Public,Neutral,4,No,College,Moderate,Male
25,70,Low,Medium,Yes,9,94,Medium,Yes,1,Medium,,Public,Neutral,4,No,High School,Moderate,Male
22,65,Medium,Medium,Yes,4,81,High,Yes,5,Medium,Medium,Public,Positive,4,No,College,Far,Female
23,94,Medium,High,No,8,76,Low,Yes,3,Medium,Medium,Public,Positive,3,No,High School,Moderate,Male
11,82,High,Medium,No,8,63,High,Yes,1,Medium,Medium,Public,Neutral,5,No,High School,Near,Male
20,94,Low,Medium,No,7,69,Low,Yes,0,Low,Medium,Public,Positive,3,Yes,High School,Moderate,Female
23,93,Medium,Medium,Yes,6,97,Low,No,1,Medium,Medium,Public,Positive,2,No,College,Moderate,Male
24,71,Medium,Medium,Yes,7,96,Medium,Yes,2,Low,,Public,Negative,2,No,High School,Near,Male
16,82,Medium,High,Yes,6,81,Medium,Yes,1,Medium,Medium,Private,Neutral,4,No,College,Near,Male
16,63,Medium,Medium,No,8,79,Medium,Yes,2,Low,High,Public,Positive,3,No,College,Moderate,Male
17,97,Medium,Medium,Yes,8,61,Low,Yes,2,Low,Medium,Public,Neutral,2,No,High School,Near,Male
23,76,Medium,High,Yes,8,98,Medium,Yes,0,Medium,Low,Public,Neutral,2,No,Postgraduate,Moderate,Female
26,76,Low,Low,Yes,8,88,Low,Yes,2,Low,Low,Public,Positive,4,No,High School,Near,Male
18,72,High,Medium,Yes,8,69,High,No,2,High,Medium,Public,Neutral,4,Yes,High School,Far,Female
25,78,High,Low,Yes,8,91,Medium,Yes,3,Low,Medium,Public,Negative,4,No,High School,Near,Male
21,70,Low,Medium,No,6,61,Medium,Yes,1,Low,Medium,Public,Neutral,3,No,High School,Near,Male
19,75,Medium,High,Yes,5,61,High,Yes,0,Medium,Medium,Public,Negative,3,No,High School,Near,Female
19,92,Medium,Medium,Yes,7,90,Medium,Yes,1,Low,High,Public,Positive,2,No,High School,Near,Female
24,93,Low,High,Yes,8,78,Medium,Yes,1,High,Medium,Public,Neutral,4,No,High School,Near,Female
22,72,Medium,Medium,No,5,78,High,Yes,1,Low,High,Public,Positive,3,No,High School,Near,Female
34,79,High,Low,Yes,7,79,Low,Yes,3,Medium,High,Private,Negative,2,Yes,High School,Moderate,Male
15,95,Medium,Medium,No,9,56,Medium,No,3,Low,High,Public,Positive,1,No,High School,Near,Male
23,62,High,High,Yes,7,67,Low,Yes,1,Low,Medium,Public,Negative,4,No,Postgraduate,Moderate,Female
17,96,Medium,Low,Yes,9,79,Low,No,3,Medium,Medium,Private,Neutral,2,No,Postgraduate,Moderate,Male
15,69,Low,Medium,Yes,9,62,Low,Yes,2,Medium,High,Public,Neutral,3,No,High School,Moderate,Male
20,87,Low,Medium,Yes,7,75,High,Yes,1,Low,Medium,Public,Negative,3,No,Postgraduate,Near,Male
21,83,High,Medium,No,6,78,Medium,Yes,2,High,High,Public,Positive,3,Yes,High School,Near,Female
38,82,Medium,Low,No,6,97,Low,Yes,2,Low,Medium,Private,Negative,3,No,College,Near,Male
19,94,Low,Medium,No,7,62,Medium,Yes,0,Medium,Medium,Public,Negative,3,Yes,High School,Moderate,Male
13,64,Medium,High,Yes,5,72,Medium,Yes,2,Medium,Medium,Private,Neutral,2,No,Postgraduate,Moderate,Male
22,74,High,High,Yes,5,99,Medium,Yes,0,Low,Medium,Public,Neutral,2,No,College,Near,Female
8,82,High,Low,No,4,59,Medium,Yes,1,Medium,Medium,Public,Neutral,2,No,College,Near,Male
19,92,Medium,Medium,Yes,7,89,Medium,No,0,Low,High,Private,Neutral,2,No,Postgraduate,Near,Male
20,69,Medium,Low,No,10,59,Medium,Yes,2,High,High,Public,Positive,4,No,High School,Near,Female
25,92,High,Medium,No,4,93,High,Yes,3,High,Medium,Public,Neutral,2,No,High School,Near,Female
26,76,High,Low,Yes,7,74,Medium,Yes,4,Medium,High,Public,Positive,3,No,High School,Moderate,Female
17,68,Medium,Low,Yes,7,99,High,Yes,2,Medium,Medium,Public,Positive,3,No,High School,Near,Female
19,90,High,High,No,7,59,Low,Yes,3,High,Medium,Public,Neutral,3,No,College,Moderate,Male
15,64,Low,Low,Yes,9,84,Low,Yes,0,Medium,Medium,Public,Neutral,3,No,College,Far,Male
13,81,Low,Medium,Yes,6,85,Low,Yes,1,Low,Medium,Private,Neutral,3,No,High School,Moderate,Male
22,63,Low,High,Yes,4,86,Low,Yes,0,Low,High,Public,Neutral,4,No,College,Near,Female
12,74,Low,High,Yes,6,55,High,Yes,0,Medium,Low,Public,Positive,3,No,Postgraduate,Near,Male
18,84,High,Low,No,6,64,Medium,Yes,2,Low,High,Public,Positive,2,No,High School,Near,Female
14,82,Medium,Medium,Yes,4,67,Medium,Yes,1,High,Medium,Public,Neutral,4,No,High School,Moderate,Female
23,76,Medium,Medium,No,7,66,Medium,Yes,2,Medium,Medium,Public,Neutral,3,No,College,Near,Male
31,77,High,Medium,No,5,84,Medium,Yes,2,High,High,Public,Positive,5,No,,Near,Male
12,69,High,High,Yes,7,53,Low,Yes,2,Low,High,Public,Neutral,3,No,College,Near,Male
9,78,Low,High,No,6,87,Medium,Yes,0,Medium,High,Private,Positive,3,No,Postgraduate,Near,Male
19,98,Medium,High,Yes,5,76,Medium,Yes,2,Medium,Medium,Private,Positive,3,No,High School,Moderate,Male
20,94,High,Medium,No,8,59,High,Yes,3,Medium,Medium,Public,Positive,4,No,High School,Near,Female
21,66,High,Medium,No,7,61,Medium,Yes,2,High,High,Public,Neutral,2,No,College,Near,Male
17,61,High,Medium,Yes,7,55,High,Yes,1,Medium,Medium,Private,Negative,2,Yes,College,Near,Male
19,97,Low,Medium,No,8,73,Medium,Yes,2,Medium,Medium,Private,Negative,1,No,College,Near,Male
22,81,Medium,Low,Yes,7,80,Low,Yes,1,Medium,Medium,Public,Positive,3,No,College,Moderate,Female
26,82,High,Low,No,7,79,Medium,Yes,1,Medium,Medium,Public,Positive,2,Yes,Postgraduate,Near,Female
8,91,High,Low,No,6,98,Medium,Yes,1,Medium,Medium,Private,Positive,3,No,High School,Near,Female
18,73,Medium,Medium,No,5,65,Medium,Yes,1,Low,High,Public,Negative,3,No,College,Moderate,Female
21,79,Low,Medium,Yes,7,88,Low,Yes,0,Low,Medium,Private,Negative,4,No,High School,Moderate,Male
14,99,High,Medium,No,6,86,Low,Yes,2,High,High,Private,Negative,4,No,College,Near,Male
30,87,Medium,Medium,No,8,53,Low,Yes,1,Low,High,Private,Neutral,1,No,Postgraduate,Near,Male
16,66,Medium,Medium,Yes,7,97,Medium,Yes,5,Low,High,Public,Positive,3,No,Postgraduate,Near,Male
20,65,Medium,Medium,Yes,8,97,High,Yes,0,Low,Medium,Public,Negative,3,No,College,Near,Female
23,68,Medium,High,Yes,6,70,Medium,Yes,4,Medium,Medium,Public,Positive,2,No,High School,Near,Male
16,91,Medium,Medium,Yes,5,71,Medium,Yes,2,High,Medium,Public,Negative,3,No,College,Near,Male
9,72,Medium,High,Yes,10,91,Medium,No,1,High,Medium,Public,Neutral,2,No,High School,Far,Female
17,61,Low,High,Yes,7,75,Medium,No,2,Medium,High,Public,Negative,4,No,College,Near,Female
26,98,High,Low,No,8,90,Low,Yes,1,High,Low,Public,Positive,2,Yes,Postgraduate,Moderate,Female
18,67,High,Medium,No,5,52,High,Yes,0,Medium,Medium,Private,Neutral,4,No,Postgraduate,Moderate,Male
15,60,High,Medium,No,7,63,Low,Yes,0,Low,High,Public,Positive,1,Yes,High School,Far,Female
26,69,High,Medium,No,9,55,Low,Yes,1,Low,Medium,Public,Neutral,3,No,College,Near,Male
18,69,Medium,Low,Yes,5,73,Low,Yes,1,Low,High,Public,Positive,4,No,Postgraduate,Moderate,Male
17,77,Medium,High,Yes,10,93,Low,Yes,3,High,High,Private,Positive,1,No,College,Far,Female
21,97,Low,Low,No,7,78,Medium,Yes,0,High,Medium,Public,Neutral,3,No,Postgraduate,Near,Female
25,95,Low,High,No,6,76,Medium,Yes,1,Low,Medium,Public,Positive,5,No,High School,Near,Male
34,78,Medium,High,Yes,8,68,Medium,Yes,1,Medium,Medium,Public,Negative,2,No,College,Near,Male
25,76,Medium,Medium,Yes,9,53,Medium,Yes,0,High,High,Private,Positive,3,No,High School,Moderate,Male
27,82,High,Low,Yes,6,88,Medium,Yes,2,High,High,Private,Neutral,3,No,High School,Near,Male
17,70,Medium,Medium,Yes,6,79,Low,Yes,2,Medium,Medium,Public,Positive,3,No,High School,,Female
14,62,Medium,Medium,Yes,7,97,High,Yes,0,Medium,Medium,Public,Positive,1,No,High School,Moderate,Male
20,98,Medium,Medium,No,8,72,Medium,Yes,1,High,Medium,Public,Negative,4,No,High School,Near,Female
21,67,Low,High,No,7,70,Low,Yes,2,Low,Medium,Private,Negative,2,No,Postgraduate,Moderate,Female
14,68,High,Medium,Yes,8,99,High,Yes,0,High,Medium,Public,Positive,3,No,High School,Near,Female
19,79,Medium,Medium,Yes,8,57,Low,Yes,2,Low,Low,Public,Positive,3,No,High School,Moderate,Male
22,80,Medium,High,No,7,63,Medium,Yes,1,High,Medium,Public,Positive,3,No,College,Near,Male
22,61,High,Low,Yes,6,74,Medium,Yes,1,Low,Medium,Public,Negative,3,No,High School,Near,Male
23,66,Medium,Medium,No,7,76,Low,Yes,1,High,Medium,Public,Neutral,2,No,College,Moderate,Male
22,75,Medium,Medium,Yes,10,77,High,Yes,2,Low,Low,Public,Neutral,2,No,High School,Near,Male
17,87,Medium,Medium,Yes,7,61,Medium,Yes,4,High,Medium,Public,Negative,3,Yes,High School,Near,Female
17,69,High,High,Yes,9,96,Medium,Yes,2,Low,Medium,Public,Negative,3,No,College,Far,Male
13,77,Low,High,No,6,85,Low,Yes,2,Low,Medium,Public,Neutral,4,No,Postgraduate,Near,Female
31,82,High,Medium,Yes,7,63,Medium,No,2,High,Medium,Private,Positive,2,No,Postgraduate,Moderate,Male
20,96,High,Medium,Yes,8,65,High,Yes,0,Medium,Low,Public,Neutral,2,No,High School,Near,Female
19,73,Medium,Medium,Yes,9,94,Medium,Yes,1,High,Low,Public,Positive,1,No,College,Near,Female
14,65,Medium,High,No,9,69,Low,Yes,4,Medium,,Public,Neutral,3,No,College,Near,Male
38,80,High,Medium,No,5,78,Medium,Yes,1,Low,Medium,Public,Positive,4,No,College,Far,Female
14,90,Medium,Medium,Yes,9,56,Medium,Yes,0,Low,Medium,Public,Neutral,4,No,High School,Near,Female
17,64,High,Low,Yes,10,63,Medium,Yes,0,High,Medium,Public,Positive,3,No,High School,Moderate,Female
22,77,Medium,High,No,6,71,High,Yes,3,Low,Medium,Public,Negative,4,No,High School,Far,Female
24,61,Medium,Medium,No,6,83,High,Yes,0,Medium,Medium,Public,Positive,3,Yes,High School,Near,Male
26,61,Medium,Medium,No,7,64,Low,Yes,0,Medium,Medium,Private,Negative,3,No,Postgraduate,,Male
31,79,Medium,High,No,7,98,Medium,Yes,1,Medium,High,Public,Neutral,2,No,College,Moderate,Male
23,72,Low,Medium,No,6,61,High,Yes,1,High,Medium,Public,Positive,5,No,High School,Near,Male
14,94,High,Medium,Yes,5,89,Medium,Yes,0,Medium,Medium,Public,Positive,1,No,Postgraduate,Near,Female
18,84,Medium,Low,Yes,9,68,Low,Yes,0,Medium,High,Private,Negative,2,No,Postgraduate,Near,Female
22,78,High,High,No,6,92,Low,Yes,1,High,High,Public,Positive,3,No,High School,Moderate,Male
32,76,Low,Low,Yes,6,96,Low,Yes,0,Low,High,Public,Neutral,2,No,High School,Moderate,Female
12,80,Medium,Medium,Yes,7,59,High,Yes,1,Low,High,Public,Positive,2,No,High School,Near,Female
27,62,High,Medium,No,5,75,Medium,Yes,2,Medium,High,Public,Positive,2,No,,Near,Male
21,96,High,High,Yes,5,58,Medium,Yes,0,High,High,Public,Neutral,4,No,College,Far,Male
25,100,High,Low,No,6,85,Low,Yes,1,Medium,Medium,Public,Positive,3,No,High School,Near,Male
19,67,High,Medium,Yes,8,92,Low,Yes,2,High,Medium,Public,Neutral,5,No,Postgraduate,Moderate,Female
15,65,Medium,Medium,Yes,7,69,Medium,Yes,1,High,Medium,Public,Neutral,3,No,Postgraduate,Near,Female
25,66,High,Medium,Yes,4,70,Medium,No,1,High,Medium,Public,Positive,3,No,High School,Moderate,Male
24,86,Low,High,No,9,60,Medium,Yes,0,Low,High,Private,Positive,3,No,College,Far,Male
26,86,Low,Low,No,8,65,Low,Yes,0,Low,High,Public,Neutral,4,No,High School,Near,Female
20,94,Low,High,Yes,7,66,High,Yes,1,Low,High,Private,Positive,1,No,High School,Near,Female
16,90,High,High,Yes,7,58,High,Yes,1,Low,Medium,Public,Neutral,4,No,Postgraduate,Near,Female
11,78,Low,High,Yes,8,65,Medium,Yes,0,Medium,,Private,Neutral,2,No,High School,,Female
25,85,Low,Medium,Yes,10,95,Medium,Yes,0,Medium,Low,Public,Positive,1,No,College,Near,Male
23,88,Medium,Medium,Yes,8,66,Low,Yes,2,Medium,High,Private,Positive,2,No,College,Moderate,Male
14,81,Medium,Medium,Yes,7,64,Medium,Yes,2,Medium,Medium,Public,Positive,4,Yes,College,Near,Male
17,79,High,High,No,5,69,Medium,Yes,4,Low,Medium,Public,Negative,3,No,Postgraduate,Near,Female
17,86,Medium,High,No,7,98,Medium,Yes,2,Low,High,Public,Positive,5,No,Postgraduate,Moderate,Male
11,82,Medium,Medium,Yes,8,88,Medium,No,1,Low,Medium,Private,Negative,2,No,Postgraduate,Moderate,Female
15,86,Low,High,No,7,60,Medium,Yes,2,Medium,Medium,Public,Positive,3,No,College,Near,Male
13,85,Medium,High,Yes,6,88,Medium,Yes,2,Medium,High,Public,Positive,3,No,High School,Moderate,Female
18,89,Low,High,Yes,8,88,Low,Yes,0,High,,Public,Negative,1,No,,Moderate,Male
16,86,Medium,Medium,No,6,98,High,Yes,1,Low,Medium,Public,Neutral,3,No,Postgraduate,Near,Male
10,81,Medium,High,Yes,8,95,Medium,Yes,5,Low,High,Public,Positive,3,No,High School,Near,Female
32,87,Medium,High,Yes,6,55,Medium,Yes,0,Low,High,Public,Neutral,3,No,High School,Near,Male
28,78,High,Low,Yes,4,73,Low,No,3,Low,Medium,Private,Positive,4,No,High School,Moderate,Female
15,70,High,High,No,6,85,High,Yes,0,Low,Medium,Private,Positive,2,No,College,Moderate,Male
22,60,Low,Medium,No,7,99,Medium,Yes,1,Low,High,Public,Neutral,3,No,College,Moderate,Male
23,82,Low,Medium,Yes,8,54,Medium,Yes,0,Medium,High,Public,Negative,1,No,High School,Near,Female
27,84,High,High,No,8,68,Low,Yes,3,Low,High,Private,Positive,2,Yes,Postgraduate,Near,Female
15,99,Low,Medium,Yes,5,75,Low,Yes,2,Medium,Low,Public,Neutral,1,No,College,Moderate,Male
27,74,Medium,High,No,7,71,Medium,Yes,1,Medium,Medium,Public,Positive,3,No,High School,Near,Female
17,76,Medium,Medium,No,6,73,Medium,Yes,3,Low,High,Private,Neutral,3,No,Postgraduate,Near,Male
12,68,High,Medium,Yes,6,68,Low,Yes,2,Medium,Medium,Public,Positive,4,No,College,Near,Male
24,63,Medium,Low,No,6,99,Low,No,0,Low,Medium,Public,Positive,3,No,High School,Moderate,Female
28,91,Low,Medium,No,7,90,Medium,Yes,2,High,Low,Private,Neutral,3,No,High School,Near,Male
36,70,Low,High,No,10,87,Medium,Yes,2,Low,Medium,Public,Positive,3,No,,Near,Male
13,84,Low,Medium,No,10,71,Low,Yes,1,Medium,High,Public,Neutral,3,No,College,Moderate,Male
24,88,Medium,Medium,Yes,6,94,Medium,Yes,0,Low,Medium,Private,Negative,2,No,Postgraduate,Moderate,Male
18,79,Medium,Medium,Yes,7,55,Medium,Yes,1,Low,High,Public,Positive,3,No,High School,Moderate,Female
25,95,High,High,Yes,7,57,Medium,Yes,2,High,Medium,Private,Negative,2,No,College,Moderate,Female
11,78,Medium,Low,Yes,7,98,Low,Yes,2,Medium,Medium,Public,Neutral,3,No,High School,Near,Female
12,71,Medium,High,Yes,8,78,Low,Yes,2,Medium,Medium,Public,Negative,2,No,Postgraduate,Near,Female
15,96,Medium,Medium,Yes,7,58,Medium,Yes,3,Medium,Medium,Public,Neutral,4,No,Postgraduate,Moderate,Male
20,94,Low,Low,Yes,6,97,Low,Yes,2,Medium,Medium,Public,Positive,5,No,College,Near,Male
16,67,High,High,No,9,99,Medium,Yes,2,Medium,Medium,Public,Neutral,2,Yes,High School,Moderate,Male
24,61,Low,Medium,No,5,94,Medium,Yes,3,Medium,High,Private,Neutral,2,Yes,College,Moderate,Female
26,64,Medium,Medium,Yes,7,62,High,Yes,3,Medium,High,Private,Negative,2,No,High School,Near,Male
24,71,Low,High,Yes,5,64,Medium,Yes,1,Medium,Medium,Public,Neutral,3,No,College,Near,Male
30,99,Medium,Medium,Yes,5,70,Low,Yes,2,Medium,Medium,Public,Neutral,4,No,High School,Near,Female
22,82,High,High,No,8,79,Medium,No,2,Medium,Medium,Public,Negative,1,No,College,Near,Female
13,75,Low,High,Yes,6,100,High,Yes,1,Medium,Medium,Public,Positive,3,No,Postgraduate,Near,Male
28,96,Medium,Medium,No,4,98,High,Yes,5,Low,Medium,Public,Neutral,5,Yes,High School,Far,Male
16,78,Low,Medium,No,6,96,High,Yes,0,Medium,Medium,Public,Positive,1,No,Postgraduate,Near,Female
25,73,High,Medium,No,6,54,High,Yes,2,Medium,Medium,Public,Neutral,4,No,High School,Moderate,Female
29,98,Medium,High,Yes,5,88,Low,Yes,3,Low,Medium,Public,Neutral,2,No,College,Near,Male
23,94,Medium,High,Yes,8,94,Low,Yes,2,Medium,High,Public,Positive,2,No,High School,Near,Male
11,94,Medium,Medium,No,5,67,Medium,Yes,2,High,Medium,Public,Neutral,5,No,High School,Near,Female
14,80,High,Low,Yes,6,61,Medium,Yes,0,Medium,High,Public,Neutral,4,No,College,Moderate,Female
28,92,Medium,Medium,Yes,7,87,Low,Yes,1,Low,Low,Public,Positive,1,No,High School,Near,Female
19,67,Medium,Medium,Yes,6,55,Low,Yes,1,Medium,Medium,Public,Neutral,4,No,High School,Near,Male
20,83,Medium,Low,Yes,6,97,High,Yes,2,Low,High,Public,Neutral,4,No,High School,Moderate,Female
25,99,Medium,High,No,6,58,High,Yes,0,Medium,Medium,Private,Positive,4,No,High School,Near,Male
24,72,Low,High,Yes,5,73,Low,Yes,2,Medium,High,Public,Positive,2,No,High School,Near,Male
22,92,Medium,High,No,6,99,Low,Yes,1,Medium,Medium,Public,Negative,4,No,College,Near,Female
19,80,Low,Low,No,8,99,High,Yes,1,Low,Medium,Public,Positive,4,No,Postgraduate,Near,Male
18,62,Medium,High,Yes,6,89,Medium,Yes,0,High,High,Private,Positive,3,No,Postgraduate,Near,Female
25,91,Medium,High,No,7,92,Medium,Yes,3,Low,Medium,Public,Negative,5,No,High School,Near,Male
23,67,Low,Low,No,9,98,Medium,Yes,2,Low,High,Public,Negative,0,No,College,Near,Female
18,85,Medium,Medium,No,8,96,Medium,Yes,0,High,High,Public,Negative,3,No,College,Moderate,Male
26,63,High,High,No,5,81,Medium,Yes,0,Low,Medium,Public,Negative,2,No,High School,Moderate,Female
19,98,Medium,High,Yes,8,87,High,Yes,1,Medium,Medium,Private,Positive,4,No,Postgraduate,Moderate,Male
15,72,Medium,Low,Yes,9,80,Medium,Yes,4,Medium,High,Private,Neutral,4,No,College,Moderate,Female
15,69,High,Low,Yes,6,75,Medium,No,2,Low,High,Public,Positive,2,No,High School,Near,Female
14,65,Medium,Medium,Yes,5,94,Medium,Yes,5,Low,Medium,Private,Negative,3,No,Postgraduate,Moderate,Male
18,98,Low,High,Yes,6,87,Medium,Yes,0,Medium,Medium,Public,Neutral,1,No,High School,Near,Male
27,88,Medium,High,Yes,7,93,Medium,Yes,0,Low,Medium,Public,Neutral,4,No,High School,Moderate,Male
15,90,Medium,Medium,Yes,8,55,Medium,Yes,1,Low,Medium,Public,Neutral,1,No,College,Near,Female
21,80,Medium,Medium,Yes,6,79,Low,Yes,2,Medium,High,Public,Positive,3,No,College,Near,Male
16,79,Medium,High,Yes,4,66,High,Yes,2,Medium,Medium,Public,Neutral,2,No,College,Moderate,Male
18,64,Medium,High,Yes,5,76,Low,Yes,1,Low,Medium,Public,Positive,4,No,High School,Moderate,Male
11,82,High,High,No,8,81,High,Yes,2,Low,High,Public,Positive,2,No,High School,Moderate,Female
19,70,Medium,High,Yes,10,92,Medium,Yes,1,Low,High,Public,Positive,4,No,High School,Near,Male
19,99,High,Medium,No,7,52,Medium,Yes,1,Medium,Medium,Public,Neutral,4,No,High School,Near,Male
23,92,High,High,No,9,58,Medium,Yes,2,Low,Medium,Private,Neutral,1,No,Postgraduate,Near,Female
21,77,Medium,Low,Yes,5,96,High,Yes,2,Low,High,Private,Neutral,5,No,High School,Near,Female
13,66,High,High,No,6,98,Low,Yes,1,High,High,Public,Positive,2,No,High School,Near,Male
27,91,Medium,Medium,No,4,53,Medium,Yes,1,Low,Medium,Private,Positive,3,No,Postgraduate,Near,Female
21,65,Medium,High,Yes,8,67,Low,No,1,Low,,Public,Positive,4,No,High School,Near,Female
21,68,High,High,Yes,6,50,High,Yes,3,Medium,Low,Private,Neutral,4,No,High School,Near,Male
20,68,Low,Low,No,8,88,Medium,Yes,5,Low,Low,Private,Neutral,3,No,High School,Moderate,Male
17,82,Medium,Low,Yes,6,84,High,Yes,2,Low,Low,Public,Negative,3,No,High School,Moderate,Female
21,91,Medium,Medium,Yes,10,78,High,Yes,2,Low,High,Public,Negative,2,No,High School,Near,Male
23,73,Medium,High,No,10,85,Medium,Yes,1,Low,Medium,Public,Neutral,3,No,College,Near,Male
10,63,Medium,High,No,4,77,Low,No,3,Low,Medium,Private,Neutral,3,No,High School,Near,Male
17,79,Low,High,No,8,62,Low,Yes,1,Low,Medium,Public,Neutral,3,No,High School,Near,Female
18,90,Low,Medium,No,6,88,Low,Yes,1,Medium,Medium,Private,Negative,1,No,High School,Moderate,Female
22,69,Medium,Medium,No,8,89,Low,No,0,Low,High,Public,Positive,5,No,High School,Moderate,Female
27,69,Medium,Low,Yes,5,93,Medium,Yes,1,Medium,Medium,Public,Positive,4,No,College,Moderate,Male
15,98,Medium,Medium,Yes,9,98,High,Yes,0,Medium,Medium,Private,Positive,3,No,High School,Near,Female
17,98,Medium,Medium,No,9,87,Low,Yes,0,High,Medium,Private,Positive,3,No,High School,Moderate,Female
17,100,Medium,High,Yes,5,53,Low,Yes,1,Medium,High,Public,Positive,4,No,High School,Near,Male
15,92,Medium,Medium,Yes,7,51,Medium,Yes,1,High,High,Public,Positive,3,No,College,Near,Female
18,68,High,High,Yes,7,87,High,Yes,3,Medium,Medium,Public,Positive,4,No,High School,Near,Male
25,68,Low,Medium,Yes,8,53,Low,Yes,2,Medium,,Public,Neutral,3,No,College,Moderate,Female
14,74,Low,Medium,Yes,7,66,Medium,Yes,0,Medium,High,Private,Negative,3,No,Postgraduate,Near,Male
23,73,High,Medium,No,8,57,Medium,Yes,3,Medium,Medium,Public,Positive,2,No,College,Near,Male
10,98,Medium,Medium,No,7,98,Low,No,0,Medium,Medium,Public,Neutral,3,No,College,Moderate,Female
17,92,Medium,High,Yes,8,66,Medium,Yes,2,Low,Medium,Public,Positive,3,No,High School,Near,Female
18,89,Medium,Medium,No,5,53,Medium,Yes,5,Low,High,Private,Neutral,4,No,College,Near,Male
30,67,Medium,Medium,No,7,97,High,Yes,2,High,Medium,Public,Neutral,3,Yes,,Near,Male
18,96,Medium,High,Yes,9,80,High,Yes,1,Low,Medium,Public,Positive,3,No,College,Near,Male
7,93,High,High,Yes,9,52,High,Yes,1,Medium,Low,Private,Negative,3,No,High School,Moderate,Female
8,67,Medium,Medium,Yes,7,92,Medium,Yes,0,High,High,Private,Positive,2,No,College,Near,Male
20,95,Medium,Medium,No,7,58,Low,Yes,1,Low,High,Public,Neutral,4,No,College,Near,Male
24,71,High,Medium,Yes,9,90,Low,Yes,3,Medium,High,Private,Neutral,3,No,College,Near,Male
22,63,Medium,Low,Yes,7,80,Medium,Yes,2,High,High,Private,Negative,2,No,College,Moderate,Female
21,86,Medium,Low,Yes,9,59,High,Yes,2,Medium,High,Private,Positive,3,No,College,Near,Male
27,86,Medium,High,No,7,88,Medium,Yes,1,Medium,Medium,Private,Neutral,3,No,Postgraduate,Moderate,Male
17,64,Medium,Low,No,7,73,High,Yes,1,Low,Medium,Public,Neutral,4,No,College,Near,Male
25,73,High,Medium,Yes,5,82,Low,No,1,Medium,Medium,Private,Positive,3,Yes,High School,Near,Male
10,100,Low,Medium,No,5,93,Low,Yes,2,Medium,Low,Public,Neutral,1,No,High School,Far,Female
15,87,High,High,Yes,8,63,Medium,Yes,0,High,Medium,Public,Neutral,3,No,College,Near,Female
9,89,Medium,Low,No,10,68,High,Yes,1,High,High,Public,Negative,3,No,High School,Near,Female
18,69,High,Medium,Yes,7,100,Medium,Yes,3,Medium,High,Public,Negative,2,No,High School,Near,Male
20,63,Low,Medium,Yes,7,75,Low,Yes,2,Medium,High,Public,Neutral,2,No,High School,Near,Female
21,71,High,Medium,No,9,78,Low,Yes,2,Medium,Medium,Public,Neutral,4,No,High School,Near,Male
20,70,Low,Medium,No,8,64,Low,Yes,0,Low,Low,Private,Positive,3,No,High School,Far,Male
14,69,High,Medium,Yes,4,71,Medium,Yes,1,Medium,Medium,Public,Positive,4,No,High School,,Female
19,68,Medium,Low,Yes,8,75,Low,Yes,1,Medium,Medium,Private,Neutral,4,No,Postgraduate,Near,Male
11,83,Medium,Medium,Yes,5,63,Medium,Yes,2,Low,Medium,Public,Neutral,3,No,College,Near,Male
28,73,Medium,Low,No,7,62,Medium,Yes,3,High,Medium,Public,Neutral,3,No,Postgraduate,Moderate,Female
18,93,Low,High,Yes,6,80,Medium,Yes,1,Medium,Medium,Private,Negative,3,No,High School,Near,Male
17,67,Medium,Medium,No,6,59,Medium,Yes,0,Medium,Medium,Public,Negative,3,No,High School,Near,Female
30,79,Medium,High,No,7,78,Medium,No,3,High,High,Private,Positive,2,No,Postgraduate,Moderate,Female
13,61,Medium,Low,Yes,8,85,Medium,Yes,4,Low,Medium,Private,Neutral,3,No,College,Moderate,Male
13,79,High,High,No,7,60,Medium,Yes,1,Low,High,Private,Neutral,4,No,College,Moderate,Male
13,62,Low,Medium,Yes,9,87,Medium,Yes,1,Low,Medium,Public,Negative,1,No,College,Moderate,Male
20,99,Medium,Low,No,9,68,Low,Yes,1,Low,High,Public,Positive,3,No,Postgraduate,Far,Male
23,92,Medium,High,No,9,100,Medium,Yes,1,High,High,Public,Neutral,2,Yes,College,Near,Male
24,80,Medium,High,Yes,7,99,Low,Yes,2,Medium,Medium,Public,Negative,2,No,High School,Moderate,Female
35,63,High,High,Yes,6,90,Low,Yes,0,Medium,Medium,Public,Positive,3,No,College,Near,Male
7,84,Medium,High,No,7,67,Medium,Yes,1,Medium,Medium,Private,Neutral,3,No,College,Near,Male
24,90,Low,Low,Yes,9,97,High,Yes,3,Low,Medium,Public,Positive,4,No,High School,Near,Male
17,68,Low,Medium,Yes,9,100,High,Yes,1,Medium,High,Public,Negative,3,No,High School,Moderate,Male
16,83,Medium,Medium,Yes,4,73,High,Yes,3,Low,Low,Public,Negative,3,No,College,Near,Female
16,93,Medium,Low,Yes,7,81,Medium,Yes,2,Low,Medium,Private,Negative,3,Yes,Postgraduate,Moderate,Male
15,91,Low,High,Yes,4,50,High,Yes,1,Medium,Medium,Public,Neutral,3,No,High School,Moderate,Female
30,92,Low,Medium,Yes,7,52,Medium,Yes,3,High,Medium,Private,Positive,4,No,College,Near,Male
25,95,Medium,High,Yes,6,75,Medium,Yes,1,Medium,Medium,Private,Positive,4,No,High School,Moderate,Male
20,98,Medium,Medium,No,6,80,Medium,Yes,0,Medium,Medium,Public,Positive,2,No,College,Moderate,Male
28,76,Low,Medium,Yes,8,66,Medium,Yes,5,High,Low,Public,Positive,4,No,College,Moderate,Male
11,83,Medium,Low,Yes,6,55,Low,Yes,0,Low,Medium,Public,Positive,4,Yes,Postgraduate,Near,Female
12,92,High,Low,Yes,7,89,Medium,Yes,1,Medium,High,Private,Neutral,2,No,Postgraduate,Moderate,Male
7,88,High,High,Yes,6,71,Medium,Yes,0,Low,Medium,Public,Positive,3,No,High School,Moderate,Female
16,100,High,High,Yes,7,82,Medium,Yes,2,High,Medium,Public,Positive,2,No,High School,Near,Male
21,61,High,Medium,Yes,8,83,High,No,1,Low,,Private,Neutral,3,No,College,Near,Female
21,74,Medium,High,Yes,6,77,High,No,0,Medium,Medium,Public,Neutral,3,No,College,Near,Male
21,71,Low,Medium,Yes,8,59,Medium,Yes,3,Low,Medium,Public,Neutral,3,No,College,Moderate,Male
12,70,Medium,High,No,7,81,High,Yes,0,Low,Medium,Public,Positive,3,No,High School,Near,Male
25,69,Medium,Medium,No,7,66,Medium,No,0,Low,Low,Public,Neutral,3,Yes,College,Near,Male
21,88,High,Medium,Yes,6,91,Low,Yes,0,Low,Medium,Private,Neutral,4,No,Postgraduate,Moderate,Female
24,63,Medium,Medium,No,8,60,Medium,Yes,3,High,Medium,Public,Neutral,3,No,High School,Near,Male
9,90,Medium,Medium,Yes,8,65,Medium,Yes,0,Medium,Medium,Private,Neutral,5,No,High School,Far,Male
22,88,Medium,Medium,No,7,72,Low,Yes,4,High,Medium,Public,Negative,2,No,Postgraduate,Near,Male
13,70,Medium,Medium,No,7,87,Medium,Yes,1,Low,Low,Public,Neutral,5,No,High School,Near,Male
18,70,Medium,Medium,No,8,86,Medium,Yes,5,High,Medium,Public,Positive,2,No,High School,Near,Female
23,85,Medium,Low,No,8,67,Low,Yes,1,Medium,Medium,Private,Neutral,3,No,Postgraduate,Far,Female
21,90,High,High,Yes,7,76,High,Yes,2,High,High,Public,Positive,3,No,College,Moderate,Female
15,95,Medium,High,Yes,9,62,Medium,Yes,2,Medium,Medium,Public,Positive,3,No,High School,Far,Male
20,94,Medium,High,Yes,8,89,Low,Yes,0,Medium,Medium,Public,Positive,4,Yes,High School,Moderate,Female
11,99,Medium,Medium,No,10,60,Medium,Yes,1,High,Medium,Public,Positive,1,No,College,Near,Female
27,83,Medium,Low,No,5,91,Medium,Yes,3,Low,,Public,Neutral,2,No,Postgraduate,Near,Male
19,96,Medium,Medium,Yes,8,97,Medium,Yes,3,Medium,Medium,Public,Negative,2,No,High School,Near,Male
27,92,Medium,Low,Yes,9,100,High,Yes,2,Medium,High,Public,Positive,0,No,Postgraduate,Moderate,Female
17,96,Medium,Medium,No,9,93,Low,Yes,3,Medium,Medium,Private,Neutral,2,No,High School,Far,Male
17,60,Low,Low,Yes,7,61,Medium,Yes,1,Low,Medium,Public,Positive,4,No,Postgraduate,Near,Female
15,99,Medium,Medium,Yes,5,71,Medium,Yes,0,Medium,Medium,Public,Neutral,2,No,College,Moderate,Male
25,79,Medium,Low,Yes,9,54,Medium,Yes,1,Low,Medium,Private,Positive,2,No,Postgraduate,Far,Male
16,92,High,Low,Yes,6,58,Low,Yes,0,High,Medium,Private,Positive,4,No,High School,Near,Female
24,65,Low,High,Yes,7,52,Medium,Yes,1,High,Medium,Public,Neutral,1,No,Postgraduate,Moderate,Female
18,76,Low,High,Yes,10,82,High,Yes,1,Medium,Medium,Private,Negative,4,No,College,Near,Male
8,71,High,Medium,Yes,5,77,Medium,No,0,High,Medium,Public,Neutral,4,No,High School,Moderate,Female
17,72,Low,Medium,No,8,96,High,Yes,2,Low,High,Public,Neutral,3,No,High School,Near,Male
13,65,Low,High,Yes,6,73,Medium,Yes,0,Low,Medium,Private,Positive,3,No,Postgraduate,Near,Female
20,92,Low,High,No,6,82,Medium,Yes,0,Medium,Medium,Public,Neutral,5,No,High School,Near,Female
13,60,High,High,No,7,70,Medium,Yes,1,Medium,Medium,Public,Negative,3,No,College,Far,Female
26,73,High,Medium,No,8,91,Medium,Yes,4,Low,Low,Public,Neutral,5,No,High School,Moderate,Male
19,67,Medium,Low,No,8,96,High,No,1,High,Low,Public,Positive,3,No,College,Near,Male
19,84,Medium,Low,No,9,72,High,Yes,1,Low,Medium,Public,Positive,3,No,High School,Far,Female
24,70,Medium,High,No,6,54,Low,Yes,1,High,Medium,Public,Neutral,1,No,High School,Moderate,Female
26,70,High,High,Yes,5,58,Medium,Yes,1,Low,Low,Private,Positive,3,No,Postgraduate,Moderate,Male
20,80,Low,Medium,Yes,6,86,High,Yes,1,Low,Medium,Private,Positive,3,No,High School,Near,Female
15,86,High,Medium,Yes,8,66,Low,Yes,0,Medium,High,Private,Positive,5,No,College,Near,Male
9,65,Low,Medium,Yes,7,89,Medium,Yes,2,Low,Medium,Public,Positive,4,No,High School,Moderate,Male
16,67,Medium,High,Yes,4,87,High,Yes,5,High,High,Public,Positive,4,No,College,Near,Male
16,70,Low,High,Yes,4,85,High,Yes,0,Medium,Medium,Private,Neutral,3,No,High School,Near,Male
21,99,High,Medium,Yes,7,91,Medium,No,3,Medium,Medium,Public,Positive,4,No,College,Near,Male
18,76,Medium,Medium,No,8,88,Low,Yes,1,Medium,Medium,Public,Neutral,4,No,College,Near,Female
24,84,Medium,Medium,No,6,82,Medium,Yes,1,Medium,Medium,Public,Negative,2,No,High School,Near,Male
16,70,Medium,High,Yes,8,50,High,Yes,3,High,Medium,Private,Neutral,3,No,Postgraduate,Far,Male
20,80,Medium,High,Yes,5,76,Medium,No,0,Low,Medium,Private,Negative,3,No,College,Near,Female
27,63,High,Low,No,7,80,Medium,No,2,Medium,High,Public,Positive,2,No,High School,Near,Female
22,61,Medium,Low,No,7,98,High,Yes,3,High,Low,Private,Neutral,2,No,College,Near,Female
20,79,Medium,Medium,No,8,83,Medium,Yes,3,Low,Medium,Private,Neutral,4,No,College,Moderate,Male
16,76,Low,Medium,Yes,5,79,Medium,Yes,0,Low,High,Public,Positive,4,No,Postgraduate,Moderate,Female
16,65,Medium,Medium,No,5,77,Medium,Yes,1,High,High,Public,Positive,3,No,High School,Moderate,Male
15,88,High,Medium,No,8,55,Medium,Yes,1,High,High,Private,Neutral,2,No,High School,Near,Male
17,100,Medium,High,Yes,5,71,Low,Yes,2,Low,Medium,Public,Neutral,4,No,High School,Near,Male
25,76,High,High,Yes,6,57,Low,No,0,Medium,Medium,Public,Positive,3,No,Postgraduate,Moderate,Male
19,85,Medium,Medium,Yes,9,53,High,Yes,1,Medium,Medium,Public,Neutral,3,No,College,Far,Male
12,99,Medium,Medium,Yes,7,66,Low,Yes,3,Medium,Low,Private,Negative,1,No,Postgraduate,Moderate,Female
31,93,Medium,Low,No,8,82,Low,Yes,2,High,High,Private,Neutral,1,No,High School,Near,Male
22,79,High,High,Yes,8,93,Medium,Yes,0,Medium,Medium,Private,Negative,2,Yes,High School,Near,Female
12,89,Medium,High,No,8,91,Medium,No,1,Low,High,Public,Neutral,2,No,High School,Near,Male
17,65,Medium,Medium,No,7,65,Medium,Yes,0,High,Medium,Private,Neutral,4,No,High School,Moderate,Male
21,80,High,Low,Yes,6,52,Medium,Yes,1,Low,Medium,Public,Negative,4,No,High School,Near,Male
30,71,High,Low,No,10,70,Low,Yes,3,Medium,Medium,Public,Neutral,4,Yes,High School,Near,Female
13,66,Medium,Medium,Yes,7,66,Low,Yes,3,Medium,Medium,Public,Negative,2,No,College,Near,Female
26,77,Medium,Low,Yes,7,69,Low,Yes,1,High,Medium,Public,Neutral,3,Yes,High School,Near,Female
28,65,Medium,Medium,No,8,78,High,No,1,High,Medium,Private,Positive,3,No,College,Near,Female
16,88,Medium,Medium,Yes,6,52,Medium,Yes,2,High,High,Public,Positive,3,No,High School,Near,Female
18,78,Medium,Medium,Yes,6,69,Medium,Yes,1,Medium,Medium,Public,Negative,4,No,Postgraduate,Moderate,Female
14,81,High,High,No,9,78,Medium,Yes,0,Medium,Medium,Private,Positive,4,No,College,Near,Female
19,66,Low,Medium,No,6,72,Medium,Yes,2,Low,Medium,Public,Negative,5,No,High School,Near,Male
20,66,Medium,High,No,8,83,Medium,Yes,1,Low,,Public,Neutral,2,Yes,College,Near,Male
24,83,High,Low,No,8,59,Medium,Yes,1,Low,Medium,Public,Positive,3,No,High School,Near,Male
27,99,Low,Low,Yes,7,58,Low,Yes,2,Medium,Medium,Private,Positive,2,No,Postgraduate,Moderate,Male
16,64,Medium,Medium,No,7,65,Medium,Yes,2,Medium,High,Public,Neutral,4,No,High School,Near,Male
8,71,High,Medium,No,8,55,High,Yes,1,Low,High,Public,Positive,2,No,College,Moderate,Male
20,95,High,Low,Yes,7,62,Low,Yes,1,Low,Low,Private,Positive,3,No,College,Near,Male
22,63,Medium,Medium,Yes,4,54,Medium,Yes,0,Medium,Medium,Private,Positive,3,No,High School,Moderate,Male
21,95,Low,Medium,Yes,9,70,Medium,Yes,3,High,Medium,Public,Positive,3,No,High School,Near,Female
18,81,Low,High,Yes,6,86,Medium,Yes,3,Low,Medium,Public,Positive,4,No,College,Near,Male
21,76,Medium,Medium,Yes,7,64,Low,Yes,1,Medium,High,Private,Positive,2,No,High School,Moderate,Male
29,72,Low,Medium,No,5,50,Low,Yes,0,Low,Medium,Public,Neutral,4,No,High School,Near,Female
22,72,Low,High,No,6,78,Low,No,1,Low,High,Public,Neutral,3,No,Postgraduate,Near,Male
18,72,High,High,No,6,85,High,Yes,1,High,High,Private,Positive,1,No,High School,Moderate,Male
17,95,High,Medium,No,7,70,High,Yes,1,Low,Medium,Public,Neutral,3,No,High School,Near,Male
19,89,High,Medium,Yes,6,65,Low,Yes,2,Low,Medium,Public,Neutral,3,Yes,Postgraduate,Near,Male
30,87,Low,Medium,Yes,10,75,Low,Yes,3,Low,Low,Public,Neutral,4,No,College,Near,Male
19,92,Low,Medium,No,7,55,Medium,Yes,1,Medium,Medium,Public,Neutral,5,No,High School,Far,Male
20,70,High,Low,No,8,82,Medium,Yes,2,Low,High,Private,Positive,3,No,High School,Moderate,Male
17,85,High,Medium,Yes,7,87,Medium,Yes,1,Low,Medium,Private,Neutral,1,No,,Near,Female
27,78,High,High,No,8,85,Medium,Yes,0,High,Medium,Public,Positive,3,No,College,Near,Male
32,91,High,Medium,Yes,4,66,Medium,Yes,3,Low,High,Public,Neutral,2,No,Postgraduate,Near,Female
23,72,High,Low,Yes,6,92,Low,Yes,2,High,Medium,Public,Negative,3,No,College,Near,Male
20,86,Medium,Medium,No,6,97,Low,Yes,1,Low,Medium,Private,Neutral,2,No,High School,Moderate,Male
20,95,Medium,Medium,No,6,65,High,Yes,2,Low,Medium,Public,Neutral,3,No,College,Near,Female
6,76,Medium,Medium,Yes,8,63,Medium,Yes,5,Medium,Medium,Public,Neutral,3,No,College,Near,Male
24,63,Medium,Medium,Yes,8,85,High,Yes,1,Low,Medium,Private,Positive,3,No,High School,Far,Female
21,81,Medium,Medium,Yes,7,85,Medium,Yes,1,Low,High,Public,Negative,3,No,Postgraduate,Moderate,Male
23,74,High,High,No,7,76,Medium,Yes,1,Medium,Low,Public,Neutral,2,No,College,Moderate,Female
16,87,Low,Medium,Yes,10,96,Medium,No,1,Low,High,Public,Positive,1,No,College,Moderate,Male
18,98,High,Medium,No,7,57,Low,Yes,0,High,Medium,Private,Neutral,1,No,Postgraduate,Moderate,Male
18,79,Low,High,No,4,74,Low,Yes,2,Low,Medium,Public,Negative,1,No,High School,Near,Female
26,79,Medium,High,Yes,8,52,High,Yes,1,Medium,Medium,Public,Negative,3,Yes,Postgraduate,Near,Female
18,86,High,Medium,No,8,53,Low,Yes,5,Low,High,Private,Negative,3,No,High School,Near,Male
32,64,Low,High,Yes,9,53,Low,No,1,Low,Medium,Private,Positive,3,No,College,Near,Female
23,70,Medium,Medium,Yes,8,75,Medium,Yes,0,High,Medium,Public,Positive,2,No,High School,Moderate,Male
12,97,Low,Medium,Yes,6,79,Medium,No,1,Medium,Medium,Public,Negative,2,No,High School,Near,Male
19,87,High,Medium,No,8,50,Low,Yes,0,High,High,Public,Neutral,2,No,High School,Near,Female
16,61,High,Medium,Yes,7,82,Medium,Yes,2,Low,Medium,Public,Negative,3,No,High School,Near,Female
7,68,High,Medium,No,9,74,Medium,Yes,1,Low,High,Public,Positive,3,No,High School,Near,Female
30,87,High,Medium,Yes,9,61,High,Yes,2,Medium,High,Private,Neutral,4,No,High School,Moderate,Male
24,91,High,High,Yes,7,51,High,Yes,2,Medium,Medium,Public,Neutral,3,No,High School,Moderate,Male
23,94,Low,Medium,No,8,58,High,Yes,5,Low,Low,Public,Neutral,6,No,High School,Near,Female
21,72,Medium,Medium,No,9,80,High,Yes,3,Low,Medium,Public,Neutral,4,No,High School,Near,Male
12,97,Medium,Low,Yes,7,83,Medium,Yes,0,Low,Medium,Public,Neutral,2,No,College,Moderate,Male
17,82,Medium,High,Yes,10,82,High,Yes,1,Medium,Medium,Private,Positive,2,No,High School,Moderate,Male
25,88,High,High,Yes,9,58,Low,Yes,0,Low,Medium,Public,Negative,4,No,Postgraduate,Near,Male
14,84,Medium,Medium,Yes,6,96,Medium,No,2,Low,Medium,Private,Neutral,2,No,Postgraduate,Far,Male
5,65,Low,High,No,7,71,Medium,Yes,0,Low,Medium,Private,Negative,2,No,College,Far,Male
19,99,Medium,High,Yes,8,88,High,No,1,Low,High,Public,Positive,3,No,High School,Far,Female
19,65,Low,High,No,10,58,Medium,Yes,2,Medium,High,Private,Positive,3,No,Postgraduate,Moderate,Female
21,70,Medium,Medium,No,8,74,Low,Yes,2,Medium,Medium,Public,Positive,3,No,Postgraduate,Far,Male
24,93,Medium,Medium,Yes,7,76,High,Yes,2,Low,Medium,Public,Neutral,1,Yes,High School,Near,Male
24,85,High,Low,Yes,9,89,Medium,Yes,1,Low,Medium,Public,Positive,2,No,Postgraduate,Moderate,Male
22,94,Low,High,Yes,7,81,Medium,Yes,2,Medium,High,Public,Neutral,4,No,High School,Far,Male
27,81,High,High,Yes,6,70,Medium,Yes,0,Low,Medium,Public,Positive,5,No,High School,Far,Female
11,75,Low,High,No,8,64,Medium,Yes,3,Low,Medium,Public,Neutral,3,Yes,College,Moderate,Female
23,97,Medium,Medium,Yes,6,99,Low,Yes,1,Low,Medium,Private,Positive,3,No,High School,Near,Female
24,61,Medium,Medium,No,10,64,Low,Yes,0,Low,Medium,Private,Positive,3,No,High School,Near,Female
13,94,Low,Medium,Yes,7,56,High,Yes,2,Low,High,Public,Neutral,4,No,College,Near,Male
11,69,Low,Medium,Yes,8,65,Low,Yes,0,Low,Medium,Public,Negative,2,No,College,Moderate,Male
16,94,Low,Medium,Yes,6,66,Medium,Yes,3,Medium,High,Public,Negative,4,No,College,Near,Female
16,66,Medium,Low,No,9,56,Medium,Yes,0,Low,High,Private,Positive,4,Yes,College,Near,Female
25,83,High,High,Yes,7,85,High,Yes,2,Low,Medium,Public,Negative,4,No,College,Near,Male
16,96,Medium,Medium,No,7,81,Medium,Yes,0,Low,Low,Public,Negative,3,No,High School,Moderate,Male
15,79,Medium,High,Yes,7,66,Medium,Yes,2,Low,Medium,Public,Positive,3,No,College,Far,Female
16,90,Medium,High,Yes,5,100,Low,Yes,1,High,Medium,Private,Negative,4,No,High School,Moderate,Male
27,92,Low,Medium,Yes,7,83,Low,Yes,2,Low,Medium,Public,Positive,4,Yes,College,Moderate,Female
20,89,Low,Medium,Yes,8,85,Medium,Yes,2,Medium,High,Public,Positive,1,No,Postgraduate,Near,Female
19,97,High,High,No,5,78,Low,Yes,0,Medium,Low,Private,Negative,3,No,College,Moderate,Male
19,78,Low,High,Yes,9,78,Medium,Yes,2,Low,High,Public,Negative,2,No,College,Near,Female
28,67,High,Medium,Yes,7,51,Medium,Yes,2,Medium,Medium,Public,Neutral,3,No,High School,Near,Female
16,62,Low,Low,No,7,89,High,Yes,0,Medium,Medium,Public,Neutral,3,No,High School,Far,Female
28,70,Medium,Medium,Yes,4,96,Low,Yes,1,Medium,Medium,Private,Positive,2,No,,Moderate,Male
21,66,High,Medium,Yes,7,56,Medium,Yes,1,Low,Medium,Private,Neutral,4,No,Postgraduate,Moderate,Male
19,82,Medium,Medium,No,5,90,Medium,Yes,1,High,Medium,Public,Negative,3,No,College,Near,Male
35,67,High,High,Yes,6,77,Low,Yes,1,Low,Medium,Public,Positive,3,No,College,Near,Male
14,62,Medium,Medium,No,5,64,Medium,Yes,2,Low,Medium,Public,Neutral,3,No,College,Near,Male
18,61,Medium,Medium,Yes,6,96,Medium,Yes,0,Medium,Medium,Public,Negative,3,No,High School,Near,Male
13,93,Medium,High,Yes,7,51,Low,Yes,1,Low,High,Private,Neutral,3,No,High School,Near,Female
26,84,High,Medium,No,7,64,Medium,No,1,Medium,High,Public,Neutral,4,No,College,Near,Male
30,74,Medium,High,No,8,94,Low,Yes,0,Medium,Medium,Public,Positive,3,No,High School,Near,Male
30,96,Medium,Low,Yes,4,74,High,No,0,Low,Low,Public,Negative,3,No,High School,Moderate,Male
27,63,High,Medium,Yes,7,80,Medium,Yes,1,Low,High,Public,Neutral,4,No,High School,Far,Female
19,99,Medium,Low,Yes,7,87,Low,Yes,1,Medium,Medium,Public,Positive,4,No,High School,Moderate,Female
18,85,Medium,Medium,Yes,6,57,Low,Yes,2,Medium,High,Public,Neutral,2,No,Postgraduate,Moderate,Male
10,67,High,High,No,6,61,Medium,Yes,0,Low,High,Private,Neutral,2,No,High School,Near,Female
32,87,Medium,High,Yes,9,100,Medium,Yes,2,Medium,Low,Private,Neutral,2,No,Postgraduate,Moderate,Male
23,91,Medium,High,Yes,10,62,Low,Yes,1,Medium,High,Private,Negative,3,No,College,Near,Male
17,77,High,Medium,Yes,4,77,Low,Yes,0,Medium,Medium,Private,Positive,4,No,High School,Near,Female
28,94,Medium,High,Yes,6,65,High,Yes,1,Low,High,Public,Positive,1,No,High School,Near,Female
14,66,Medium,Medium,Yes,5,93,Medium,Yes,1,Medium,Medium,Private,Negative,2,No,High School,Near,Male
22,71,Medium,Low,Yes,7,98,Low,Yes,2,Low,High,Public,Neutral,2,No,High School,Moderate,Female
19,64,High,Medium,No,9,57,Low,Yes,0,Medium,High,Private,Neutral,3,No,High School,Near,Female
24,68,Low,Medium,Yes,8,80,Medium,No,1,Low,Low,Public,Positive,4,No,Postgraduate,Moderate,Male
20,70,Medium,Medium,Yes,7,91,Medium,Yes,1,Low,Medium,Public,Negative,2,No,High School,Far,Male
11,97,Medium,Medium,No,7,91,Medium,Yes,1,Medium,Medium,Public,Positive,4,No,High School,Near,Male
20,63,Medium,Medium,No,7,72,Low,Yes,3,Low,High,Public,Negative,5,Yes,Postgraduate,Near,Male
26,77,Medium,Medium,Yes,8,61,Medium,Yes,1,Low,Medium,Public,Neutral,4,No,College,Moderate,Male
20,81,Medium,Low,No,8,69,Medium,Yes,1,Medium,Medium,Private,Neutral,2,No,High School,Near,Female
25,96,Medium,High,No,8,88,Medium,Yes,0,Low,Medium,Private,Neutral,1,No,High School,Near,Male
14,100,Medium,Medium,Yes,4,100,Medium,Yes,3,Low,Medium,Public,Neutral,3,No,Postgraduate,Moderate,Female
20,90,Medium,Medium,No,7,78,High,Yes,0,Medium,High,Public,Positive,4,Yes,Postgraduate,Far,Male
16,99,Medium,High,Yes,7,60,Medium,Yes,2,Low,High,Private,Neutral,3,No,Postgraduate,Moderate,Male
24,91,Low,Medium,Yes,8,52,Medium,Yes,1,Low,Medium,Public,Neutral,5,No,High School,Near,Male
20,99,Low,Medium,Yes,7,97,Medium,Yes,2,Low,Medium,Public,Neutral,0,No,High School,Near,Male
24,88,Medium,High,Yes,8,74,Medium,Yes,0,Low,High,Private,Neutral,3,No,Postgraduate,Near,Male
27,63,Medium,Medium,Yes,6,86,Medium,Yes,1,Medium,Medium,Public,Positive,4,No,Postgraduate,Near,Female
24,76,Low,High,No,8,83,Medium,Yes,1,High,Medium,Private,Positive,4,No,High School,Near,Female
22,86,Medium,Medium,Yes,9,95,Medium,Yes,4,Medium,Low,Private,Positive,2,No,College,Near,Male
14,74,High,Medium,No,5,63,Low,No,2,Low,High,Private,Positive,3,No,College,Far,Female
20,71,Low,Medium,No,5,72,Medium,Yes,4,Medium,Medium,Public,Positive,4,No,Postgraduate,Moderate,Male
17,83,Medium,Medium,No,8,96,Medium,Yes,1,Low,Medium,Public,Positive,3,No,College,Moderate,Male
18,97,High,Low,Yes,7,79,Medium,Yes,3,High,Medium,Private,Positive,3,No,High School,Far,Male
18,61,Low,Low,No,9,54,Medium,Yes,0,Medium,Medium,Public,Neutral,2,No,College,Near,Female
14,91,High,Medium,Yes,7,60,Medium,Yes,0,High,Medium,Public,Neutral,2,No,High School,Near,Male
8,89,High,High,No,8,62,Medium,Yes,2,Medium,Medium,Public,Positive,4,Yes,High School,Moderate,Male
16,99,Low,High,Yes,6,100,High,Yes,1,High,High,Public,Positive,3,No,High School,Far,Female
21,97,High,High,No,8,61,Low,Yes,0,Low,High,Public,Neutral,3,Yes,Postgraduate,Near,Female
12,90,Medium,Medium,Yes,8,93,Low,Yes,3,High,Medium,Public,Neutral,3,No,High School,Near,Female
20,81,Low,Medium,No,6,54,Low,Yes,0,Low,Low,Public,Positive,2,No,College,Moderate,Female
31,68,Medium,Medium,No,9,59,Medium,Yes,3,High,High,Public,Neutral,2,No,Postgraduate,Near,Female
26,82,Low,Medium,No,4,94,Low,Yes,0,Low,Low,Private,Positive,3,No,High School,Near,Male
30,91,Medium,High,Yes,7,95,Low,Yes,1,Medium,High,Public,Positive,3,No,College,Near,Female
22,96,Low,Low,Yes,5,59,Medium,Yes,0,Medium,High,Private,Positive,2,No,High School,Far,Female
27,92,High,High,Yes,5,61,Medium,Yes,0,Medium,High,Private,Positive,3,No,Postgraduate,Near,Male
16,68,Medium,High,Yes,8,77,Medium,Yes,1,Medium,High,Public,Positive,4,No,Postgraduate,Moderate,Male
16,84,Medium,High,Yes,5,53,Medium,No,2,Low,Medium,Public,Neutral,1,No,High School,Near,Male
4,73,Low,Medium,Yes,5,97,High,Yes,1,Low,High,Public,Negative,1,No,High School,Near,Male
27,60,Medium,High,No,8,68,High,Yes,1,Medium,Medium,Private,Negative,4,Yes,High School,Far,Female
29,68,Low,High,Yes,5,74,Low,Yes,3,High,High,Public,Neutral,2,Yes,Postgraduate,Near,Male
17,65,High,High,No,9,55,Medium,Yes,1,Medium,Medium,Public,Positive,2,No,High School,Near,Male
18,94,Low,Medium,Yes,8,52,Medium,Yes,1,Medium,Medium,Private,Positive,4,No,College,Near,Female
15,70,Medium,Medium,No,6,73,Low,Yes,2,Medium,Low,Public,Positive,4,No,,Moderate,Male
22,71,Medium,Medium,Yes,8,56,Low,Yes,0,Medium,High,Public,Neutral,2,No,Postgraduate,Near,Male
27,98,Medium,High,No,4,82,Medium,Yes,0,High,Medium,Public,Positive,3,No,High School,Near,Female
10,75,Medium,High,Yes,8,90,Medium,Yes,2,Low,Medium,Public,Positive,2,No,Postgraduate,Moderate,Male
22,60,Medium,Medium,Yes,5,52,Medium,Yes,0,Low,Medium,Public,Negative,2,No,High School,Near,Female
18,71,Medium,High,Yes,6,81,Medium,Yes,1,Low,High,Public,Positive,3,No,High School,Near,Male
21,65,Medium,High,Yes,6,91,High,Yes,1,Medium,High,Public,Positive,3,No,High School,Moderate,Male
23,64,High,Medium,Yes,9,72,Medium,Yes,0,Low,High,Public,Positive,3,No,College,Near,Male
19,63,High,Medium,No,6,98,High,Yes,4,High,Medium,Private,Positive,2,No,Postgraduate,Near,Male
19,84,Medium,Medium,Yes,7,56,Low,Yes,2,Low,Medium,Public,Neutral,3,No,High School,Moderate,Female
19,68,High,High,No,6,66,Medium,Yes,2,Medium,Medium,Public,Neutral,3,No,High School,Far,Female
26,74,High,Medium,No,6,62,Medium,Yes,0,Low,Medium,Private,Neutral,3,No,High School,Near,Female
23,94,Medium,High,No,5,100,Low,Yes,2,Medium,High,Public,Neutral,2,No,Postgraduate,Near,Male
21,77,Low,Medium,Yes,7,65,Medium,Yes,2,Low,High,Public,Negative,2,No,High School,Moderate,Female
12,97,Medium,Low,Yes,7,69,Low,Yes,0,Low,High,Public,Positive,5,No,High School,Near,Female
18,80,Medium,Low,Yes,8,92,High,Yes,0,Medium,High,Private,Positive,1,No,College,Near,Male
25,76,Medium,Low,Yes,7,96,Medium,Yes,3,Medium,Medium,Public,Positive,4,Yes,High School,Near,Female
20,90,Medium,Low,Yes,7,97,Medium,Yes,2,High,High,Public,Positive,3,No,College,Moderate,Male
24,63,Medium,Medium,Yes,8,78,Medium,Yes,0,Low,High,Private,Negative,3,No,High School,Near,Male
31,64,Medium,Medium,Yes,6,83,Medium,Yes,1,Medium,Medium,Public,Positive,2,No,High School,Moderate,Female
26,86,Medium,Low,No,5,67,Medium,Yes,2,Low,High,Private,Positive,1,No,High School,Moderate,Female
21,79,Low,Medium,Yes,8,80,High,Yes,1,Low,High,Private,Negative,3,No,College,Near,Male
17,92,Low,Medium,Yes,6,65,High,Yes,3,Medium,High,Public,Positive,2,No,College,Near,Male
5,97,Medium,Low,Yes,7,87,Medium,Yes,2,Medium,Medium,Private,Neutral,3,Yes,High School,Far,Female
19,76,Medium,Medium,Yes,6,65,Medium,Yes,0,Low,Medium,Public,Neutral,4,Yes,High School,Near,Female
18,84,High,High,No,6,94,Medium,Yes,3,High,Medium,Public,Neutral,4,No,High School,Near,Male
22,80,Low,Low,No,4,57,Low,Yes,1,Low,Medium,Public,Neutral,3,No,Postgraduate,Moderate,Male
19,99,Low,Low,No,8,79,High,Yes,3,Medium,Medium,Private,Positive,4,No,High School,Near,Male
18,93,Medium,High,No,4,76,High,Yes,3,Low,Medium,Public,Negative,3,No,College,Near,Female
9,96,Medium,High,Yes,9,63,Medium,Yes,1,High,Medium,Private,Neutral,1,No,High School,Near,Male
14,70,Medium,Medium,Yes,9,51,Low,Yes,1,Low,High,Public,Negative,4,No,College,Near,Male
23,91,Medium,Medium,No,6,57,Low,Yes,2,Low,High,Private,Positive,2,No,High School,Near,Male
30,71,Low,High,No,9,98,Low,Yes,2,High,Medium,Public,Positive,1,No,High School,Moderate,Female
19,68,Low,High,No,10,97,Low,No,0,Low,Medium,Public,Positive,3,No,College,Far,Female
22,98,Low,Medium,No,7,56,High,Yes,1,High,Medium,Private,Neutral,1,No,College,Near,Female
26,61,Medium,Medium,Yes,8,69,High,Yes,2,Medium,High,Public,Positive,3,No,High School,Near,Male
15,99,High,Medium,No,7,73,Low,Yes,1,Low,Medium,Public,Positive,3,No,High School,Near,Male
22,66,Medium,Low,Yes,9,74,Medium,Yes,3,Low,High,Public,Negative,3,No,Postgraduate,Near,Female
16,93,Low,High,Yes,5,65,Low,Yes,0,Medium,Medium,Public,Negative,3,No,High School,Near,Female
25,71,High,Medium,Yes,7,96,Low,Yes,2,Low,Medium,Public,Positive,3,No,High School,Near,Female
21,74,High,Medium,Yes,8,95,Low,Yes,1,Medium,Medium,Private,Positive,5,Yes,High School,Far,Female
22,69,Low,High,Yes,8,51,Medium,Yes,1,Low,High,Public,Positive,3,No,High School,Near,Female
15,83,Medium,Low,Yes,7,83,Low,Yes,1,High,Medium,Public,Neutral,2,No,Postgraduate,Near,Female
24,74,Low,Low,Yes,9,54,Medium,Yes,1,Low,,Public,Neutral,3,No,,Near,Female
33,86,Low,Medium,Yes,7,80,Medium,Yes,0,Low,High,Public,Neutral,3,No,Postgraduate,Near,Female
14,61,Medium,Medium,Yes,7,93,Low,Yes,3,Medium,High,Public,Negative,2,No,High School,Moderate,Male
18,63,High,High,No,8,82,Medium,Yes,1,High,Medium,Private,Negative,1,No,High School,Near,Male
21,64,Medium,Low,No,7,73,High,Yes,2,Low,Medium,Public,Negative,2,Yes,College,Far,Female
25,77,High,Medium,Yes,7,98,Low,Yes,0,High,Medium,Public,Positive,2,No,High School,Near,Male
17,93,Medium,Medium,No,6,87,Medium,Yes,1,Low,High,Private,Negative,2,No,High School,Moderate,Female
3,96,High,High,Yes,10,62,Medium,Yes,3,Low,Medium,Private,Neutral,4,No,High School,Far,Male
28,70,Medium,Medium,Yes,6,69,Medium,Yes,2,Low,Low,Public,Positive,4,Yes,High School,Near,Male
25,83,Low,Medium,Yes,8,88,Low,Yes,1,Medium,High,Public,Neutral,3,Yes,College,Near,Male
10,91,High,High,Yes,10,51,Medium,Yes,0,Low,Medium,Public,Positive,3,No,Postgraduate,Moderate,Male
16,72,Medium,High,No,5,53,Medium,Yes,1,High,High,Public,Positive,3,No,College,Near,Male
29,76,Medium,High,Yes,8,93,Low,No,0,Medium,High,Public,Positive,4,No,College,Moderate,Male
29,81,Medium,Medium,Yes,7,52,Medium,No,1,High,Medium,Public,Neutral,4,No,College,Near,Female
26,65,Medium,Medium,Yes,10,84,Medium,Yes,1,Low,High,Public,Positive,4,No,Postgraduate,Near,Male
19,61,Medium,Medium,No,6,66,Medium,Yes,0,High,Medium,Public,Neutral,1,No,High School,Near,Male
20,66,Medium,High,Yes,6,91,Low,Yes,0,Medium,High,Public,Negative,5,No,High School,Far,Male
19,85,High,High,No,7,92,Medium,Yes,3,Medium,Medium,Public,Neutral,2,No,College,Near,Female
27,63,Medium,High,No,6,98,Low,Yes,0,Medium,Medium,Private,Negative,3,No,High School,Near,Female
15,68,Medium,High,No,6,55,Medium,No,0,High,Medium,Private,Positive,3,No,High School,Near,Female
15,74,Low,Low,No,10,71,Medium,Yes,0,Low,High,Public,Negative,2,No,Postgraduate,Near,Male
26,63,High,High,Yes,7,79,Medium,Yes,1,Low,High,Public,Negative,2,No,High School,Near,Male
20,68,Medium,High,Yes,6,96,Medium,Yes,0,Low,High,Public,Neutral,3,No,High School,Near,Female
28,96,Low,High,No,6,63,High,No,1,High,Medium,Public,Positive,2,No,High School,Moderate,Female
16,61,Medium,High,Yes,8,54,High,Yes,0,Low,High,Private,Positive,3,No,College,Moderate,Male
20,86,Medium,Medium,Yes,8,60,Low,Yes,1,High,Medium,Public,Neutral,3,Yes,Postgraduate,Near,Male
14,75,Medium,Medium,Yes,6,75,Medium,Yes,0,Low,High,Public,Neutral,2,No,High School,Near,Male
20,87,Medium,Low,No,5,84,Medium,Yes,2,Medium,Medium,Private,Neutral,3,No,High School,Near,Male
11,84,Medium,Medium,Yes,7,85,High,Yes,3,Medium,Medium,Public,Neutral,4,No,College,Moderate,Female
17,69,Medium,Medium,Yes,7,54,High,Yes,1,High,Low,Public,Neutral,2,No,High School,Near,Male
11,94,High,High,No,6,88,Medium,Yes,2,Medium,Medium,Public,Positive,4,No,High School,Near,Male
24,80,Low,High,Yes,9,83,Medium,Yes,1,Low,Low,Public,Negative,1,No,High School,Near,Male
24,93,Medium,High,Yes,8,70,Low,Yes,1,Medium,High,Private,Neutral,3,No,High School,Moderate,Female
10,76,Medium,Low,Yes,7,79,Low,Yes,3,Medium,Medium,Private,Neutral,4,No,High School,Far,Female
28,99,Medium,Medium,Yes,6,88,Medium,Yes,3,Low,Medium,Public,Positive,4,No,High School,Near,Female
35,91,Low,Medium,Yes,10,63,Low,Yes,1,Medium,Medium,Public,Neutral,5,No,High School,Near,Male
20,99,Medium,Low,Yes,5,97,Low,Yes,4,High,Medium,Public,Neutral,3,No,College,Near,Female
16,81,Low,Medium,No,6,57,High,Yes,3,Low,Low,Private,Positive,3,No,High School,Near,Male
37,79,Medium,High,No,6,95,High,Yes,1,High,Medium,Public,Negative,1,No,High School,Near,Male
12,90,Medium,Low,Yes,7,87,Low,Yes,2,Low,High,Public,Neutral,2,No,Postgraduate,Far,Male
20,95,Low,Low,No,8,83,High,Yes,1,Medium,Medium,Private,Positive,3,No,High School,Near,Female
21,99,Medium,Medium,Yes,5,54,High,Yes,1,Low,Medium,Public,Neutral,4,No,College,Moderate,Male
28,73,Medium,High,Yes,6,96,Medium,Yes,1,Medium,Medium,Public,Negative,0,No,Postgraduate,Near,Female
22,92,High,High,No,8,65,Medium,Yes,0,Medium,High,Private,Positive,2,No,High School,Moderate,Male
17,68,Low,High,Yes,6,87,High,Yes,0,Low,Medium,Private,Positive,4,Yes,College,Near,Male
14,82,Medium,High,No,6,94,Low,Yes,7,Medium,High,Private,Negative,4,No,Postgraduate,Near,Male
18,67,High,Medium,Yes,7,62,High,Yes,1,Low,Low,Private,Positive,2,No,High School,Far,Male
14,74,High,High,Yes,6,96,Low,Yes,2,Low,High,Public,Neutral,4,No,College,Near,Male
20,97,Medium,Medium,No,7,81,Medium,Yes,3,Medium,High,Public,Neutral,3,Yes,College,Near,Male
17,66,Medium,Medium,Yes,8,83,Medium,Yes,4,Medium,High,Private,Negative,5,No,High School,Moderate,Male
11,85,High,Medium,Yes,7,96,Medium,No,1,Low,Medium,Public,Neutral,3,No,High School,Near,Male
28,84,High,High,Yes,9,76,High,Yes,0,High,Medium,Private,Negative,3,No,High School,Near,Male
17,65,High,High,Yes,8,72,Low,Yes,1,Low,Medium,Public,Positive,4,No,College,Moderate,Male
12,73,Low,Medium,No,7,82,Medium,No,1,Low,Medium,Public,Positive,3,No,High School,Far,Male
19,83,Low,Medium,No,7,78,High,No,2,Low,High,Public,Positive,4,No,Postgraduate,Moderate,Male
20,67,Medium,High,No,10,53,High,Yes,1,Low,Medium,Private,Positive,2,No,Postgraduate,Near,Male
10,92,High,Low,Yes,6,59,High,Yes,0,Low,Medium,Public,Negative,2,No,High School,Moderate,Female
22,99,High,High,Yes,7,51,Medium,Yes,2,High,High,Public,Negative,4,Yes,High School,Moderate,Male
14,69,High,Medium,No,6,55,Medium,Yes,3,Low,Low,Private,Positive,2,No,High School,Moderate,Male
30,67,Medium,Medium,Yes,8,86,Medium,Yes,0,Low,Medium,Public,Neutral,4,No,High School,Moderate,Female
23,78,Medium,Medium,Yes,10,50,Medium,Yes,1,Medium,Medium,Private,Positive,3,Yes,Postgraduate,Near,Female
18,90,Medium,Medium,No,7,65,Low,Yes,4,Medium,Medium,Public,Positive,3,No,College,Near,Female
16,71,High,High,Yes,7,72,Low,Yes,1,Medium,Low,Private,Neutral,4,No,College,Moderate,Female
19,61,Medium,High,No,7,97,Low,Yes,0,Medium,High,Public,Negative,3,Yes,College,Far,Male
24,82,High,Medium,Yes,5,66,Medium,Yes,0,Medium,Medium,Private,Neutral,3,No,Postgraduate,Near,Male
20,98,Medium,High,No,7,89,Medium,Yes,1,High,Medium,Public,Positive,3,No,College,Far,Female
19,76,Low,High,Yes,10,70,Low,Yes,1,Low,Medium,Public,Negative,3,No,College,Far,Female
20,77,High,Medium,No,8,55,Low,Yes,1,Medium,Medium,Public,Negative,3,No,College,Far,Female
16,99,Low,Medium,Yes,9,55,Medium,Yes,1,High,Medium,Public,Neutral,3,Yes,College,Far,Female
18,88,Medium,Medium,No,9,72,High,Yes,2,High,High,Public,Neutral,4,No,Postgraduate,Moderate,Male
7,89,High,Low,Yes,6,53,Medium,Yes,3,Low,High,Private,Neutral,2,No,High School,Moderate,Male
26,83,Medium,Medium,No,10,79,Medium,Yes,1,High,Medium,Public,Neutral,2,No,High School,Moderate,Female
22,99,High,High,No,4,75,Low,Yes,2,Medium,Medium,Private,Negative,4,No,High School,Near,Female
15,88,Medium,Medium,Yes,7,85,Medium,Yes,4,Medium,Medium,Private,Negative,2,No,Postgraduate,Near,Female
31,96,High,Medium,Yes,4,59,Medium,Yes,3,Low,Medium,Private,Neutral,5,No,High School,Near,Female
21,88,Low,Medium,No,4,80,Low,Yes,1,Medium,Medium,Public,Positive,2,Yes,Postgraduate,Near,Male
14,89,Medium,Medium,Yes,8,59,High,Yes,1,Low,Medium,Private,Neutral,3,No,College,Near,Male
25,72,Medium,Medium,No,6,86,High,Yes,0,Medium,,Public,Neutral,2,No,High School,Far,Female
22,72,Medium,Low,Yes,9,65,High,Yes,0,Medium,Medium,Public,Neutral,3,No,High School,Moderate,Male
22,91,Medium,Low,No,4,81,Medium,Yes,2,Low,High,Private,Negative,3,No,High School,Near,Male
17,72,High,Medium,Yes,7,94,High,Yes,1,Low,Medium,Public,Neutral,5,No,High School,Moderate,Male
23,83,High,Medium,No,5,74,Medium,Yes,3,Low,Medium,Public,Negative,2,No,Postgraduate,Near,Male
18,70,High,Low,Yes,7,60,Medium,Yes,1,Medium,High,Public,Positive,3,No,College,Near,Male
23,93,Medium,Low,Yes,9,94,High,Yes,2,Medium,Low,Private,Negative,3,No,High School,Moderate,Female
9,64,Medium,Low,Yes,10,68,Low,Yes,0,Medium,Medium,Private,Negative,3,No,High School,Near,Male
17,93,Medium,Medium,No,8,87,Low,Yes,2,High,High,Private,Negative,3,No,College,Moderate,Male
30,84,High,Low,Yes,5,66,Low,Yes,0,Medium,Low,Public,Positive,2,No,Postgraduate,Near,Female
15,67,Low,Medium,Yes,5,65,Medium,Yes,4,Medium,Medium,Private,Negative,2,No,College,Near,Male
16,82,Medium,Medium,No,7,82,Medium,Yes,1,Medium,Low,Public,Neutral,3,No,Postgraduate,Moderate,Female
17,71,Medium,Medium,Yes,6,58,Medium,Yes,3,Medium,Medium,Private,Positive,3,Yes,High School,,Male
13,73,Medium,High,No,8,93,Medium,Yes,0,High,High,Public,Neutral,3,No,Postgraduate,,Female
7,74,High,Medium,No,10,69,High,Yes,1,High,Medium,Public,Positive,4,No,High School,Near,Male
19,63,Medium,Low,Yes,6,51,High,Yes,2,Medium,Medium,Public,Neutral,4,No,High School,Near,Male
21,99,High,Medium,Yes,6,65,Low,Yes,1,Medium,Medium,Private,Positive,2,No,College,Far,Female
20,61,Medium,High,No,5,89,Medium,Yes,1,Medium,Medium,Public,Neutral,2,No,Postgraduate,Far,Female
19,86,High,High,Yes,7,93,High,Yes,1,Medium,High,Public,Neutral,2,No,High School,Near,Male
20,75,Medium,Medium,No,7,78,Medium,Yes,0,Low,Medium,Public,Negative,2,No,College,Near,Female
26,86,Medium,Low,Yes,7,65,Medium,Yes,2,High,High,Private,Neutral,4,No,Postgraduate,Moderate,Male
19,74,Medium,Medium,Yes,8,76,High,Yes,5,Medium,High,Public,Neutral,4,Yes,College,Near,Female
17,87,Medium,Medium,Yes,8,92,Medium,No,3,High,Low,Public,Negative,2,No,College,Near,Male
18,89,Medium,Medium,No,7,66,Medium,Yes,2,Medium,Medium,Public,Positive,3,No,College,Moderate,Male
23,88,Medium,Medium,No,7,69,Medium,Yes,3,Low,High,Public,Negative,3,No,High School,Near,Male
28,65,Low,Medium,Yes,7,77,High,Yes,1,Low,High,Public,Positive,3,No,College,Near,Male
16,86,Medium,Low,No,7,94,Low,Yes,0,Low,Medium,Private,Positive,4,No,High School,Near,Male
21,71,Medium,Medium,Yes,6,79,Medium,Yes,1,Low,Medium,Private,Neutral,4,No,Postgraduate,Far,Male
22,61,Medium,High,No,5,60,High,Yes,0,High,Low,Private,Neutral,2,No,High School,Moderate,Male
14,77,High,Low,No,7,54,Medium,Yes,1,Medium,High,Public,Negative,2,No,High School,Moderate,Male
20,77,High,High,No,6,55,Medium,Yes,1,High,Low,Private,Neutral,1,No,College,Near,Male
11,79,Medium,Medium,Yes,8,98,Medium,Yes,2,Low,Medium,Public,Neutral,4,No,High School,Near,Female
9,88,Medium,Medium,Yes,7,91,Medium,Yes,1,Low,,Public,Negative,3,No,College,Near,Female
22,72,Low,High,No,7,88,Medium,No,2,Medium,Medium,Public,Positive,4,No,High School,Near,Female
18,73,Medium,Medium,Yes,8,75,Medium,Yes,0,High,Medium,Public,Neutral,1,Yes,College,Near,Female
21,62,High,Medium,Yes,5,84,Medium,Yes,5,Low,Medium,Public,Positive,4,No,High School,Near,Female
20,87,Medium,Medium,No,10,56,Medium,Yes,2,Medium,Medium,Public,Neutral,2,No,College,Moderate,Female
14,83,Low,Low,No,4,81,Low,Yes,1,Low,Medium,Public,Negative,4,Yes,High School,Moderate,Male
20,74,Medium,Medium,Yes,9,91,Medium,Yes,1,Low,Medium,Public,Neutral,5,No,High School,Near,Male
13,88,High,Medium,Yes,7,53,Medium,Yes,2,Medium,Medium,Private,Negative,4,No,College,Moderate,Male
28,81,Medium,Low,Yes,6,65,Medium,Yes,1,Low,Medium,Public,Positive,2,No,High School,Moderate,Male
12,79,High,Medium,No,5,56,High,Yes,1,Low,Low,Public,Positive,5,No,High School,Near,Female
19,80,High,Low,No,6,63,Low,Yes,1,Low,Medium,Public,Neutral,3,No,High School,Near,Male
14,85,Low,Medium,No,7,89,Medium,Yes,2,Medium,High,Public,Positive,2,No,College,Moderate,Male
23,86,Low,High,No,7,67,Low,Yes,2,Medium,High,Private,Neutral,3,Yes,College,Near,Female
18,72,Medium,Low,No,9,84,Medium,Yes,2,Medium,Medium,Public,Neutral,4,No,High School,Near,Male
17,66,Medium,Medium,Yes,7,89,Medium,Yes,0,Medium,Medium,Private,Negative,3,No,College,Near,Male
25,66,Medium,High,Yes,7,91,Medium,Yes,2,Low,High,Public,Neutral,3,No,College,Near,Male
20,86,Low,Low,No,8,94,Low,Yes,2,Low,Medium,Private,Negative,2,No,High School,Far,Female
23,95,Low,Medium,Yes,7,80,High,Yes,2,Low,Medium,Public,Neutral,4,No,High School,Moderate,Female
14,76,Low,Medium,No,7,64,Medium,Yes,3,Medium,Medium,Private,Positive,3,No,College,Near,Male
12,67,High,Medium,No,7,58,Medium,Yes,0,High,Medium,Public,Neutral,2,Yes,High School,Far,Male
21,90,High,Medium,Yes,8,75,Medium,Yes,4,Low,High,Public,Neutral,2,No,High School,Moderate,Male
18,93,Low,Medium,Yes,6,55,Medium,Yes,3,Low,Medium,Public,Negative,5,No,High School,Moderate,Male
24,95,Medium,Low,Yes,6,96,High,Yes,3,Low,Medium,Private,Neutral,3,No,Postgraduate,Near,Female
20,84,Low,Low,No,8,72,Medium,Yes,3,High,Medium,Public,Neutral,3,No,High School,Near,Male
21,94,High,High,No,5,94,Medium,Yes,2,Low,High,Private,Neutral,2,No,College,Near,Male
10,61,High,Medium,Yes,7,85,High,Yes,1,Medium,Medium,Public,Neutral,4,No,High School,Near,Female
31,64,Medium,High,No,6,93,Medium,Yes,1,Low,High,Public,Neutral,3,No,High School,Near,Female
19,64,Medium,High,No,8,94,Medium,Yes,3,Medium,High,Private,Neutral,3,Yes,Postgraduate,Near,Female
24,89,Medium,Low,Yes,9,53,Medium,Yes,1,Low,High,Private,Neutral,3,No,High School,Near,Male
15,63,Medium,Medium,Yes,6,86,Low,Yes,4,High,Medium,Public,Positive,5,No,High School,Near,Male
22,80,Medium,Medium,Yes,8,61,High,Yes,1,Low,Medium,Public,Positive,2,No,College,Moderate,Male
12,79,Medium,Medium,Yes,7,99,Low,Yes,2,Medium,Medium,Public,Negative,2,Yes,High School,Near,Female
23,72,High,High,Yes,6,89,Medium,No,0,Medium,High,Private,Negative,3,No,High School,Moderate,Male
18,95,Low,Low,Yes,7,50,Low,Yes,3,Medium,Medium,Private,Neutral,3,No,High School,Moderate,Female
20,67,High,Medium,No,9,96,High,Yes,1,High,High,Public,Positive,3,No,High School,Near,Female
24,74,Medium,Medium,Yes,7,65,Low,Yes,3,Medium,High,Public,Neutral,2,No,College,Near,Male
13,91,Medium,Low,Yes,9,71,Low,Yes,1,Low,Medium,Public,Positive,2,No,College,Far,Male
16,61,High,Medium,Yes,7,81,Low,Yes,2,Medium,Medium,Public,Neutral,1,No,High School,Near,Female
23,87,High,Medium,No,5,96,Medium,Yes,2,Medium,Medium,Public,Positive,3,No,College,Moderate,Female
33,93,High,Medium,No,7,96,Medium,Yes,1,Low,High,Public,Positive,1,No,Postgraduate,Moderate,Female
19,97,High,Medium,No,5,78,Low,Yes,2,Low,Medium,Public,Positive,3,No,High School,Near,Male
24,95,High,Medium,No,7,66,Low,Yes,2,High,High,Public,Negative,3,No,High School,Near,Male
19,73,Medium,Medium,Yes,6,64,Low,Yes,4,Medium,Medium,Public,Positive,5,Yes,College,Near,Female
32,83,High,Medium,Yes,10,68,Medium,No,3,Low,Medium,Private,Positive,4,No,High School,Moderate,Female
10,63,High,Medium,No,9,59,Low,Yes,0,Medium,High,Public,Positive,5,No,Postgraduate,Moderate,Male
21,70,Medium,Medium,Yes,7,83,Medium,Yes,1,Medium,Medium,Public,Neutral,3,No,High School,Far,Male
10,64,Medium,Low,No,9,76,Low,Yes,1,Low,Medium,Private,Positive,1,No,High School,Near,Female
5,73,High,Low,Yes,6,89,High,Yes,1,Medium,Medium,Public,Neutral,2,No,High School,Near,Male
22,95,High,Low,No,5,55,Medium,Yes,2,High,High,Public,Neutral,0,Yes,College,Near,Female
21,74,Medium,Low,Yes,8,70,Medium,Yes,1,Medium,Medium,Public,Neutral,3,No,Postgraduate,Far,Male
18,82,High,Medium,Yes,8,62,High,Yes,3,Low,Medium,Private,Neutral,4,No,High School,Near,Female
19,77,High,Medium,Yes,6,77,High,Yes,1,Low,High,Private,Neutral,3,No,College,Near,Female
39,78,Medium,Medium,No,6,73,Medium,Yes,0,Low,Medium,Public,Positive,2,No,College,Far,Male
18,99,High,Medium,Yes,8,72,Medium,Yes,4,Low,Medium,Public,Neutral,4,No,High School,Near,Female
23,72,Low,Medium,Yes,4,66,Low,No,3,Low,Medium,Private,Positive,4,No,Postgraduate,Near,Female
16,85,Low,High,Yes,8,86,Low,Yes,2,High,Medium,Private,Neutral,4,No,High School,Near,Female
22,77,Medium,Medium,Yes,7,74,High,Yes,2,Low,Low,Private,Negative,4,No,College,Near,Male
19,62,High,Low,Yes,8,60,Medium,Yes,1,Low,Medium,Public,Positive,2,No,College,Far,Female
18,80,Low,Low,Yes,8,77,Medium,Yes,1,Low,High,Public,Negative,2,No,College,Near,Female
31,93,High,Medium,No,6,80,Medium,Yes,3,Medium,Medium,Public,Neutral,2,No,High School,Near,Male
27,64,Medium,Medium,No,5,51,High,Yes,1,Low,High,Public,Negative,3,No,High School,Near,Female
21,63,High,Low,Yes,9,60,Medium,Yes,2,Medium,Medium,Public,Negative,2,No,Postgraduate,Near,Male
6,66,High,Medium,Yes,7,62,Low,Yes,2,Low,Medium,Public,Neutral,4,No,Postgraduate,Near,Male
18,91,High,High,Yes,7,62,Medium,Yes,3,Low,Medium,Private,Positive,3,No,High School,Near,Male
36,89,High,Low,Yes,8,62,Low,Yes,2,Low,High,Private,Negative,3,No,College,Moderate,Male
19,83,High,High,No,6,64,Medium,Yes,0,Medium,Medium,Private,Negative,5,No,Postgraduate,Near,Female
27,79,Low,High,Yes,8,63,High,Yes,2,Low,Medium,Public,Negative,5,No,College,Moderate,Female
29,96,Medium,High,No,8,94,High,No,2,Low,High,Public,Negative,4,No,High School,Near,Male
21,91,Medium,High,Yes,9,66,Low,Yes,3,Low,Medium,Public,Neutral,4,No,College,Moderate,Female
15,92,High,Low,Yes,9,67,Low,Yes,1,High,High,Public,Positive,2,No,Postgraduate,Near,Male
5,93,Low,Low,No,7,63,Medium,Yes,2,Medium,High,Public,Neutral,3,No,Postgraduate,Near,Male
24,86,Low,Low,Yes,8,98,Medium,Yes,2,High,Medium,Public,Positive,5,No,Postgraduate,Far,Male
15,78,High,Low,Yes,7,77,Low,Yes,0,High,Medium,Public,Neutral,3,No,College,Near,Male
21,95,High,Medium,Yes,7,81,Medium,Yes,0,Medium,Medium,Public,Neutral,3,No,High School,Near,Male
13,97,High,High,Yes,5,87,Low,Yes,1,Medium,High,Public,Neutral,2,No,Postgraduate,,Female
18,61,Low,Medium,Yes,7,67,Medium,Yes,5,High,High,Public,Positive,2,No,Postgraduate,Near,Male
20,62,Medium,Medium,No,4,98,High,Yes,1,High,Low,Public,Negative,4,No,High School,Near,Male
22,98,Medium,Medium,No,7,58,Medium,Yes,0,Medium,,Private,Neutral,3,No,,Near,Male
13,71,Low,Low,No,9,73,Low,Yes,1,High,High,Private,Neutral,3,No,High School,Moderate,Male
27,95,Medium,Medium,Yes,8,57,High,Yes,1,Medium,Low,Private,Positive,3,No,High School,Moderate,Female
16,76,Medium,Medium,No,7,90,Medium,Yes,0,Low,Medium,Public,Neutral,3,No,Postgraduate,Moderate,Male
10,65,Low,High,No,7,55,Medium,Yes,0,Low,High,Public,Neutral,3,No,High School,Near,Female
19,63,Medium,Medium,Yes,6,78,Low,Yes,3,Medium,Medium,Public,Neutral,2,Yes,College,Near,Male
20,66,Medium,Medium,Yes,6,55,Low,Yes,1,High,High,Public,Negative,3,No,Postgraduate,Moderate,Female
21,70,Low,Low,No,8,73,Low,Yes,0,High,Medium,Public,Neutral,4,No,College,Near,Male
28,80,High,High,No,5,64,Medium,Yes,1,Low,Medium,Private,Neutral,2,No,Postgraduate,Moderate,Female
19,88,High,Medium,Yes,5,95,Medium,Yes,1,Medium,High,Public,Neutral,3,No,High School,Near,Male
19,99,High,High,Yes,8,53,Medium,Yes,1,Medium,Medium,Private,Neutral,4,No,College,Near,Male
13,78,Medium,High,No,7,82,High,Yes,0,Low,High,Public,Neutral,2,No,College,Moderate,Female
25,81,High,Medium,Yes,7,85,High,Yes,3,Medium,Medium,Public,Negative,1,No,Postgraduate,Moderate,Female
21,81,High,Medium,Yes,7,94,Medium,Yes,3,Medium,Medium,Public,Neutral,1,No,Postgraduate,Moderate,Male
17,82,Medium,Low,No,10,94,Medium,Yes,1,High,High,Private,Neutral,3,No,High School,Moderate,Female
9,81,Medium,Medium,Yes,7,99,Medium,Yes,2,Low,Medium,Public,Neutral,3,No,High School,Moderate,Female
29,60,Low,High,No,7,63,Medium,Yes,0,Low,Medium,Public,Negative,4,No,Postgraduate,Near,Male
13,60,High,Low,No,10,64,Low,Yes,1,Medium,Medium,Public,Neutral,4,No,College,Far,Male
16,64,Medium,High,Yes,7,70,Medium,Yes,5,Low,Low,Public,Positive,4,No,High School,Moderate,Male
22,64,High,Medium,Yes,10,77,Medium,Yes,1,Low,High,Public,Positive,3,No,High School,Moderate,Male
13,88,Medium,Medium,Yes,4,68,High,Yes,1,High,Medium,Public,Positive,2,No,High School,Near,Female
11,68,High,Medium,Yes,5,87,Medium,Yes,1,Low,Medium,Public,Positive,4,Yes,High School,Far,Male
7,96,High,Low,No,6,50,Medium,Yes,1,High,Medium,Private,Negative,3,No,College,Near,Male
24,97,High,Medium,Yes,8,51,Medium,Yes,3,Low,,Public,Neutral,2,No,Postgraduate,Near,Female
17,99,Medium,Medium,No,10,86,Low,Yes,1,Medium,Medium,Private,Positive,2,No,College,Near,Male
38,98,Low,Medium,No,6,94,Medium,Yes,2,Low,Low,Public,Negative,4,No,Postgraduate,Near,Female
14,71,High,High,Yes,8,89,Medium,Yes,0,Medium,Medium,Public,Neutral,3,No,Postgraduate,Near,Female
14,80,High,Medium,No,10,56,Low,Yes,1,Low,Medium,Public,Positive,3,No,Postgraduate,Moderate,Female
17,67,Medium,Medium,No,9,97,Medium,Yes,1,Medium,Low,Public,Neutral,3,No,Postgraduate,Moderate,Female
21,92,High,Low,No,6,76,Low,Yes,2,Low,Medium,Public,Positive,5,No,College,Near,Male
17,96,Medium,High,Yes,8,87,Medium,Yes,0,Medium,Medium,Private,Positive,5,No,High School,Moderate,Male
24,94,Low,Medium,No,8,60,Low,Yes,0,Medium,Medium,Public,Neutral,3,No,High School,Near,Male
14,77,Medium,Medium,Yes,6,77,Low,Yes,1,Low,High,Private,Neutral,2,No,College,Near,Male
12,90,High,High,No,8,67,Low,Yes,2,Low,Low,Public,Neutral,3,No,High School,Near,Female
9,64,Medium,High,Yes,6,99,Medium,Yes,6,Low,High,Public,Positive,6,Yes,High School,Moderate,Male
7,62,High,Medium,Yes,7,74,Medium,Yes,3,Medium,Medium,Public,Neutral,3,No,Postgraduate,Near,Female
17,90,Low,High,Yes,5,88,Low,Yes,1,Medium,Medium,Public,Negative,1,No,College,Near,Female
18,77,High,Medium,Yes,4,80,Medium,Yes,1,Medium,Low,Private,Negative,2,No,College,Near,Male
16,100,High,High,Yes,7,55,High,Yes,1,Low,Medium,Public,Negative,2,Yes,College,Moderate,Male
27,64,Medium,Medium,Yes,7,77,High,Yes,3,High,Medium,Public,Neutral,4,No,High School,Moderate,Male
27,94,Medium,Low,No,5,77,Medium,Yes,0,Medium,High,Public,Positive,2,No,College,Near,Female
18,79,Medium,High,Yes,8,86,Medium,Yes,3,Low,Low,Public,Neutral,4,No,College,Near,Female
9,93,High,Low,Yes,7,66,Medium,Yes,0,Low,Low,Private,Neutral,2,No,College,Moderate,Male
17,93,Low,Medium,No,8,93,Low,Yes,0,Low,Medium,Public,Negative,3,No,College,Moderate,Male
16,97,Medium,Low,Yes,8,81,High,Yes,0,High,High,Private,Positive,2,No,High School,Near,Male
16,72,Low,Medium,No,9,52,Medium,Yes,1,Medium,High,Public,Negative,1,Yes,College,Moderate,Female
16,98,Medium,Medium,Yes,8,85,Low,Yes,0,Low,High,Public,Positive,2,No,College,Far,Male
16,66,Medium,Medium,Yes,7,95,Low,Yes,1,Medium,Medium,Public,Positive,4,No,College,Near,Male
18,63,High,High,Yes,7,84,Medium,Yes,1,Medium,High,Public,Neutral,2,No,High School,Near,Female
16,77,Medium,Low,No,10,69,Medium,Yes,1,Medium,Medium,Private,Neutral,3,No,High School,Near,Female
21,93,Medium,High,No,8,80,Medium,Yes,0,High,High,Public,Positive,1,No,College,Moderate,Female
22,79,High,Low,No,7,59,Medium,Yes,0,Medium,Medium,Public,Positive,3,No,College,Near,Male
15,93,Medium,Low,Yes,7,80,Low,Yes,0,Low,Medium,Public,Positive,3,No,High School,Near,Female
28,89,Medium,Medium,No,6,75,Medium,Yes,1,Low,Low,Private,Negative,3,No,High School,Moderate,Male
14,68,High,High,No,5,51,High,Yes,1,High,Medium,Public,Neutral,5,Yes,High School,Moderate,Male
10,98,Medium,Low,Yes,10,66,Low,Yes,1,Low,High,Public,Negative,2,No,College,Near,Female
22,62,Low,Medium,No,8,60,Low,No,0,Medium,High,Public,Positive,2,No,College,Near,Male
15,96,Medium,Low,No,5,70,High,Yes,4,Low,High,Private,Positive,3,No,College,Near,Male
22,72,Medium,High,Yes,7,62,Low,Yes,5,High,Medium,Private,Neutral,2,No,College,Moderate,Female
6,80,Medium,Medium,Yes,9,92,Low,Yes,5,Low,Medium,Public,Neutral,2,No,Postgraduate,Moderate,Male
28,77,High,Medium,No,6,85,High,Yes,0,Low,Medium,Public,Negative,1,No,Postgraduate,Near,Female
24,67,Medium,High,Yes,6,87,Low,Yes,0,Medium,Medium,Public,Positive,4,No,College,Near,Male
11,74,High,Medium,No,8,68,Low,Yes,0,Medium,Medium,Public,Positive,3,No,High School,Moderate,Male
11,68,Low,High,Yes,8,50,Low,Yes,2,Low,High,Private,Positive,4,No,High School,Near,Female
30,68,High,High,Yes,6,61,High,Yes,1,Medium,Medium,Public,Positive,3,No,Postgraduate,,Female
16,67,High,Medium,Yes,6,88,Medium,Yes,0,High,Low,Public,Neutral,3,No,College,Near,Male
15,80,High,Medium,No,8,80,Medium,Yes,1,Low,Medium,Public,Neutral,4,No,High School,Moderate,Female
6,92,Medium,Medium,Yes,5,77,Medium,Yes,1,Low,High,Public,Positive,4,No,High School,Near,Male
18,83,Medium,High,Yes,6,64,Low,No,1,Medium,High,Private,Negative,3,No,High School,Near,Female
19,96,Medium,Medium,Yes,7,54,High,Yes,1,Low,Medium,Public,Neutral,3,No,College,Near,Male
24,85,High,High,No,8,89,Medium,Yes,1,Low,Medium,Public,Neutral,3,No,High School,Moderate,Female
12,88,High,Medium,No,6,52,Low,No,1,Medium,High,Public,Negative,1,No,High School,Near,Male
11,87,Low,Medium,No,8,53,High,Yes,1,Medium,Medium,Public,Positive,3,No,High School,Near,Female
23,78,High,Low,No,9,65,High,Yes,1,Low,High,Public,Neutral,2,Yes,College,Far,Female
26,88,High,Medium,Yes,6,79,Medium,Yes,1,Low,High,Public,Neutral,4,No,High School,Far,Male
11,63,Medium,Medium,Yes,10,100,High,Yes,0,Medium,Medium,Public,Neutral,3,No,High School,Far,Female
26,94,Low,Low,Yes,9,55,Low,Yes,2,High,Medium,Public,Neutral,3,No,High School,Near,Male
20,91,High,Medium,No,7,74,Medium,Yes,1,Medium,Medium,Public,Neutral,4,No,High School,Moderate,Male
27,70,Medium,Medium,No,7,80,Low,Yes,1,Low,Medium,Public,Neutral,3,No,High School,Near,Female
20,91,High,Medium,No,6,91,Medium,Yes,3,High,High,Public,Neutral,2,No,High School,Near,Male
5,61,High,Medium,No,9,84,High,Yes,1,Medium,Medium,Public,Neutral,3,No,College,Near,Male
19,69,Low,Low,No,7,90,Medium,Yes,0,Low,Medium,Public,Neutral,1,No,College,Near,Male
26,63,Medium,Medium,Yes,5,76,Medium,Yes,3,Medium,High,Public,Neutral,5,Yes,High School,Near,Female
15,91,Medium,High,Yes,4,72,Low,Yes,1,High,High,Private,Neutral,2,No,High School,Near,Male
18,90,High,Medium,No,7,81,Medium,Yes,2,Medium,Low,Public,Negative,3,No,Postgraduate,Moderate,Male
19,93,Medium,High,No,7,95,Low,Yes,3,Medium,Medium,Private,Negative,3,No,High School,Near,Female
3,60,Medium,Low,Yes,6,78,Low,Yes,1,Low,Medium,Public,Positive,1,No,Postgraduate,Near,Female
30,80,High,High,No,5,80,Medium,Yes,0,Low,Medium,Private,Positive,4,No,Postgraduate,Near,Female
15,88,Low,Medium,Yes,4,67,Medium,Yes,1,Medium,High,Private,Positive,4,No,High School,Far,Female
23,66,Medium,Medium,Yes,6,80,Medium,Yes,1,Medium,Medium,Public,Positive,3,No,College,Near,Female
19,86,Medium,Medium,No,6,81,Medium,Yes,3,Medium,High,Public,Neutral,3,No,College,Near,Male
28,63,Medium,Medium,No,8,88,Medium,Yes,2,Low,High,Public,Positive,2,No,High School,Near,Male
22,67,Medium,Medium,Yes,7,79,Medium,Yes,1,Medium,Low,Private,Neutral,3,No,College,Moderate,Female
19,79,Medium,Medium,Yes,9,60,Low,Yes,1,Low,Medium,Public,Neutral,3,Yes,High School,Near,Female
15,86,High,Low,No,8,79,Medium,Yes,3,Low,Medium,Public,Positive,3,No,College,Near,Female
25,66,Low,Medium,Yes,8,65,Medium,Yes,0,Medium,Medium,Public,Positive,3,Yes,High School,Near,Male
9,67,Medium,High,Yes,8,54,Medium,Yes,3,Medium,High,Private,Positive,5,No,College,Moderate,Male
24,68,Medium,Medium,Yes,5,91,High,Yes,1,High,Medium,Public,Negative,4,No,College,Near,Female
13,70,Medium,Medium,Yes,6,53,Medium,Yes,2,Low,Medium,Public,Negative,0,Yes,College,Moderate,Female
28,69,Medium,Medium,No,10,82,High,Yes,0,Medium,Medium,Private,Neutral,2,No,High School,Near,Female
21,76,Low,Low,Yes,4,99,High,Yes,0,Low,Low,Public,Positive,3,No,College,Far,Male
24,86,High,Low,Yes,7,54,Medium,Yes,0,Low,High,Public,Neutral,2,No,College,Near,Male
20,78,Medium,Low,No,8,61,Medium,Yes,0,Medium,Medium,Public,Neutral,2,Yes,High School,Moderate,Female
9,91,Medium,Low,No,4,88,Low,Yes,2,Medium,Medium,Public,Neutral,4,Yes,Postgraduate,Near,Female
15,89,Medium,Medium,Yes,6,55,High,Yes,1,Low,Medium,Private,Positive,3,No,High School,Near,Male
24,65,Medium,Medium,Yes,10,92,Low,Yes,3,Medium,High,Public,Neutral,4,No,High School,Near,Male
21,62,Low,High,Yes,7,50,Low,No,1,High,Medium,Public,Negative,2,No,High School,Moderate,Female
27,95,Low,High,Yes,6,94,High,Yes,2,Medium,Medium,Public,Neutral,4,No,Postgraduate,Far,Female
22,63,Low,Low,Yes,7,53,Medium,Yes,1,High,Medium,Public,Neutral,4,No,High School,Near,Male
14,66,Low,Medium,Yes,6,96,Low,Yes,0,High,Medium,Public,Negative,3,No,College,Moderate,Male
15,61,Medium,Medium,No,10,93,High,Yes,0,Medium,High,Public,Neutral,4,No,High School,Near,Male
21,85,Medium,Low,No,6,77,Medium,Yes,2,Low,Medium,Public,Neutral,3,No,College,Far,Male
6,83,Medium,Medium,No,6,89,Medium,Yes,1,Low,Medium,Public,Positive,4,No,Postgraduate,Near,Female
30,99,Low,Medium,No,5,54,Medium,Yes,0,Medium,Medium,Private,Positive,3,No,Postgraduate,Near,Male
23,95,High,Medium,No,7,57,Medium,Yes,1,Low,Medium,Private,Neutral,2,No,High School,Near,Female
27,76,High,High,Yes,7,68,Medium,Yes,1,Medium,Medium,Public,Neutral,3,No,Postgraduate,Moderate,Female
11,75,High,High,Yes,9,77,Medium,No,1,High,High,Private,Neutral,2,Yes,College,Moderate,Male
27,72,Medium,High,No,5,93,Low,Yes,1,High,Medium,Public,Positive,2,No,College,Near,Male
33,66,Medium,Medium,No,8,77,Medium,Yes,2,Medium,Low,Public,Neutral,3,No,High School,Near,Male
12,66,Low,High,Yes,7,83,Medium,No,1,Medium,Medium,Public,Neutral,3,No,High School,Near,Male
25,65,High,Medium,Yes,4,84,High,Yes,1,High,Medium,Public,Positive,2,No,High School,Near,Male
20,65,Low,Medium,No,6,94,Medium,Yes,1,Low,High,Public,Positive,2,No,Postgraduate,Near,Female
11,70,Medium,High,Yes,6,89,Low,Yes,2,Medium,Medium,Public,Positive,4,No,High School,Near,Female
23,72,Medium,High,Yes,10,99,Medium,Yes,2,Medium,High,Private,Neutral,4,No,Postgraduate,Near,Female
25,98,Medium,High,Yes,8,51,Medium,Yes,0,Medium,Medium,Private,Positive,2,No,College,Moderate,Female
16,83,Medium,Medium,Yes,7,60,Medium,Yes,0,High,Medium,Public,Positive,1,No,College,Moderate,Female
27,100,Low,Medium,Yes,4,97,Low,Yes,4,Low,High,Public,Positive,3,No,High School,Near,Female
10,75,Medium,Medium,Yes,4,90,Medium,Yes,3,Medium,High,Public,Positive,3,Yes,Postgraduate,Moderate,Male
11,78,High,High,No,8,63,Low,Yes,1,Low,Medium,Public,Neutral,3,No,High School,Near,Female
21,73,High,Medium,Yes,8,99,Medium,Yes,1,Medium,High,Public,Positive,4,No,College,Moderate,Male
20,67,Medium,Medium,No,6,93,Low,No,1,Low,Medium,Public,Negative,3,Yes,College,Near,Male
16,66,Medium,Medium,Yes,7,53,High,Yes,2,Medium,Medium,Public,Negative,2,No,Postgraduate,Moderate,Male
25,98,Low,Low,Yes,7,91,Medium,Yes,2,Low,Low,Public,Positive,3,No,Postgraduate,Near,Female
23,99,Medium,High,No,7,89,High,Yes,1,Medium,Medium,Public,Neutral,3,No,High School,Near,Female
25,62,Medium,Low,No,6,61,High,Yes,1,Medium,Medium,Public,Positive,4,No,Postgraduate,Moderate,Female
19,66,Medium,Medium,No,8,83,Medium,Yes,2,Medium,High,Public,Neutral,3,No,High School,Near,Female
24,77,High,High,Yes,9,99,Medium,Yes,1,Low,Medium,Public,Positive,1,No,High School,Near,Male
17,67,Medium,Medium,Yes,6,84,High,Yes,1,High,High,Public,Neutral,3,No,Postgraduate,Moderate,Female
32,75,Low,High,No,5,91,Low,Yes,1,High,Medium,Public,Positive,2,No,College,Moderate,Female
15,65,Medium,High,Yes,6,55,Low,Yes,2,Medium,Medium,Private,Positive,3,No,High School,Near,Female
33,78,Low,Low,No,7,86,Medium,Yes,1,Low,High,Public,Positive,4,No,High School,Near,Male
20,71,High,Medium,Yes,8,60,Low,Yes,0,Medium,Medium,Public,Neutral,2,No,High School,Near,Male
12,74,Low,Medium,No,8,54,Medium,Yes,2,Medium,Medium,Private,Positive,5,No,Postgraduate,Moderate,Female
28,64,Medium,Medium,No,8,78,Low,Yes,2,Medium,Medium,Private,Negative,3,No,Postgraduate,Near,Male
21,77,Medium,Medium,Yes,8,88,Low,Yes,2,High,Medium,Private,Positive,1,No,College,Moderate,Female
25,99,Medium,Medium,Yes,7,77,Medium,Yes,0,High,High,Public,Neutral,3,No,High School,Near,Male
27,73,Low,Low,No,9,97,Medium,Yes,2,Medium,High,Public,Neutral,1,No,High School,Near,Female
22,95,Medium,Medium,No,7,85,Medium,Yes,0,Medium,Medium,Private,Positive,4,No,College,Near,Male
16,94,Low,Low,Yes,8,56,Low,Yes,2,Low,High,Public,Positive,2,No,College,Near,Female
26,98,Medium,Low,Yes,7,97,Medium,Yes,2,Low,Medium,Public,Neutral,2,Yes,Postgraduate,Moderate,Male
20,92,High,Medium,Yes,7,58,Low,Yes,2,Low,Low,Public,Neutral,4,No,Postgraduate,Near,Female
24,86,Medium,Medium,Yes,7,88,Medium,Yes,1,Low,Medium,Public,Neutral,3,No,High School,Far,Male
7,94,Medium,Low,Yes,9,57,High,Yes,2,Medium,Medium,Public,Negative,3,No,Postgraduate,Near,Female
23,63,High,High,No,7,100,Low,Yes,2,Medium,High,Private,Positive,3,No,Postgraduate,Near,Female
16,79,Medium,Medium,Yes,6,67,Low,No,2,Medium,High,Private,Positive,3,No,College,Near,Male
30,100,High,High,No,6,75,Medium,Yes,0,Low,Medium,Public,Neutral,4,No,College,Moderate,Female
24,91,Low,Medium,No,8,73,Medium,Yes,2,Low,High,Private,Positive,2,No,Postgraduate,Moderate,Male
21,98,High,Low,Yes,6,55,Low,Yes,1,Medium,Medium,Public,Positive,3,No,High School,Near,Male
23,91,Medium,High,Yes,7,75,Low,Yes,2,Low,High,Public,Negative,2,No,High School,Far,Male
14,95,High,Medium,No,7,57,Medium,Yes,2,Low,Low,Public,Neutral,2,No,College,Near,Female
30,88,Low,Medium,Yes,6,90,High,Yes,4,High,Medium,Private,Negative,2,No,College,Moderate,Male
32,90,Medium,Medium,Yes,5,98,High,Yes,0,Medium,High,Public,Neutral,3,No,College,Moderate,Male
22,81,Low,Low,No,5,90,Medium,Yes,0,High,Medium,Public,Positive,2,No,College,Moderate,Female
30,97,High,Medium,Yes,6,72,High,Yes,1,Low,High,Public,Positive,2,No,High School,Far,Female
17,93,Medium,Low,Yes,5,50,Low,Yes,3,High,Medium,Public,Positive,2,No,High School,Moderate,Male
15,94,High,Medium,Yes,8,52,Low,Yes,1,Medium,Medium,Private,Positive,2,No,College,Far,Female
20,87,Medium,High,No,10,75,Low,Yes,3,Medium,Medium,Private,Neutral,2,No,College,Near,Female
23,72,Low,High,Yes,6,84,Medium,Yes,1,High,High,Public,Neutral,2,No,High School,Near,Male
18,61,Medium,Low,Yes,6,91,High,Yes,3,Medium,High,Public,Positive,3,No,College,Moderate,Female
23,97,Medium,High,Yes,6,80,Low,Yes,1,Low,Low,Public,Negative,2,No,College,Moderate,Male
22,83,High,Medium,No,8,99,Low,Yes,4,High,High,Public,Negative,4,Yes,High School,Near,Female
14,72,Medium,Low,No,8,75,High,Yes,4,High,Medium,Private,Positive,2,Yes,College,Near,Male
23,66,High,High,Yes,7,80,Medium,Yes,1,Medium,Medium,Public,Positive,3,No,College,Moderate,Female
25,93,Medium,Medium,No,5,62,Medium,Yes,0,Low,Medium,Public,Neutral,3,No,High School,Far,Male
21,93,Medium,Medium,Yes,6,67,Medium,No,1,High,Medium,Public,Positive,3,No,High School,Near,Female
27,93,High,Low,Yes,7,84,Low,Yes,1,Medium,Medium,Private,Neutral,2,No,Postgraduate,Near,Male
13,86,Medium,Medium,No,7,80,Medium,Yes,0,Low,Medium,Private,Negative,5,No,College,Near,Male
23,75,Low,Low,Yes,7,68,Medium,Yes,1,High,Low,Private,Neutral,4,Yes,High School,Near,Male
13,72,Medium,High,No,8,56,Low,Yes,1,Low,High,Public,Positive,4,No,Postgraduate,Moderate,Female
13,60,Low,Medium,No,5,67,High,Yes,1,Low,Medium,Public,Positive,4,Yes,High School,Far,Male
16,93,High,Medium,Yes,7,52,Low,Yes,2,Medium,High,Public,Neutral,3,No,High School,Near,Male
14,63,High,Low,No,7,79,Medium,Yes,1,Low,Medium,Public,Neutral,3,No,High School,Near,Male
17,85,High,High,Yes,6,66,Medium,Yes,0,Medium,High,Public,Neutral,2,No,College,Moderate,Female
19,80,High,Medium,Yes,6,69,Low,Yes,1,Low,Low,Private,Neutral,4,Yes,College,Near,Male
25,81,Medium,Medium,No,8,79,Low,Yes,1,Medium,Medium,Public,Neutral,4,No,College,Near,Female
18,97,Low,High,No,5,79,Low,Yes,2,Low,High,Public,Positive,3,No,College,Moderate,Male
10,61,High,Low,Yes,10,79,Medium,Yes,4,High,High,Public,Positive,2,Yes,College,Moderate,Male
27,91,Medium,Medium,No,8,75,Low,Yes,2,Medium,High,Private,Neutral,3,No,High School,Near,Male
15,62,Medium,Medium,No,7,74,High,Yes,0,Low,High,Public,Negative,3,No,Postgraduate,Moderate,Female
20,62,High,Medium,Yes,7,91,Low,Yes,1,Medium,Low,Public,Negative,3,No,College,Near,Male
23,77,Medium,Low,No,8,73,Medium,Yes,1,Low,Low,Public,Positive,2,No,College,Near,Male
21,63,Low,Medium,Yes,6,77,Low,Yes,3,Medium,High,Public,Negative,1,No,High School,Near,Male
27,92,High,Medium,Yes,6,99,Low,Yes,4,Low,Low,Private,Positive,3,No,High School,Near,Female
23,81,Medium,High,No,9,59,Low,Yes,2,Medium,High,Public,Neutral,2,No,College,Near,Male
15,61,High,Medium,Yes,6,86,High,Yes,2,High,High,Public,Neutral,3,No,High School,Near,Female
33,62,Medium,Medium,No,7,74,Low,Yes,2,Medium,Medium,Public,Neutral,2,No,College,Moderate,Male
21,85,Medium,High,Yes,6,92,Medium,Yes,1,Medium,High,Public,Neutral,2,Yes,High School,Moderate,Male
19,92,Low,Medium,Yes,7,70,Low,Yes,2,High,Medium,Private,Positive,2,No,College,Near,Male
26,78,High,Medium,No,8,65,Medium,Yes,3,Medium,Medium,Public,Positive,3,No,College,Near,Female
21,82,Medium,Medium,Yes,10,60,High,Yes,3,High,High,Public,Positive,4,No,High School,Near,Female
22,92,Medium,Medium,Yes,6,94,Medium,Yes,1,Medium,Medium,Public,Positive,3,No,High School,Near,Male
35,84,Medium,Medium,No,5,86,Medium,Yes,1,Medium,Medium,Public,Neutral,3,No,High School,Near,Female
18,69,Medium,Low,No,7,54,Medium,Yes,1,Low,High,Public,Neutral,4,No,High School,Moderate,Male
18,85,Medium,High,Yes,6,86,High,No,1,Medium,Medium,Private,Neutral,3,No,High School,Near,Female
21,85,Medium,Low,Yes,7,52,Medium,Yes,3,Low,Medium,Private,Neutral,3,No,High School,Near,Male
26,89,Medium,Medium,Yes,8,59,Low,Yes,1,Low,High,Public,Neutral,4,No,High School,Near,Male
11,85,Medium,Low,No,10,80,Low,No,0,Low,High,Public,Positive,3,No,College,Near,Female
8,99,Medium,High,Yes,6,73,Medium,Yes,1,Medium,,Public,Positive,3,No,High School,Far,Female
16,68,Low,Medium,Yes,4,92,Medium,No,1,Medium,Medium,Public,Negative,4,No,College,Near,Male
10,98,Medium,High,No,7,80,Low,Yes,3,Medium,Medium,Private,Neutral,3,No,College,Near,Male
17,82,Medium,Medium,Yes,8,98,Medium,Yes,3,Medium,High,Public,Positive,4,No,High School,Moderate,Male
23,87,Medium,Low,Yes,6,93,Medium,Yes,1,High,High,Private,Positive,4,No,Postgraduate,Near,Female
15,64,High,Medium,Yes,7,67,Medium,Yes,2,Low,High,Public,Positive,3,No,High School,Near,Male
11,75,Low,Medium,No,7,92,Medium,No,2,Low,High,Public,Positive,4,No,College,Moderate,Female
20,91,Medium,Medium,Yes,7,93,High,Yes,1,Low,Medium,Public,Negative,3,No,Postgraduate,Moderate,Male
25,88,Low,Medium,Yes,8,98,Low,No,1,Low,Low,Private,Neutral,4,No,Postgraduate,Near,Male
10,62,High,High,No,7,51,Medium,Yes,1,Medium,High,Private,Positive,2,No,High School,Near,Male
25,82,High,High,No,8,94,Low,Yes,2,Low,Medium,Public,Neutral,3,No,High School,Moderate,Male
25,64,Medium,Medium,Yes,4,53,Low,Yes,1,Medium,Medium,Public,Neutral,2,No,College,Near,Male
26,100,High,High,Yes,6,76,High,Yes,0,Medium,High,Public,Negative,4,No,Postgraduate,Near,Male
27,96,Medium,Medium,Yes,6,71,Medium,Yes,2,Medium,Medium,Public,Neutral,2,No,College,Near,Female
33,61,Low,Low,Yes,5,96,Medium,Yes,2,Medium,,Public,Negative,3,No,High School,Near,Male
18,94,Medium,Medium,Yes,7,70,Medium,No,2,Medium,High,Public,Negative,3,No,College,Near,Female
21,97,Medium,Medium,Yes,6,80,Low,Yes,2,Medium,Medium,Private,Positive,4,No,College,Near,Male
18,74,Medium,Medium,No,6,85,Medium,Yes,4,Medium,Medium,Private,Negative,3,No,College,Moderate,Female
20,89,Medium,Medium,Yes,8,51,Medium,Yes,3,Medium,High,Public,Positive,3,No,Postgraduate,Near,Female
29,78,Medium,High,Yes,7,80,Medium,Yes,2,Medium,Medium,Public,Positive,4,No,Postgraduate,Near,Female
12,86,High,Medium,Yes,5,76,Low,No,2,High,Medium,Public,Positive,3,No,Postgraduate,Near,Female
15,74,Medium,High,No,6,80,Medium,Yes,2,High,Medium,Public,Negative,3,No,Postgraduate,Moderate,Male
28,73,Low,Medium,Yes,8,54,Medium,Yes,4,Medium,Medium,Private,Neutral,1,No,High School,Near,Female
26,77,Medium,Low,No,7,53,High,No,3,Medium,High,Private,Positive,3,No,High School,Near,Female
18,66,Medium,High,Yes,9,59,Medium,No,0,Low,Medium,Private,Positive,3,No,High School,Near,Male
25,93,Low,Medium,No,8,93,Medium,Yes,2,Medium,Medium,Public,Positive,3,No,College,Near,Male
22,74,Low,High,Yes,6,68,Medium,Yes,0,Medium,Low,Public,Positive,4,No,High School,Far,Male
29,76,Medium,Low,Yes,9,72,Medium,Yes,1,High,Medium,Public,Positive,3,No,High School,Near,Male
20,96,Medium,High,No,9,70,Medium,Yes,2,Low,Low,Public,Positive,2,Yes,High School,Near,Male
26,80,High,Medium,Yes,4,86,Medium,No,0,Low,Medium,Public,Positive,4,No,College,Moderate,Male
36,82,Low,Low,Yes,7,63,Medium,Yes,0,Medium,Medium,Private,Positive,3,No,High School,Near,Male
24,98,Low,Medium,Yes,6,53,Medium,Yes,1,Medium,Low,Public,Neutral,2,No,High School,Near,Female
20,95,Medium,High,Yes,7,69,Low,Yes,0,Medium,High,Public,Neutral,3,No,High School,Near,Male
24,67,High,Low,No,6,86,Medium,Yes,6,Low,Medium,Private,Positive,3,Yes,Postgraduate,Moderate,Female
18,79,Medium,High,Yes,6,96,Medium,Yes,3,Medium,Low,Public,Positive,3,Yes,Postgraduate,Near,Male
34,99,Medium,Medium,Yes,8,53,Medium,Yes,0,Medium,High,Public,Neutral,5,No,College,Near,Male
21,75,Low,Medium,Yes,5,91,Medium,Yes,2,Low,Low,Public,Neutral,3,No,High School,Near,Male
18,75,Medium,Low,Yes,7,53,Medium,Yes,0,High,High,Public,Neutral,2,No,High School,Near,Male
15,68,Medium,Medium,Yes,5,67,Medium,Yes,3,Medium,High,Private,Negative,4,No,Postgraduate,Moderate,Male
27,65,Medium,Medium,Yes,9,51,Medium,Yes,2,High,Medium,Private,Positive,2,No,Postgraduate,Moderate,Female
25,90,Medium,Medium,Yes,7,96,Medium,Yes,1,Medium,Medium,Public,Positive,4,No,College,Moderate,Male
17,91,Medium,High,No,8,85,High,Yes,3,Medium,High,Public,Neutral,4,No,College,Moderate,Female
23,99,Low,Medium,Yes,7,68,Medium,Yes,0,High,High,Private,Positive,2,No,High School,Far,Male
11,91,High,Medium,No,7,69,Medium,Yes,2,Low,Medium,Private,Positive,2,No,College,Near,Male
21,70,Medium,Low,No,7,82,High,Yes,0,High,High,Public,Positive,3,No,High School,Near,Female
23,62,High,High,Yes,9,54,Low,Yes,3,Low,Medium,Private,Neutral,4,No,High School,Near,Male
30,99,Medium,Medium,Yes,6,57,Medium,Yes,0,Low,Medium,Public,Neutral,4,No,Postgraduate,Near,Male
15,74,Medium,Medium,Yes,4,92,Low,Yes,1,Medium,Medium,Private,Positive,3,No,Postgraduate,Near,Male
12,72,Low,Medium,Yes,6,60,High,Yes,0,Low,Medium,Public,Neutral,4,No,Postgraduate,Near,Male
15,96,Medium,High,No,5,86,Medium,Yes,2,High,Medium,Private,Positive,2,No,High School,Near,Male
12,83,Medium,High,No,8,61,Medium,Yes,3,High,Medium,Public,Neutral,5,Yes,High School,Near,Male
28,69,High,High,Yes,7,54,Low,No,1,Low,Medium,Public,Neutral,2,No,College,Far,Male
29,96,Medium,High,Yes,8,95,Medium,Yes,0,High,Medium,Private,Positive,2,No,High School,Near,Female
22,100,High,Medium,No,7,95,Medium,Yes,2,Low,Medium,Public,Positive,4,No,College,Near,Male
27,63,Medium,Low,Yes,7,80,High,Yes,1,Medium,High,Private,Neutral,3,No,High School,Moderate,Male
21,94,Medium,Medium,No,7,73,Low,Yes,2,Low,Medium,Private,Positive,3,No,Postgraduate,Near,Female
19,76,High,Low,Yes,9,78,Low,Yes,1,Low,Medium,Public,Negative,1,No,Postgraduate,Near,Female
18,81,Medium,Low,Yes,7,70,High,Yes,0,Low,Medium,Private,Neutral,2,No,College,Near,Male
18,97,Medium,Low,No,9,88,Medium,Yes,0,Low,Medium,Public,Neutral,4,No,High School,Moderate,Female
11,99,Medium,Low,Yes,9,88,Medium,Yes,2,Low,Medium,Public,Neutral,2,No,High School,Moderate,Male
22,70,Medium,Medium,No,7,91,Medium,Yes,2,Medium,Medium,Public,Positive,1,No,High School,Near,Male
20,69,High,Medium,Yes,7,76,High,Yes,1,Medium,Medium,Public,Positive,3,No,High School,Near,Female
24,63,Medium,Medium,No,6,90,Medium,No,2,Low,Medium,Private,Neutral,5,No,Postgraduate,Near,Female
21,82,Low,High,No,9,58,Medium,Yes,0,Medium,Medium,Public,Negative,2,No,High School,Near,Male
19,61,High,Medium,Yes,6,52,Low,No,1,Low,Medium,Public,Neutral,3,No,High School,Far,Female
15,76,High,High,Yes,6,82,Medium,Yes,4,Low,High,Private,Positive,4,No,High School,Moderate,Female
20,63,Medium,Medium,No,7,55,High,Yes,2,Low,High,Public,Negative,3,No,High School,Near,Male
24,76,Low,Medium,No,5,78,High,Yes,1,Medium,Medium,Private,Neutral,4,Yes,High School,Moderate,Male
13,62,Medium,Low,No,6,86,High,Yes,2,Low,Medium,Public,Neutral,4,No,High School,Near,Male
21,93,Low,Medium,No,9,70,Medium,Yes,0,Medium,High,Public,Neutral,1,No,Postgraduate,Far,Female
21,68,Medium,High,Yes,8,52,Medium,Yes,3,Low,Medium,Public,Neutral,2,No,College,Moderate,Male
16,73,Low,Low,No,6,94,Medium,No,1,Low,Medium,Private,Negative,2,No,College,,Female
16,95,Medium,High,Yes,8,52,Medium,Yes,0,Low,Medium,Private,Positive,3,No,Postgraduate,Moderate,Male
21,90,Low,Medium,Yes,10,95,High,Yes,2,High,High,Private,Neutral,4,No,College,Near,Male
13,69,Medium,Low,Yes,7,53,High,No,2,Medium,Medium,Private,Negative,3,Yes,High School,Near,Female
22,63,Medium,Medium,No,9,87,Low,Yes,0,High,High,Public,Negative,2,No,College,Moderate,Female
15,89,Medium,Medium,Yes,8,96,High,Yes,3,Low,High,Public,Negative,3,No,High School,Near,Male
26,76,Low,Low,No,7,95,High,Yes,1,Low,High,Public,Neutral,1,No,Postgraduate,Near,Male
34,91,Low,Medium,No,7,95,Medium,No,1,Medium,Medium,Public,Negative,3,Yes,College,Moderate,Male
15,78,Medium,High,No,8,94,High,Yes,0,Low,Medium,Private,Positive,4,No,Postgraduate,Moderate,Male
23,74,Medium,Medium,Yes,6,76,Medium,No,1,Low,Medium,Public,Positive,2,No,College,Near,Male
16,78,Medium,Medium,Yes,4,78,Medium,Yes,5,High,Medium,Public,Positive,3,No,High School,Near,Female
26,90,Low,High,Yes,6,81,Medium,Yes,1,Low,Medium,Private,Neutral,3,No,Postgraduate,Near,Male
12,96,High,Medium,No,4,95,Medium,Yes,3,Medium,Medium,Private,Neutral,0,Yes,High School,Near,Male
23,62,High,Medium,Yes,6,92,Low,Yes,0,High,Medium,Public,Neutral,2,No,,Moderate,Male
15,81,Medium,Medium,No,4,89,High,Yes,0,Low,Medium,Private,Negative,3,No,Postgraduate,Near,Female
19,61,Medium,High,Yes,8,84,High,Yes,2,Medium,High,Public,Positive,4,No,High School,Near,Male
14,79,High,Medium,No,5,81,High,Yes,3,High,Medium,Public,Negative,3,No,High School,Near,Female
25,95,High,Medium,Yes,8,96,Low,Yes,1,Medium,Medium,Public,Neutral,4,No,Postgraduate,Near,Male
15,74,High,High,No,8,60,Low,Yes,3,Low,Medium,Public,Positive,5,No,High School,Moderate,Male
23,97,Medium,High,Yes,8,60,Medium,Yes,1,Medium,High,Public,Neutral,3,No,College,Near,Male
18,85,High,Low,Yes,4,99,High,Yes,0,Low,Medium,Private,Neutral,4,No,College,Near,Male
19,97,Low,High,No,9,78,Medium,Yes,0,Medium,Medium,Private,Negative,4,No,High School,Moderate,Female
21,90,Medium,High,Yes,8,74,Medium,Yes,4,Low,Medium,Private,Neutral,3,No,High School,Near,Male
15,64,Medium,Medium,No,8,93,Medium,Yes,0,Low,Medium,Public,Negative,2,No,High School,Near,Female
21,69,Medium,Medium,Yes,10,92,Low,Yes,2,Low,Medium,Private,Neutral,3,No,High School,Near,Male
29,76,Medium,High,Yes,8,59,Medium,Yes,4,Low,High,Public,Neutral,2,No,Postgraduate,Near,Male
15,67,Low,Medium,Yes,5,59,Low,Yes,0,Low,Medium,Private,Neutral,3,No,High School,Near,Male
27,80,High,Medium,No,8,90,Low,Yes,1,Medium,High,Public,Neutral,3,No,Postgraduate,Near,Female
29,79,Medium,High,No,5,89,Medium,Yes,0,High,High,Public,Neutral,3,No,Postgraduate,Near,Female
15,98,High,High,Yes,7,61,Medium,Yes,1,Low,High,Private,Positive,3,No,College,Moderate,Female
11,77,Low,Low,Yes,6,92,Low,Yes,0,Low,Medium,Public,Neutral,5,No,High School,Near,Male
22,91,Medium,Medium,No,7,74,Medium,Yes,1,Medium,Medium,Private,Negative,2,Yes,College,Moderate,Female
17,98,Medium,Medium,No,5,73,Low,Yes,0,Low,High,Public,Negative,2,No,College,Moderate,Male
31,95,Medium,Medium,No,5,99,Medium,Yes,1,Medium,Medium,Private,Neutral,4,No,High School,Near,Female
20,68,High,High,No,6,76,Low,Yes,2,Medium,Medium,Public,Neutral,3,No,High School,Near,Female
15,80,Medium,Medium,Yes,7,57,Low,Yes,1,Low,Medium,Private,Negative,4,No,High School,Near,Male
13,74,Medium,Medium,No,6,64,Low,Yes,4,High,High,Private,Neutral,3,Yes,High School,Near,Male
27,76,High,High,No,9,67,Medium,Yes,1,Low,Medium,Public,Positive,4,No,High School,Far,Female
17,74,Medium,Low,Yes,8,98,Low,Yes,1,High,High,Public,Neutral,3,No,High School,Near,Female
20,93,Medium,Low,No,8,63,Medium,Yes,0,Low,High,Public,Negative,3,No,High School,Moderate,Male
26,78,Medium,Medium,No,6,72,Medium,Yes,1,Low,,Private,Neutral,3,No,High School,Moderate,Female
17,81,Medium,Medium,No,5,87,High,Yes,0,Low,High,Private,Neutral,2,No,College,Near,Female
20,99,Medium,Low,Yes,7,64,High,Yes,0,Medium,Medium,Public,Positive,4,No,High School,Near,Male
20,62,Low,Medium,Yes,10,85,High,Yes,5,Low,Medium,Private,Neutral,4,No,High School,Near,Male
24,80,Medium,Medium,Yes,7,60,Medium,Yes,1,High,High,Public,Positive,3,No,High School,Moderate,Female
24,91,Medium,High,Yes,9,62,Low,Yes,3,Low,Medium,Public,Negative,4,No,College,Moderate,Male
19,66,High,Low,No,9,99,Medium,Yes,1,Medium,Medium,Public,Positive,3,No,College,Near,Male
20,84,High,Medium,Yes,8,68,Medium,Yes,0,Low,Medium,Private,Positive,4,No,Postgraduate,Near,Male
18,70,Medium,Medium,No,7,86,Medium,Yes,1,High,Medium,Public,Positive,2,No,High School,Near,Female
11,95,Medium,Medium,Yes,6,92,Medium,No,2,Medium,Low,Public,Neutral,3,No,Postgraduate,Moderate,Female
22,73,Low,Medium,Yes,7,67,Medium,Yes,3,High,Medium,Private,Positive,2,No,High School,Far,Male
31,73,Medium,High,Yes,6,68,High,Yes,1,Medium,Medium,Public,Positive,3,No,High School,Near,Female
15,84,Low,Low,Yes,7,89,High,Yes,1,Low,High,Public,Neutral,3,No,High School,Near,Female
15,67,High,Medium,Yes,5,80,High,Yes,3,Medium,High,Public,Neutral,4,No,College,Near,Male
15,71,High,Low,No,6,68,Low,No,5,Low,Medium,Public,Positive,4,No,College,Near,Female
24,77,Medium,Medium,No,8,87,High,Yes,2,Low,Medium,Public,Positive,1,Yes,Postgraduate,Moderate,Female
23,74,Medium,High,Yes,6,93,Medium,Yes,4,High,Medium,Private,Neutral,3,No,High School,Near,Female
19,81,Low,High,Yes,6,62,Medium,No,1,Medium,Low,Public,Negative,3,No,High School,Moderate,Female
14,84,High,Medium,No,6,51,Low,Yes,4,High,Medium,Public,Neutral,3,No,High School,Near,Male
21,83,High,High,No,7,64,Medium,Yes,2,Medium,Low,Private,Neutral,2,No,High School,Near,Male
11,86,Medium,Medium,Yes,4,84,Medium,Yes,5,Low,High,Public,Neutral,4,Yes,High School,Near,Male
21,72,Medium,Low,Yes,6,96,Low,Yes,4,High,Medium,Public,Positive,2,Yes,College,Moderate,Female
25,65,Medium,High,Yes,8,93,Low,No,2,Medium,Medium,Public,Negative,3,No,College,Moderate,Female
12,90,Medium,Low,Yes,7,61,Medium,Yes,2,Low,High,Private,Positive,2,No,High School,Near,Male
11,94,Low,Low,Yes,8,94,Medium,Yes,2,Low,Medium,Public,Positive,2,No,College,Near,Male
29,70,Medium,Medium,Yes,4,91,Low,Yes,2,Low,Medium,Public,Positive,3,No,College,Near,Male
16,76,Low,Medium,No,6,87,Medium,Yes,3,Low,Medium,Private,Neutral,4,No,College,Near,Female
27,80,Low,Low,Yes,7,84,Low,Yes,4,Low,Medium,Public,Positive,3,No,College,Moderate,Male
19,81,Low,High,No,8,90,Medium,Yes,2,Low,Medium,Private,Neutral,3,No,High School,Near,Female
19,86,Medium,Medium,Yes,9,93,Low,Yes,1,Low,High,Public,Positive,3,No,College,Near,Male
23,62,Medium,Medium,No,8,91,High,No,3,High,Low,Public,Neutral,3,No,High School,Moderate,Male
15,89,Medium,Medium,No,6,56,Low,Yes,2,Medium,Medium,Public,Positive,4,No,College,Near,Male
21,62,High,Medium,No,6,86,Medium,Yes,2,Medium,High,Private,Positive,4,No,High School,Near,Female
18,79,Medium,High,No,9,92,Low,Yes,1,Low,Medium,Private,Neutral,3,No,College,Near,Male
12,93,Medium,High,No,6,59,Medium,Yes,2,Low,Medium,Private,Positive,3,No,High School,Moderate,Female
22,78,Medium,High,Yes,5,61,Low,Yes,2,Low,Medium,Public,Neutral,4,No,College,Near,Male
18,66,Medium,Medium,Yes,7,89,High,Yes,4,Low,Medium,Public,Positive,3,Yes,High School,Near,Male
19,99,Low,High,No,9,67,Low,Yes,3,High,Medium,Public,Neutral,1,No,College,Moderate,Male
13,96,Medium,Medium,No,6,70,Medium,Yes,1,Low,High,Public,Neutral,3,No,College,Near,Female
30,91,High,Low,Yes,6,69,Medium,Yes,2,Medium,High,Public,Negative,4,No,High School,Moderate,Female
25,76,Medium,High,No,6,61,Medium,Yes,1,Medium,Medium,Public,Neutral,3,No,Postgraduate,Far,Male
26,67,High,Low,Yes,8,97,Medium,Yes,2,Medium,Medium,Public,Neutral,0,No,High School,Moderate,Female
18,98,Low,Low,Yes,7,90,Low,Yes,0,High,High,Private,Positive,1,No,High School,Moderate,Male
10,81,Medium,High,No,8,63,Medium,Yes,1,Low,Low,Public,Neutral,2,No,,Near,Male
32,94,Medium,High,Yes,9,55,High,Yes,4,Medium,Medium,Private,Positive,2,Yes,High School,Near,Male
20,74,High,Low,Yes,5,69,High,Yes,1,Medium,Medium,Public,Positive,4,No,College,Moderate,Female
16,73,High,High,Yes,6,71,Medium,Yes,0,Low,Medium,Public,Positive,4,No,Postgraduate,Near,Male
23,99,High,High,No,6,50,Medium,No,1,High,Medium,Private,Neutral,5,Yes,High School,Near,Male
27,81,Low,High,No,7,94,Low,Yes,0,Low,Medium,Public,Neutral,4,No,College,Moderate,Male
20,66,Medium,Medium,Yes,8,93,Medium,Yes,2,Low,High,Public,Neutral,3,No,High School,Near,Male
28,69,Low,High,Yes,6,93,Low,Yes,0,High,Low,Public,Negative,3,No,College,Near,Male
26,79,Low,High,Yes,6,90,Low,No,0,High,Medium,Private,Negative,2,Yes,College,Moderate,Male
14,62,Low,Medium,No,8,87,Medium,Yes,1,Medium,Medium,Public,Positive,1,No,High School,Moderate,Male
16,79,Medium,Medium,No,8,82,Low,Yes,2,Low,Medium,Private,Neutral,3,Yes,Postgraduate,Moderate,Female
26,77,Medium,Medium,Yes,7,98,Low,Yes,0,High,Medium,Public,Neutral,1,No,Postgraduate,,Male
4,91,Medium,Medium,No,4,86,Low,Yes,3,Low,Medium,Private,Neutral,4,Yes,College,Moderate,Male
19,74,Medium,High,No,9,82,High,Yes,2,Low,Medium,Private,Neutral,3,No,High School,Moderate,Male
11,99,High,Medium,Yes,7,89,High,Yes,3,Low,Medium,Public,Positive,3,No,College,Near,Male
17,67,Low,Low,Yes,7,62,Medium,Yes,0,Low,Medium,Public,Positive,4,No,High School,Moderate,Female
18,84,Low,High,Yes,6,98,Low,Yes,3,Medium,Medium,Public,Positive,3,No,High School,Near,Male
18,64,Medium,Medium,Yes,6,51,Medium,Yes,2,Low,Medium,Public,Positive,1,No,High School,Near,Female
17,89,Medium,Medium,Yes,6,82,Medium,Yes,3,Medium,Medium,Private,Positive,3,No,College,Near,Female
13,100,Low,Low,Yes,4,54,Low,Yes,3,Low,Low,Public,Positive,2,No,High School,Near,Female
34,93,High,Medium,Yes,6,93,High,Yes,2,Low,High,Public,Neutral,4,No,High School,Near,Male
31,82,Medium,High,Yes,5,98,Medium,Yes,0,Low,Low,Public,Neutral,3,No,High School,Near,Male
13,79,Medium,High,No,7,70,High,Yes,4,Low,Medium,Public,Positive,3,Yes,High School,Near,Female
29,93,Medium,Medium,No,5,93,Medium,Yes,2,Low,Medium,Public,Positive,3,No,Postgraduate,Near,Female
18,97,Medium,High,No,8,67,Medium,Yes,1,Medium,High,Public,Neutral,3,No,High School,Near,Male
21,100,Medium,Medium,No,5,58,Medium,Yes,2,Medium,Medium,Private,Neutral,2,No,High School,Moderate,Male
20,76,Medium,Medium,No,9,64,Low,Yes,2,Low,Medium,Public,Negative,2,No,College,Moderate,Male
16,100,Medium,Medium,Yes,8,65,High,Yes,1,High,Medium,Public,Positive,2,Yes,College,Moderate,Female
26,66,High,High,Yes,5,82,Medium,Yes,1,Low,Medium,Public,Neutral,3,No,High School,Near,Female
21,70,Medium,Low,Yes,7,90,Medium,No,1,Low,Medium,Public,Neutral,4,No,High School,Moderate,Male
17,64,Medium,Medium,Yes,6,60,Medium,Yes,1,Medium,Medium,Private,Positive,2,Yes,High School,Near,Male
12,71,Medium,Medium,No,8,54,Medium,Yes,0,Low,Low,Public,Positive,5,No,College,Near,Male
15,91,Medium,Low,Yes,10,61,Medium,Yes,0,Low,High,Public,Neutral,4,No,High School,Moderate,Male
10,94,Medium,High,No,9,65,Medium,Yes,3,Low,Low,Private,Negative,2,No,High School,Moderate,Female
20,91,High,Medium,Yes,6,64,High,Yes,0,High,Medium,Private,Positive,3,Yes,High School,Moderate,Female
13,85,High,High,Yes,7,61,High,Yes,3,Medium,High,Public,Positive,2,No,High School,Moderate,Female
18,81,Low,Medium,No,9,73,Medium,Yes,1,High,Medium,Public,Negative,2,No,High School,Near,Male
28,88,Low,High,Yes,8,93,Medium,Yes,3,Low,Medium,Public,Negative,1,No,Postgraduate,Moderate,Female
27,76,High,High,Yes,9,55,Medium,Yes,3,Low,Medium,Private,Neutral,0,No,High School,Moderate,Female
20,94,High,Medium,Yes,8,93,Low,Yes,1,Medium,Medium,Public,Neutral,3,No,College,Moderate,Female
19,87,Medium,Medium,Yes,7,75,Medium,Yes,2,Low,Low,Public,Negative,3,No,High School,Moderate,Female
31,88,Medium,High,No,7,83,Medium,Yes,0,Low,Medium,Private,Neutral,2,No,High School,Near,Male
23,81,High,High,No,5,91,Low,Yes,0,High,High,Public,Positive,3,Yes,High School,Near,Female
18,95,Low,Medium,Yes,6,65,High,Yes,1,Low,High,Public,Negative,3,No,High School,Near,Female
11,70,Medium,Medium,No,6,98,Medium,Yes,3,High,Medium,Private,Neutral,4,No,Postgraduate,Near,Female
22,75,Medium,High,No,6,54,Low,Yes,4,Low,High,Public,Positive,4,No,High School,Near,Male
25,91,High,Low,Yes,7,76,Low,Yes,1,Low,High,Private,Positive,3,No,College,Near,Female
16,80,Low,Medium,Yes,7,63,High,Yes,2,Low,Medium,Private,Neutral,3,No,,Far,Male
22,96,Medium,High,No,7,70,Medium,No,2,Medium,Medium,Private,Negative,4,No,College,Moderate,Male
18,74,Medium,High,No,8,72,High,Yes,1,Low,High,Public,Negative,2,No,College,Moderate,Male
19,75,High,High,Yes,6,96,Medium,Yes,2,Medium,Medium,Public,Positive,4,No,High School,Near,Female
5,96,Medium,Low,Yes,8,72,Low,Yes,3,Medium,Medium,Public,Negative,5,No,High School,Near,Male
19,79,High,High,Yes,9,85,Medium,Yes,0,Medium,Medium,Public,Positive,2,No,High School,Moderate,Male
26,81,High,Medium,Yes,8,98,Low,Yes,1,Medium,Low,Private,Neutral,2,Yes,High School,Near,Female
16,73,Medium,Medium,Yes,6,75,High,Yes,3,Medium,Medium,Public,Positive,3,No,High School,Moderate,Female
20,71,Low,Medium,No,8,70,Medium,Yes,0,Medium,High,Private,Neutral,3,No,High School,Far,Female
15,86,Medium,High,No,8,99,High,Yes,2,Medium,Medium,Public,Neutral,5,No,High School,Near,Male
22,65,High,Low,No,8,91,Medium,Yes,2,High,Medium,Public,Negative,2,No,College,Moderate,Female
19,95,Low,High,Yes,9,97,Low,Yes,0,Medium,Medium,Public,Neutral,2,No,Postgraduate,Near,Male
14,91,Medium,High,Yes,8,70,Medium,Yes,2,Low,Medium,Private,Neutral,0,No,Postgraduate,Moderate,Male
28,68,Low,Low,Yes,9,85,Medium,Yes,0,Medium,Medium,Public,Negative,3,No,Postgraduate,Near,Male
26,88,Low,High,Yes,7,62,High,No,1,High,High,Private,Positive,2,No,High School,Near,Female
16,84,Medium,High,Yes,6,93,Medium,Yes,0,High,Medium,Public,Positive,3,No,High School,Moderate,Male
23,67,Medium,Low,Yes,9,97,Medium,Yes,1,Medium,Medium,Private,Positive,3,No,College,Moderate,Male
23,71,Medium,Medium,Yes,6,63,Low,Yes,1,Low,High,Public,Positive,5,No,,Moderate,Male
24,76,High,Medium,No,10,55,Low,Yes,2,Low,Medium,Public,Positive,4,No,High School,Near,Male
10,88,Low,Medium,No,9,60,Medium,Yes,1,Low,Medium,Public,Positive,3,No,High School,Moderate,Female
26,86,Low,High,Yes,7,82,Medium,Yes,2,Low,Medium,Private,Positive,3,No,High School,Moderate,Female
17,81,High,Medium,No,9,64,Medium,Yes,0,High,Medium,Public,Positive,3,Yes,High School,Far,Male
18,91,Medium,High,No,8,82,Medium,Yes,3,Medium,Medium,Private,Positive,2,No,High School,Moderate,Male
36,90,Medium,High,Yes,5,68,Low,Yes,1,Low,High,Public,Positive,2,No,High School,Moderate,Male
22,85,High,Medium,Yes,6,96,Medium,Yes,0,Low,Medium,Public,Neutral,3,No,,Moderate,Female
18,91,High,Medium,No,7,73,Low,Yes,0,Low,Medium,Public,Negative,4,No,College,Near,Male
7,73,Medium,Medium,Yes,7,75,Medium,Yes,1,High,High,Private,Positive,3,No,College,Near,Male
28,95,High,Medium,No,9,67,Low,Yes,2,Medium,Medium,Public,Neutral,3,No,High School,Near,Male
12,85,Medium,Medium,Yes,7,54,Medium,Yes,4,Low,High,Public,Positive,3,No,College,Moderate,Male
14,93,Medium,Low,Yes,5,75,Low,Yes,0,Medium,High,Public,Negative,3,No,High School,Moderate,Male
18,82,High,Low,Yes,6,89,High,Yes,0,Medium,Medium,Private,Positive,1,Yes,College,Moderate,Male
28,69,Medium,Low,No,8,98,Medium,Yes,0,Medium,Medium,Public,Positive,5,No,High School,Near,Male
25,82,Medium,High,No,4,54,Medium,Yes,0,Medium,Medium,Public,Neutral,3,No,High School,Near,Male
19,75,Medium,Medium,Yes,5,90,High,Yes,0,Medium,,Private,Negative,3,No,Postgraduate,Near,Female
22,88,Medium,Low,Yes,6,63,Low,Yes,3,Low,Medium,Public,Positive,3,No,Postgraduate,Near,Male
16,79,Medium,Medium,Yes,8,91,Medium,Yes,4,High,Medium,Private,Positive,1,No,Postgraduate,Near,Male
21,93,Medium,Low,No,7,67,High,Yes,2,Low,Medium,Public,Neutral,3,No,College,Far,Female
20,87,Low,Low,No,8,56,Medium,No,1,High,Medium,Public,Negative,1,No,College,Near,Female
26,87,Medium,Medium,Yes,7,81,Medium,Yes,1,High,Medium,Public,Negative,2,No,High School,Near,Male
26,69,Medium,Medium,No,7,95,Medium,Yes,1,Low,Medium,Public,Negative,4,No,Postgraduate,Near,Female
23,99,Low,Low,No,6,59,Medium,Yes,1,Medium,Medium,Public,Positive,3,No,High School,Far,Male
18,94,Medium,Medium,Yes,8,51,Medium,Yes,0,High,Medium,Public,Positive,3,Yes,College,Moderate,Female
24,92,High,Medium,Yes,5,94,Low,Yes,1,Medium,Medium,Public,Neutral,2,No,Postgraduate,Near,Female
19,73,Medium,Medium,Yes,7,85,Medium,Yes,1,Medium,Medium,Public,Neutral,3,No,High School,Far,Male
14,81,Medium,High,No,9,90,Medium,Yes,3,High,High,Public,Neutral,3,No,Postgraduate,Near,Male
18,65,Medium,Medium,Yes,6,53,Medium,Yes,1,Medium,Medium,Private,Positive,3,Yes,Postgraduate,Near,Male
21,82,Medium,Medium,No,5,95,Medium,Yes,3,Low,Low,Public,Positive,4,No,High School,Near,Female
25,66,Medium,High,No,4,71,High,Yes,0,Medium,Medium,Public,Negative,3,Yes,High School,Near,Female
19,82,Low,High,No,8,95,Medium,Yes,2,Low,High,Public,Neutral,4,Yes,Postgraduate,Moderate,Female
13,86,Medium,High,Yes,8,53,Medium,Yes,2,Low,High,Public,Positive,4,No,High School,Far,Male
20,76,Medium,Medium,No,6,94,Low,Yes,2,Low,High,Public,Neutral,3,Yes,High School,Moderate,Male
21,80,Medium,Medium,Yes,5,84,Low,Yes,4,Low,Medium,Private,Neutral,2,No,Postgraduate,Near,Female
21,95,Low,Medium,No,7,78,High,Yes,2,Low,High,Public,Neutral,2,Yes,High School,Near,Male
26,64,Low,High,Yes,9,53,Medium,No,2,Low,High,Public,Negative,4,No,College,Near,Male
26,92,High,High,No,5,84,High,Yes,0,Medium,High,Public,Neutral,2,No,Postgraduate,Near,Male
16,67,High,Medium,No,9,80,Medium,Yes,1,Low,High,Public,Neutral,3,No,High School,Near,Female
16,61,Medium,Low,No,4,86,Medium,Yes,3,Medium,High,Public,Positive,4,No,High School,Near,Female
14,67,High,Medium,Yes,5,86,Medium,No,0,High,Medium,Public,Positive,4,No,College,Moderate,Female
24,91,Medium,Medium,Yes,7,72,Medium,Yes,3,Medium,High,Public,Neutral,3,No,High School,Moderate,Male
29,76,Low,High,Yes,8,60,Medium,Yes,2,Medium,Medium,Public,Negative,3,No,High School,Near,Female
18,95,Medium,Medium,Yes,9,96,Low,Yes,4,Medium,Medium,Public,Negative,4,No,College,Near,Female
19,81,Medium,Low,Yes,8,96,High,Yes,1,Low,Medium,Private,Negative,4,No,Postgraduate,Near,Male
29,61,Medium,High,No,9,61,Medium,Yes,0,Low,Medium,Private,Negative,3,No,High School,Near,Male
23,89,Medium,Low,No,7,82,Medium,Yes,2,High,High,Public,Positive,1,No,College,Near,Male
23,64,High,Medium,Yes,6,60,Low,Yes,2,Medium,Medium,Public,Negative,3,No,College,Near,Female
13,92,High,Medium,No,9,93,High,Yes,2,High,Medium,Public,Negative,2,No,College,Moderate,Male
24,67,High,Medium,No,9,55,High,Yes,2,Low,Low,Public,Positive,2,No,College,Moderate,Male
14,74,High,Medium,No,8,100,Medium,Yes,1,Low,Medium,Public,Neutral,3,No,College,Near,Male
13,90,High,Medium,No,8,81,Medium,Yes,0,Medium,Medium,Public,Positive,3,No,High School,Moderate,Female
18,98,Medium,Low,No,9,51,Medium,Yes,1,High,Medium,Public,Neutral,4,No,College,Near,Male
16,75,Medium,Medium,Yes,8,94,Medium,Yes,0,Medium,Medium,Private,Positive,3,No,High School,Moderate,Male
19,93,Medium,Medium,No,7,84,High,No,0,Medium,Low,Public,Neutral,2,No,College,Near,Male
11,68,Medium,High,Yes,8,85,High,No,2,Medium,Medium,Public,Negative,2,No,College,Near,Male
26,92,Medium,Medium,No,8,64,Medium,Yes,1,Medium,Medium,Private,Positive,5,No,High School,Near,Male
27,86,High,Medium,No,8,67,Medium,Yes,1,Low,Medium,Public,Positive,4,No,College,Near,Male
8,68,High,Medium,Yes,7,96,Medium,Yes,2,Low,High,Public,Positive,3,No,Postgraduate,Near,Female
26,72,Medium,Low,No,8,82,Medium,Yes,2,Medium,Low,Public,Negative,2,No,Postgraduate,Far,Female
15,65,Medium,Low,Yes,8,51,Medium,Yes,1,High,Medium,Public,Positive,3,No,High School,Moderate,Female
25,75,High,High,Yes,7,66,Low,Yes,0,Low,High,Public,Negative,4,No,High School,Near,Male
20,68,Low,Medium,Yes,6,80,Low,Yes,4,Low,Medium,Private,Neutral,4,No,College,Near,Female
20,86,Low,Medium,No,9,57,Medium,Yes,0,Medium,High,Public,Positive,4,No,High School,Moderate,Male
19,100,High,Low,Yes,5,55,Low,Yes,2,Low,Medium,Public,Positive,4,No,High School,Moderate,Male
27,60,High,High,No,6,53,Low,Yes,3,Low,Low,Private,Positive,2,No,High School,Moderate,Female
13,82,Medium,High,No,7,82,Medium,Yes,1,Low,Low,Public,Positive,3,No,High School,Near,Female
24,83,High,Medium,No,4,66,High,Yes,2,Medium,High,Private,Positive,4,Yes,Postgraduate,Moderate,Male
27,97,Medium,Medium,No,9,69,Medium,Yes,1,Low,Medium,Private,Neutral,2,No,High School,Moderate,Female
24,80,Medium,Medium,Yes,7,53,Medium,Yes,2,Low,Medium,Public,Positive,4,Yes,High School,Near,Female
34,82,Medium,High,Yes,9,87,High,Yes,3,Low,Medium,Public,Positive,4,No,High School,Near,Female
17,79,Low,Low,Yes,10,88,Low,Yes,3,Medium,High,Private,Neutral,3,No,High School,Moderate,Female
26,71,Medium,Medium,Yes,7,91,Medium,No,2,Low,Medium,Private,Neutral,3,No,High School,Moderate,Female
19,62,High,Medium,Yes,9,83,High,Yes,2,Medium,Medium,Public,Positive,3,No,College,,Male
27,76,Low,Medium,Yes,5,89,Low,Yes,0,Low,,Private,Positive,4,No,Postgraduate,Far,Male
20,62,Low,Medium,No,8,79,High,Yes,2,Low,Medium,Public,Positive,1,No,High School,Near,Female
18,82,Medium,Medium,Yes,6,75,Medium,Yes,0,Low,Medium,Private,Negative,4,No,College,Near,Male
28,72,Low,High,No,8,63,Low,Yes,1,Low,High,Public,Neutral,2,No,,Near,Male
17,81,High,Low,Yes,8,53,High,Yes,0,Medium,Medium,Public,Neutral,2,No,High School,Far,Male
12,65,Low,Medium,No,7,65,Medium,Yes,2,Medium,Medium,Public,Neutral,2,No,High School,Near,Male
17,97,Medium,Medium,Yes,8,84,Medium,No,3,Low,Low,Private,Neutral,3,No,Postgraduate,Near,Female
24,96,Medium,Medium,No,8,96,Medium,Yes,2,Low,Low,Public,Positive,3,No,College,Near,Female
28,68,High,Medium,Yes,7,63,Medium,Yes,0,Low,High,Public,Negative,2,No,College,Near,Male
21,74,Medium,High,Yes,10,83,Low,Yes,1,High,Medium,Public,Neutral,3,No,High School,Moderate,Female
28,85,Medium,Medium,Yes,7,74,Medium,Yes,1,Medium,High,Public,Positive,3,No,Postgraduate,Near,Female
12,64,High,High,Yes,9,81,Medium,No,1,High,High,Public,Neutral,3,No,High School,Moderate,Male
17,74,Low,Medium,No,9,50,Medium,Yes,0,Low,High,Public,Negative,2,No,High School,Far,Female
18,70,Medium,Medium,Yes,4,56,Medium,Yes,1,High,High,Public,Neutral,4,No,High School,Near,Male
19,97,High,Medium,Yes,9,61,High,Yes,2,Medium,High,Public,Neutral,1,No,Postgraduate,Moderate,Male
21,94,Medium,High,No,9,95,Low,Yes,0,Medium,High,Private,Negative,3,No,High School,Near,Male
24,83,High,Medium,Yes,7,52,High,Yes,1,Medium,High,Public,Positive,4,No,College,Near,Female
17,81,Low,Medium,Yes,8,78,Low,Yes,1,Low,High,Private,Positive,4,No,College,Moderate,Male
21,97,Low,Medium,Yes,8,96,High,Yes,2,Low,High,Public,Positive,4,No,College,Moderate,Female
20,97,Low,Medium,Yes,9,83,High,Yes,3,Medium,High,Public,Positive,3,No,Postgraduate,Near,Female
14,99,High,Medium,Yes,6,74,Medium,Yes,2,Medium,Medium,Public,Neutral,3,No,College,Near,Male
19,65,High,Low,No,9,69,Medium,Yes,4,Low,High,Public,Neutral,2,No,College,Far,Male
19,66,Medium,High,Yes,5,81,Medium,Yes,1,High,Medium,Private,Positive,3,No,College,Moderate,Male
19,87,Medium,Medium,No,4,74,High,Yes,1,High,Medium,Public,Positive,3,No,College,Near,Male
20,82,Low,Medium,No,8,85,Low,Yes,1,Medium,High,Private,Neutral,3,Yes,Postgraduate,Near,Female
20,61,Medium,High,No,9,81,Medium,Yes,0,High,High,Public,Neutral,2,Yes,High School,Near,Male
17,62,Medium,Medium,Yes,7,78,Medium,Yes,0,Medium,High,Public,Negative,3,No,High School,Near,Male
28,96,High,Low,Yes,4,98,High,Yes,1,High,High,Public,Positive,3,No,High School,Near,Male
13,95,High,High,Yes,5,92,Low,Yes,1,Medium,Medium,Private,Positive,2,No,College,Near,Female
16,74,High,Medium,No,8,80,Medium,Yes,0,Low,Medium,Public,Positive,4,No,Postgraduate,Near,Female
37,96,Medium,Medium,No,7,77,Medium,Yes,2,Medium,Medium,Public,Positive,3,No,High School,Moderate,Female
14,84,High,Medium,Yes,9,86,High,Yes,1,Low,Medium,Private,Positive,4,No,High School,Near,Female
12,92,High,Medium,No,7,90,Medium,Yes,2,Medium,High,Public,Negative,5,No,High School,Near,Male
24,77,Medium,Low,Yes,6,65,High,Yes,2,Medium,High,Private,Positive,3,No,High School,Near,Male
8,65,Medium,Medium,No,7,83,Low,Yes,3,Medium,Medium,Public,Negative,4,No,High School,Near,Female
19,77,Medium,Low,No,9,57,Low,Yes,4,Medium,Medium,Public,Neutral,3,Yes,High School,Near,Female
33,78,Medium,Medium,No,9,72,Medium,Yes,4,Medium,Medium,Public,Positive,3,No,High School,Moderate,Male
11,82,High,High,No,7,97,Low,Yes,2,High,Medium,Public,Positive,3,No,College,Near,Male
8,64,Medium,Medium,Yes,7,66,Medium,Yes,1,Low,Medium,Private,Positive,3,No,College,Near,Male
11,100,High,High,Yes,8,58,High,Yes,1,Low,Medium,Private,Positive,3,No,College,Near,Female
25,70,Low,Medium,Yes,6,57,Medium,Yes,4,Medium,Medium,Private,Neutral,3,No,High School,Near,Male
27,68,High,Medium,No,8,70,High,Yes,0,Medium,Medium,Private,Positive,3,No,Postgraduate,Near,Male
17,81,High,Low,No,7,61,Medium,Yes,2,High,Medium,Public,Positive,2,No,College,Near,Female
24,81,Medium,Medium,Yes,7,71,High,Yes,1,Medium,High,Public,Neutral,3,No,College,Near,Male
28,78,High,Medium,Yes,7,86,Low,Yes,0,Low,High,Public,Neutral,2,No,College,Moderate,Male
31,91,Medium,High,Yes,7,94,High,Yes,2,High,High,Public,Negative,3,No,High School,Far,Male
19,81,Medium,Low,Yes,10,56,Low,Yes,1,Medium,High,Public,Positive,3,No,High School,Near,Male
6,84,Medium,Medium,Yes,6,88,Medium,Yes,1,Low,Medium,Private,Positive,5,No,Postgraduate,Moderate,Male
15,89,Medium,Low,No,6,55,Medium,Yes,1,Medium,Medium,Public,Positive,4,No,Postgraduate,Moderate,Male
17,61,High,Medium,Yes,9,69,High,Yes,1,Medium,High,Public,Positive,3,No,High School,Far,Male
18,83,Low,Medium,No,8,100,Medium,Yes,1,Low,High,Private,Negative,2,No,High School,Near,Female
19,95,Medium,High,Yes,8,53,Medium,Yes,3,Low,Medium,Public,Positive,1,No,High School,Moderate,Female
27,61,High,Low,No,5,51,High,Yes,1,Low,Medium,Private,Positive,1,No,College,Far,Male
28,76,Low,Low,No,7,67,High,Yes,1,High,Low,Public,Negative,4,No,College,Near,Male
19,97,Low,Medium,Yes,8,98,Low,Yes,1,Medium,Medium,Public,Positive,3,No,College,Near,Female
27,74,Medium,High,No,6,51,High,Yes,2,Medium,Medium,Private,Positive,4,No,High School,Far,Male
22,78,Medium,Medium,Yes,8,61,Medium,Yes,2,High,Medium,Public,Positive,5,No,High School,Moderate,Male
20,99,Low,Medium,No,7,80,High,Yes,0,Medium,High,Public,Negative,3,No,Postgraduate,Near,Male
25,68,Low,Medium,No,6,62,Low,Yes,1,Low,High,Private,Negative,4,No,College,Moderate,Female
20,63,Low,Low,No,9,53,Low,Yes,1,Medium,Medium,Public,Positive,4,No,High School,Near,Male
32,94,Medium,High,Yes,9,53,Medium,Yes,1,Medium,Medium,Public,Neutral,3,No,High School,Near,Female
11,95,Medium,Medium,Yes,7,78,Low,Yes,4,Medium,Medium,Private,Negative,4,No,High School,Near,Female
17,79,High,High,Yes,8,78,Medium,Yes,2,High,Medium,Public,Positive,5,No,High School,Near,Female
19,81,Medium,Medium,Yes,9,85,Medium,Yes,1,Low,Medium,Public,Neutral,1,No,High School,Moderate,Male
23,93,High,Medium,No,6,57,Medium,Yes,1,High,Medium,Public,Positive,2,No,Postgraduate,Near,Female
28,90,High,Low,Yes,8,75,Medium,Yes,1,Low,High,Public,Neutral,3,Yes,High School,Moderate,Male
20,71,High,High,Yes,6,80,Medium,Yes,2,High,Low,Public,Positive,3,No,High School,Near,Male
11,61,Medium,Medium,Yes,5,61,Medium,Yes,3,Medium,High,Public,Neutral,0,Yes,Postgraduate,Near,Male
25,79,High,Medium,No,6,77,Low,No,2,Low,High,Public,Neutral,3,No,High School,Near,Male
25,94,High,High,No,5,85,High,Yes,1,Medium,Medium,Public,Neutral,2,No,College,Near,Female
8,96,Medium,Medium,Yes,8,100,High,Yes,1,High,Medium,Public,Negative,4,No,High School,Moderate,Male
20,98,Low,Medium,Yes,6,80,Low,Yes,4,Medium,Medium,Public,Positive,4,No,College,Near,Male
10,95,Medium,High,Yes,5,93,High,Yes,0,Low,High,Public,Positive,3,No,High School,Moderate,Male
16,83,Low,Medium,Yes,8,92,Low,Yes,2,High,High,Public,Positive,4,No,Postgraduate,Near,Female
15,78,Medium,High,No,8,97,Medium,Yes,1,Medium,Medium,Public,Neutral,4,No,Postgraduate,Near,Male
25,91,Medium,Low,No,7,86,Medium,Yes,0,Medium,Medium,Public,Neutral,5,No,High School,Near,Female
21,90,Medium,Medium,No,8,61,Medium,Yes,1,High,Medium,Public,Positive,4,No,Postgraduate,Moderate,Female
12,82,High,Low,No,6,65,Low,Yes,3,Medium,Medium,Private,Negative,3,No,High School,Near,Female
25,63,Medium,Low,No,6,89,High,Yes,1,Medium,High,Private,Neutral,4,No,High School,Moderate,Male
11,97,Medium,Medium,No,8,76,High,Yes,2,Medium,High,Public,Positive,2,No,High School,Moderate,Female
22,78,Medium,Low,No,9,63,High,Yes,2,Medium,High,Public,Neutral,4,No,High School,Near,Male
15,75,Medium,High,No,6,83,Low,Yes,1,High,Medium,Private,Negative,2,No,High School,Near,Female
18,85,Medium,High,Yes,6,95,High,Yes,2,Low,Low,Private,Positive,4,No,College,Near,Female
23,87,High,Low,No,8,68,Medium,Yes,0,High,High,Private,Neutral,3,No,College,Far,Male
23,68,Medium,Medium,Yes,8,80,Medium,Yes,1,Medium,Low,Public,Neutral,1,No,High School,Near,Female
28,93,Medium,Medium,No,7,79,High,Yes,0,Medium,Medium,Public,Positive,4,No,Postgraduate,Near,Male
20,72,Medium,Medium,Yes,9,56,Medium,Yes,4,High,Medium,Public,Negative,2,No,High School,Near,Male
22,67,High,High,Yes,10,55,Medium,Yes,1,Low,Medium,Public,Positive,2,No,High School,Moderate,Male
17,76,High,Medium,Yes,8,94,Medium,Yes,3,Medium,Medium,Public,Neutral,4,No,High School,Moderate,Female
21,89,Medium,Medium,No,6,97,Medium,No,1,Low,Medium,Private,Negative,3,No,Postgraduate,Far,Female
23,99,Medium,Medium,No,8,95,High,Yes,5,Medium,Medium,Public,Neutral,4,No,High School,Moderate,Female
19,92,High,Medium,No,6,70,High,Yes,2,Medium,Medium,Private,Negative,3,No,,Near,Female
9,98,High,Medium,Yes,9,64,Medium,Yes,1,Low,Medium,Private,Negative,3,No,High School,Near,Male
22,66,Medium,Medium,Yes,6,97,Low,Yes,0,High,Low,Public,Neutral,3,No,High School,Moderate,Female
22,63,Low,Low,Yes,7,94,Medium,Yes,0,Medium,,Public,Negative,3,Yes,High School,Far,Male
16,82,Medium,Medium,No,6,91,Medium,Yes,0,Low,Medium,Public,Positive,3,No,High School,Near,Female
12,72,Medium,Medium,No,7,67,Low,Yes,0,Low,Medium,Public,Positive,2,No,High School,Near,Female
29,93,Medium,High,No,7,82,Medium,Yes,5,Low,Medium,Public,Negative,3,No,High School,Moderate,Male
23,87,Low,Medium,No,8,88,High,Yes,2,Medium,High,Public,Neutral,3,No,High School,Near,Male
19,99,Low,Medium,No,7,79,Medium,Yes,2,Low,Medium,Private,Neutral,2,No,Postgraduate,Near,Male
13,70,Medium,Low,Yes,7,80,High,Yes,1,High,Medium,Public,Positive,4,No,College,Far,Female
15,79,High,Medium,Yes,6,88,Medium,Yes,3,High,Medium,Public,Neutral,3,No,Postgraduate,Moderate,Male
28,80,High,High,No,7,88,Medium,Yes,2,High,Medium,Public,Negative,2,No,High School,Near,Male
21,70,Medium,High,Yes,5,62,Medium,Yes,2,Low,High,Public,Neutral,2,No,,Near,Female
17,84,High,High,No,9,70,Medium,Yes,1,High,Medium,Public,Negative,4,No,High School,Near,Male
23,78,Medium,High,No,7,89,Medium,Yes,1,Medium,Low,Public,Neutral,3,No,High School,Far,Male
15,78,Medium,High,Yes,9,63,Medium,No,2,Medium,Medium,Private,Positive,3,No,Postgraduate,Far,Female
29,75,Low,Medium,Yes,7,96,Low,Yes,2,Low,,Public,Positive,3,No,High School,Moderate,Male
28,61,High,Medium,Yes,4,92,Low,Yes,1,Medium,High,Private,Neutral,4,No,College,Near,Female
17,81,High,Medium,No,6,95,High,Yes,2,Medium,Medium,Private,Positive,3,No,High School,Near,Male
16,73,High,High,Yes,7,65,Low,Yes,1,Medium,Medium,Private,Positive,4,No,College,Moderate,Male
4,60,Medium,Medium,Yes,7,55,Medium,Yes,2,Low,Medium,Private,Neutral,2,No,Postgraduate,Near,Male
11,72,High,Low,No,8,55,High,Yes,0,Medium,Low,Public,Neutral,3,Yes,College,,Male
12,71,High,High,Yes,7,78,High,Yes,3,Low,Medium,Public,Positive,4,No,College,Moderate,Female
21,76,Medium,Medium,Yes,6,65,Low,Yes,2,Low,High,Public,Negative,2,No,High School,Near,Female
18,65,High,Medium,Yes,6,63,High,Yes,1,Low,Medium,Public,Negative,2,No,High School,Far,Male
12,80,Medium,High,Yes,6,61,Medium,Yes,0,High,High,Private,Neutral,2,No,High School,Near,Male
18,88,High,High,No,8,78,Medium,Yes,0,Medium,Medium,Public,Neutral,2,No,College,Moderate,Male
23,85,Low,High,No,8,77,Medium,Yes,0,High,Medium,Public,Positive,4,No,College,Near,Male
23,92,Low,High,Yes,6,71,High,Yes,2,Low,Medium,Public,Positive,2,No,High School,Moderate,Male
9,78,High,Medium,No,9,57,Low,Yes,1,Low,High,Public,Positive,5,No,High School,Moderate,Female
19,81,Low,Medium,Yes,8,96,High,Yes,0,Medium,High,Public,Neutral,4,No,Postgraduate,Near,Male
12,92,Low,Medium,No,6,71,Low,Yes,0,Medium,High,Private,Negative,4,No,High School,Near,Male
25,77,Medium,High,No,7,56,Medium,Yes,1,Low,Medium,Public,Positive,3,No,Postgraduate,Near,Male
25,88,High,Medium,Yes,8,52,Low,Yes,1,Medium,Medium,Public,Positive,2,No,High School,Near,Male
15,77,Medium,Medium,Yes,5,58,Medium,Yes,1,Low,Medium,Public,Positive,3,No,College,Moderate,Female
15,77,High,Medium,Yes,5,65,Low,No,2,Low,Medium,Public,Positive,4,Yes,Postgraduate,Near,Male
17,90,High,Medium,No,8,82,Medium,Yes,0,Medium,High,Public,Neutral,4,No,College,Near,Male
6,67,Medium,Low,Yes,6,99,Low,Yes,0,Medium,Medium,Private,Neutral,2,No,College,Near,Male
22,74,Medium,High,Yes,9,64,High,Yes,3,Medium,Medium,Public,Neutral,3,No,High School,Near,Female
18,69,Low,Low,Yes,10,89,Low,Yes,2,Low,High,Public,Neutral,1,Yes,High School,Moderate,Male
26,74,Medium,Low,Yes,8,96,Medium,Yes,2,Medium,High,Private,Neutral,3,No,High School,Near,Female
13,69,Medium,Low,No,8,70,Medium,Yes,1,High,High,Private,Neutral,3,No,High School,Moderate,Male
16,83,Low,Medium,No,5,63,Low,Yes,2,High,Medium,Private,Positive,3,Yes,High School,Moderate,Female
11,92,Medium,Medium,No,5,75,Medium,Yes,2,Medium,Medium,Public,Negative,3,No,High School,Near,Female
14,91,Medium,Medium,Yes,7,95,Medium,Yes,2,High,High,Public,Positive,2,No,High School,Moderate,Male
13,75,High,High,Yes,5,51,Medium,Yes,3,Medium,Medium,Private,Negative,3,No,High School,Near,Female
26,100,Medium,High,Yes,7,74,High,Yes,1,Medium,Medium,Public,Neutral,2,No,High School,Near,Female
16,84,High,High,No,6,88,Low,Yes,1,Medium,Medium,Private,Negative,1,Yes,High School,Near,Male
21,76,Low,Medium,Yes,7,80,High,Yes,3,Low,Medium,Public,Negative,2,Yes,College,Near,Male
18,93,Low,High,No,7,75,High,Yes,1,High,Medium,Private,Positive,1,No,College,Moderate,Female
12,89,Medium,High,Yes,8,78,Low,Yes,4,Low,,Public,Neutral,5,No,Postgraduate,Near,Female
19,90,Low,High,No,7,81,Medium,Yes,2,Medium,Medium,Private,Positive,2,No,High School,Near,Female
24,68,High,Low,No,6,84,Medium,Yes,1,Low,High,Public,Positive,4,No,High School,Near,Female
13,79,Medium,Low,No,5,68,Medium,No,2,High,Medium,Private,Positive,3,No,High School,Near,Female
25,94,Medium,Low,Yes,7,76,Medium,Yes,1,Low,High,Private,Neutral,2,Yes,High School,Moderate,Female
15,80,Medium,High,Yes,4,64,Medium,Yes,1,Medium,Medium,Public,Neutral,1,No,High School,Near,Male
17,87,Medium,Medium,No,9,99,Medium,Yes,1,Medium,Low,Private,Neutral,3,No,High School,Moderate,Male
23,84,Medium,Medium,No,8,59,Low,Yes,1,Low,High,Public,Positive,4,Yes,Postgraduate,Far,Female
16,94,Low,Medium,Yes,8,58,Medium,Yes,2,Low,Medium,Public,Positive,3,Yes,College,Near,Male
20,71,Low,High,Yes,6,63,High,Yes,1,Low,Medium,Public,Positive,2,No,College,Moderate,Male
18,83,Medium,High,No,8,96,Low,Yes,0,Medium,High,Public,Positive,4,Yes,Postgraduate,Near,Female
21,65,Low,High,No,6,83,Medium,Yes,3,Low,High,Public,Neutral,5,No,High School,Near,Male
6,88,High,High,Yes,7,73,Medium,Yes,3,Low,Medium,Private,Neutral,3,No,College,Near,Male
9,89,Medium,Medium,Yes,6,96,Medium,Yes,0,High,Low,Public,Negative,4,No,High School,Near,Male
24,62,Low,Medium,No,7,95,Medium,Yes,1,High,Low,Public,Positive,3,No,College,Far,Female
26,87,Medium,High,No,5,70,Low,Yes,1,Low,Medium,Private,Positive,2,No,High School,Near,Female
15,77,Medium,High,Yes,7,78,Medium,Yes,0,Low,High,Public,Neutral,3,No,High School,Moderate,Male
19,65,Low,Medium,Yes,5,95,Medium,Yes,2,Medium,High,Private,Neutral,4,No,College,Near,Male
22,77,Low,Low,No,10,66,Medium,Yes,2,Low,Medium,Public,Positive,3,No,College,Moderate,Male
24,68,Medium,Low,Yes,7,70,Low,Yes,1,Low,Low,Public,Neutral,3,No,College,Near,Male
8,77,Medium,Low,Yes,7,90,Low,Yes,1,Medium,Medium,Public,Neutral,0,No,High School,Moderate,Male
15,75,High,Medium,No,8,85,Medium,Yes,1,Low,High,Public,Neutral,3,No,High School,Near,Male
18,90,High,Medium,Yes,5,52,Low,Yes,5,Medium,Medium,Private,Positive,3,Yes,High School,Moderate,Male
24,91,Low,High,Yes,6,56,Medium,Yes,1,Low,High,Public,Positive,2,No,College,Moderate,Male
35,84,Low,Medium,Yes,8,92,High,Yes,6,Low,High,Public,Negative,4,No,High School,Moderate,Male
19,61,Medium,Medium,No,7,51,Low,Yes,1,Low,High,Public,Neutral,1,No,High School,Near,Female
12,97,High,Low,Yes,6,96,Medium,Yes,2,Low,High,Public,Positive,2,No,Postgraduate,Near,Female
22,87,High,High,Yes,8,64,Medium,No,2,Medium,High,Public,Negative,3,No,High School,Moderate,Female
28,61,Low,Medium,Yes,7,80,Low,Yes,2,Medium,Medium,Public,Positive,4,No,Postgraduate,Near,Female
21,93,Medium,Medium,Yes,8,78,Medium,No,0,Low,Medium,Private,Neutral,3,No,High School,Near,Male
15,68,High,Medium,No,8,70,Medium,Yes,3,Medium,High,Public,Negative,3,No,High School,Near,Female
26,83,High,Low,No,6,52,Medium,Yes,0,Low,High,Public,Negative,3,No,High School,Near,Male
24,79,Low,Low,No,7,60,Low,Yes,0,Low,High,Public,Neutral,3,No,Postgraduate,Near,Female
14,77,Medium,Medium,Yes,4,81,Low,Yes,3,Medium,Medium,Private,Neutral,3,No,College,,Female
22,96,Medium,Medium,Yes,6,72,Low,Yes,1,High,Medium,Public,Positive,4,No,College,Near,Female
26,77,Low,Medium,Yes,7,71,High,Yes,3,High,Medium,Public,Neutral,3,No,High School,,Female
27,63,Medium,Medium,Yes,8,55,Low,Yes,1,Medium,Medium,Private,Neutral,3,No,Postgraduate,Near,Female
20,98,Low,High,Yes,8,67,Medium,Yes,0,High,Medium,Public,Positive,3,No,High School,Near,Female
18,97,High,High,Yes,6,76,Medium,Yes,0,Medium,High,Public,Neutral,5,No,High School,Moderate,Male
27,87,High,Medium,No,6,54,Medium,Yes,0,Medium,Medium,Private,Positive,2,No,High School,Near,Female
13,79,High,Medium,No,9,53,Medium,No,1,Medium,Medium,Private,Positive,2,No,College,Moderate,Male
23,64,Medium,Medium,No,7,75,Medium,Yes,2,Medium,High,Public,Positive,2,No,,Near,Female
12,92,Low,Low,Yes,7,78,High,Yes,3,Medium,High,Public,Negative,2,No,College,Near,Male
26,63,Medium,High,No,8,63,Low,Yes,1,High,High,Public,Neutral,3,No,Postgraduate,Near,Male
18,63,Medium,Medium,Yes,7,66,Low,Yes,2,Medium,Medium,Private,Negative,2,No,College,Near,Female
28,81,Medium,High,Yes,7,90,High,Yes,3,Medium,Medium,Private,Negative,3,No,High School,Moderate,Male
23,66,Medium,High,Yes,7,93,High,Yes,1,High,High,Public,Positive,1,No,High School,Near,Female
13,60,Medium,Medium,Yes,6,66,Medium,Yes,1,Medium,High,Public,Positive,5,Yes,College,Moderate,Male
29,77,Medium,Low,Yes,7,68,High,Yes,1,Medium,Medium,Public,Positive,3,No,High School,Far,Female
29,65,Low,Medium,Yes,4,92,Medium,No,0,Medium,Medium,Private,Positive,4,No,High School,Near,Female
25,66,Medium,Medium,Yes,6,99,Medium,Yes,2,Medium,Medium,Public,Positive,3,No,College,Near,Female
15,63,Medium,High,No,8,66,High,Yes,1,Low,Medium,Private,Negative,4,No,College,Near,Male
18,68,High,Low,Yes,8,89,Medium,Yes,0,Medium,Low,Public,Negative,3,No,College,Far,Male
21,89,Medium,Medium,Yes,9,74,High,Yes,3,Low,Medium,Private,Positive,4,No,High School,Moderate,Female
16,92,Low,High,Yes,8,63,Medium,Yes,2,Low,Medium,Public,Neutral,4,No,College,Moderate,Male
30,78,Medium,High,Yes,8,84,Medium,Yes,1,High,Low,Private,Negative,1,No,College,Near,Male
21,80,High,Low,No,7,73,Medium,Yes,0,Medium,Low,Private,Neutral,2,No,High School,Moderate,Female
4,61,Low,High,Yes,6,63,Medium,Yes,4,Medium,Medium,Public,Neutral,3,No,High School,Moderate,Male
22,63,High,Low,Yes,8,55,Medium,Yes,2,Medium,Medium,Private,Neutral,4,No,High School,Near,Male
18,70,Medium,High,No,7,93,Medium,Yes,0,Medium,High,Public,Positive,3,No,College,Near,Male
20,82,Medium,Medium,No,6,94,Medium,Yes,3,Low,Medium,Private,Positive,2,No,High School,Near,Male
18,90,High,High,Yes,6,54,Low,Yes,1,Medium,High,Public,Negative,3,No,High School,Near,Female
25,84,Medium,Medium,Yes,7,83,High,Yes,1,Low,Medium,Public,Positive,3,No,High School,Moderate,Male
27,76,Medium,Medium,No,9,58,Medium,Yes,1,Medium,Medium,Public,Positive,3,No,College,Near,Female
22,65,Low,Medium,No,7,82,Medium,Yes,2,Medium,High,Public,Positive,4,Yes,College,Near,Male
18,91,Low,Medium,No,7,95,Medium,Yes,2,Low,High,Public,Positive,2,No,Postgraduate,Near,Male
20,75,Medium,Medium,No,8,63,Medium,Yes,4,Medium,Low,Public,Neutral,3,No,Postgraduate,Near,Male
20,89,Medium,High,No,8,67,Medium,Yes,2,Low,High,Public,Neutral,2,Yes,College,Near,Male
15,81,Medium,High,Yes,7,90,High,Yes,1,Low,Medium,Private,Positive,2,No,Postgraduate,Far,Female
23,90,High,High,No,7,87,High,Yes,1,Low,Medium,Public,Neutral,2,No,High School,Near,Female
23,96,Medium,High,No,6,70,Medium,Yes,1,Medium,Medium,Public,Neutral,2,No,High School,Near,Male
29,97,Medium,High,Yes,9,92,Medium,Yes,2,Low,Medium,Public,Positive,4,No,High School,Moderate,Female
28,81,Medium,High,No,6,96,Medium,Yes,0,Medium,Medium,Public,Neutral,2,No,High School,Near,Male
16,80,Medium,Medium,No,9,73,Medium,Yes,2,Medium,Medium,Private,Negative,4,No,College,Near,Male
25,71,Medium,High,Yes,7,52,High,Yes,3,Low,Medium,Private,Neutral,3,No,High School,Near,Male
14,97,Medium,Medium,Yes,7,75,High,Yes,1,Medium,Medium,Public,Positive,4,No,College,Near,Female
24,78,High,High,Yes,8,87,Medium,Yes,2,Medium,Medium,Public,Neutral,3,No,High School,Near,Male
17,65,Medium,Medium,No,6,61,Medium,Yes,5,Low,Medium,Public,Positive,4,No,High School,Near,Female
14,77,Medium,Medium,No,8,55,High,Yes,2,High,High,Private,Neutral,4,No,High School,Near,Male
22,65,Medium,Medium,Yes,7,64,High,Yes,1,Medium,High,Private,Negative,2,No,High School,Moderate,Male
4,80,Low,Medium,Yes,8,51,Medium,Yes,4,Medium,High,Public,Negative,5,No,High School,Near,Male
9,82,High,Low,Yes,6,86,Medium,Yes,2,Low,High,Private,Negative,2,No,College,Far,Female
19,74,Medium,High,Yes,6,57,High,Yes,1,Medium,Medium,Private,Positive,2,No,High School,Near,Female
20,63,Medium,Medium,Yes,4,86,Low,Yes,0,High,Medium,Public,Neutral,3,No,College,Near,Male
18,98,High,Medium,Yes,6,62,Low,Yes,3,Medium,High,Public,Positive,3,No,High School,Far,Female
11,91,High,Low,Yes,6,100,Low,Yes,4,Low,Medium,Public,Negative,2,No,Postgraduate,Near,Male
15,94,Medium,Medium,Yes,6,77,Low,Yes,3,High,High,Private,Neutral,4,No,College,Near,Female
22,75,High,Medium,No,7,52,High,Yes,0,Low,Medium,Private,Neutral,3,No,College,Near,Female
23,90,Medium,Medium,No,7,89,Low,Yes,2,High,Medium,Public,Positive,4,No,College,Moderate,Female
20,79,Medium,Medium,Yes,8,71,Medium,Yes,1,Medium,High,Public,Neutral,3,No,College,Near,Female
27,68,Low,Low,Yes,8,80,High,Yes,3,Medium,Medium,Public,Positive,4,Yes,High School,Near,Male
22,65,Low,Medium,No,8,98,High,Yes,4,Medium,Medium,Private,Neutral,3,No,High School,Near,Female
16,74,Low,High,No,8,76,Medium,Yes,5,Low,Medium,Public,Negative,3,No,College,Moderate,Male
18,66,Medium,Medium,Yes,7,90,Medium,Yes,0,Medium,Medium,Public,Negative,4,No,Postgraduate,Near,Male
12,100,Low,Medium,Yes,7,65,Medium,Yes,1,Low,Medium,Private,Positive,2,No,High School,Near,Male
19,62,Medium,Medium,Yes,8,86,Low,Yes,1,High,Medium,Public,Positive,3,No,College,Near,Male
27,78,Medium,Medium,Yes,8,55,Low,Yes,3,High,Medium,Public,Neutral,2,No,Postgraduate,Moderate,Male
24,78,High,Medium,Yes,5,95,Low,Yes,1,Low,Medium,Private,Positive,2,No,College,Near,Male
28,72,Low,Medium,Yes,7,60,Medium,Yes,4,High,Medium,Public,Neutral,3,No,Postgraduate,Near,Male
18,83,Medium,High,No,4,65,Low,Yes,3,Low,Medium,Public,Positive,4,No,College,Moderate,Male
28,66,Medium,Low,Yes,4,98,Medium,Yes,0,Medium,High,Public,Positive,3,No,High School,Near,Female
19,91,Medium,Low,No,6,58,High,Yes,2,Low,High,Public,Positive,3,No,College,Moderate,Male
29,73,Low,Low,Yes,7,63,Medium,Yes,1,Low,Medium,Public,Negative,4,No,Postgraduate,Far,Female
20,84,High,Medium,Yes,6,79,Medium,Yes,3,Medium,Medium,Public,Negative,3,No,College,Moderate,Male
24,89,Medium,Low,No,4,99,High,Yes,1,High,High,Private,Positive,3,No,Postgraduate,Near,Male
29,96,High,Medium,No,8,85,Low,Yes,3,High,Medium,Public,Neutral,3,No,Postgraduate,Near,Male
19,93,Medium,High,Yes,6,56,Medium,Yes,0,Low,High,Private,Negative,3,No,College,Near,Male
21,84,High,Low,Yes,8,87,Low,Yes,2,High,Medium,Public,Positive,1,No,Postgraduate,Far,Female
28,76,Medium,Medium,Yes,6,71,Medium,Yes,3,Low,Medium,Private,Positive,2,No,High School,Far,Female
19,80,High,High,Yes,6,100,Medium,Yes,1,Medium,Medium,Public,Positive,3,No,High School,Near,Male
12,91,Medium,Low,Yes,8,81,Low,Yes,0,Low,Low,Public,Positive,4,No,High School,Moderate,Male
33,95,Low,Low,Yes,6,77,Low,Yes,2,High,High,Private,Positive,3,No,High School,Moderate,Female
17,64,Medium,Medium,Yes,7,78,High,Yes,1,Medium,Medium,Public,Positive,3,No,High School,Near,Male
21,75,Medium,Low,Yes,7,82,Medium,Yes,1,Medium,Medium,Public,Negative,4,No,High School,Near,Male
27,91,Low,High,No,5,87,Medium,No,0,Medium,Medium,Public,Negative,3,No,High School,Near,Female
16,77,Medium,Low,Yes,8,54,Medium,No,0,Medium,Medium,Public,Negative,3,No,Postgraduate,Near,Male
14,73,High,Medium,Yes,6,57,High,Yes,2,Medium,Medium,Public,Neutral,4,No,High School,Moderate,Female
22,76,Low,High,No,5,65,Low,Yes,0,Medium,High,Public,Neutral,3,No,High School,Far,Female
9,84,Medium,Medium,No,6,74,Medium,Yes,5,High,,Public,Neutral,2,No,High School,Near,Male
18,100,Medium,Low,Yes,8,66,High,No,3,Low,Medium,Public,Negative,3,No,College,Near,Male
21,80,Medium,Low,Yes,5,61,Medium,Yes,2,High,Medium,Public,Positive,3,No,High School,Near,Male
18,68,Low,High,No,8,96,Medium,Yes,1,High,Medium,Public,Neutral,3,No,High School,Moderate,Male
11,67,Medium,High,No,8,52,High,Yes,3,High,High,Public,Negative,3,No,College,Moderate,Female
30,62,Low,Low,Yes,7,97,Medium,Yes,0,High,Medium,Private,Neutral,5,No,College,Near,Female
21,82,Medium,High,No,7,95,High,Yes,1,High,Medium,Public,Negative,3,No,High School,Near,Male
29,82,Medium,High,No,7,84,Low,Yes,1,Low,Medium,Private,Positive,2,No,High School,Near,Male
18,68,High,High,Yes,8,52,High,Yes,0,High,High,Public,Positive,3,No,College,Near,Male
15,88,Low,Medium,Yes,6,61,Medium,Yes,0,High,Medium,Public,Neutral,4,Yes,Postgraduate,Far,Male
22,90,Low,High,No,5,99,Medium,Yes,1,Low,Low,Private,Positive,2,No,College,,Female
19,70,Medium,Medium,Yes,7,95,High,No,0,Medium,High,Private,Positive,3,No,College,Near,Female
13,74,Medium,High,Yes,8,98,High,Yes,1,High,High,Public,Negative,2,No,High School,Near,Male
29,100,Medium,Low,Yes,8,100,Low,Yes,0,Low,Medium,Private,Neutral,5,Yes,High School,Near,Male
16,75,High,Low,Yes,10,53,High,Yes,0,Low,Low,Public,Positive,4,No,College,Near,Female
9,90,High,High,Yes,7,79,Low,Yes,4,High,High,Public,Positive,4,No,High School,,Male
28,78,Medium,High,No,7,92,Low,Yes,1,Medium,High,Public,Positive,3,No,Postgraduate,Moderate,Female
17,92,Medium,Medium,No,7,66,Low,Yes,2,Low,,Public,Negative,3,No,High School,Near,Male
16,91,High,Medium,Yes,6,72,High,Yes,0,High,High,Public,Negative,2,No,Postgraduate,Near,Female
9,87,Low,Medium,Yes,6,64,Medium,Yes,1,High,Medium,Public,Neutral,2,No,High School,Near,Female
30,94,Medium,Low,No,5,52,Low,No,3,High,Medium,Private,Neutral,2,No,Postgraduate,Moderate,Female
12,98,Medium,Low,Yes,4,54,Medium,Yes,2,Medium,High,Private,Neutral,3,No,High School,Near,Female
20,83,Medium,Low,No,6,51,Low,Yes,2,Medium,Medium,Public,Neutral,4,No,High School,Moderate,Female
25,69,High,Medium,No,7,76,Medium,Yes,1,High,Medium,Public,Positive,2,No,High School,Near,Female
23,76,High,Medium,No,8,81,Medium,Yes,3,Low,High,Public,Positive,2,No,High School,Near,Female
20,90,Medium,Low,Yes,6,65,Low,Yes,3,Low,Medium,Public,Negative,2,No,Postgraduate,Near,Female
10,86,High,High,Yes,6,91,High,Yes,2,Low,Medium,Private,Positive,3,No,High School,Far,Female
15,67,Medium,Low,Yes,9,94,Medium,Yes,0,Medium,Medium,Public,Positive,4,No,Postgraduate,Near,Male
